"Date","Adair","Allen","Anderson","Ballard","Barren","Bath","Bell","Boone","Bourbon","Boyd","Boyle","Bracken","Breathitt","Breckinridge","Bullitt","Butler","Caldwell","Calloway","Campbell","Carlisle","Carroll","Carter","Casey","Christian","Clark","Clay","Clinton","Crittenden","Cumberland","Daviess","Edmonson","Elliott","Estill","Fayette","Fleming","Floyd","Franklin","Fulton","Gallatin","Garrard","Grant","Graves","Grayson","Green","Greenup","Hancock","Hardin","Harlan","Harrison","Hart","Henderson","Henry","Hickman","Hopkins","Jackson","Jefferson","Jessamine","Johnson","Kenton","Knott","Knox","Larue","Laurel","Lawrence","Lee","Leslie","Letcher","Lewis","Lincoln","Livingston","Logan","Lyon","Madison","Magoffin","Marion","Marshall","Martin","Mason","McCracken","McCreary","McLean","Meade","Menifee","Mercer","Metcalfe","Monroe","Montgomery","Morgan","Muhlenberg","Nelson","Nicholas","Ohio","Oldham","Owen","Owsley","Pendleton","Perry","Pike","Powell","Pulaski","Robertson","Rockcastle","Rowan","Russell","Scott","Shelby","Simpson","Spencer","Taylor","Todd","Trigg","Trimble","Union","Warren","Washington","Wayne","Webster","Whitley","Wolfe","Woodford"
2020-03-01,0,0,0,0,0,0,0,0,0,0,0,0,0,0,0,0,0,0,0,0,0,0,0,0,0,0,0,0,0,0,0,0,0,0,0,0,0,0,0,0,0,0,0,0,0,0,0,0,0,0,0,0,0,0,0,0,0,0,0,0,0,0,0,0,0,0,0,0,0,0,0,0,0,0,0,0,0,0,0,0,0,0,0,0,0,0,0,0,0,0,0,0,0,0,0,0,0,0,0,0,0,0,0,0,0,0,0,0,0,0,0,0,0,0,0,0,0,0,0,0
2020-03-02,0,0,0,0,0,0,0,0,0,0,0,0,0,0,0,0,0,0,0,0,0,0,0,0,0,0,0,0,0,0,0,0,0,0,0,0,0,0,0,0,0,0,0,0,0,0,0,0,0,0,0,0,0,0,0,0,0,0,0,0,0,0,0,0,0,0,0,0,0,0,0,0,0,0,0,0,0,0,0,0,0,0,0,0,0,0,0,0,0,0,0,0,0,0,0,0,0,0,0,0,0,0,0,0,0,0,0,0,0,0,0,0,0,0,0,0,0,0,0,0
2020-03-03,0,0,0,0,0,0,0,0,0,0,0,0,0,0,0,0,0,0,0,0,0,0,0,0,0,0,0,0,0,0,0,0,0,0,0,0,0,0,0,0,0,0,0,0,0,0,0,0,0,0,0,0,0,0,0,0,0,0,0,0,0,0,0,0,0,0,0,0,0,0,0,0,0,0,0,0,0,0,0,0,0,0,0,0,0,0,0,0,0,0,0,0,0,0,0,0,0,0,0,0,0,0,0,0,0,0,0,0,0,0,0,0,0,0,0,0,0,0,0,0
2020-03-04,0,0,0,0,0,0,0,0,0,0,0,0,0,0,0,0,0,0,0,0,0,0,0,0,0,0,0,0,0,0,0,0,0,0,0,0,0,0,0,0,0,0,0,0,0,0,0,0,0,0,0,0,0,0,0,0,0,0,0,0,0,0,0,0,0,0,0,0,0,0,0,0,0,0,0,0,0,0,0,0,0,0,0,0,0,0,0,0,0,0,0,0,0,0,0,0,0,0,0,0,0,0,0,0,0,0,0,0,0,0,0,0,0,0,0,0,0,0,0,0
2020-03-05,0,0,0,0,0,0,0,0,0,0,0,0,0,0,0,0,0,0,0,0,0,0,0,0,0,0,0,0,0,0,0,0,0,0,0,0,0,0,0,0,0,0,0,0,0,0,0,0,0,0,0,0,0,0,0,0,0,0,0,0,0,0,0,0,0,0,0,0,0,0,0,0,0,0,0,0,0,0,0,0,0,0,0,0,0,0,0,0,0,0,0,0,0,0,0,0,0,0,0,0,0,0,0,0,0,0,0,0,0,0,0,0,0,0,0,0,0,0,0,0
2020-03-06,0,0,0,0,0,0,0,0,0,0,0,0,0,0,0,0,0,0,0,0,0,0,0,0,0,0,0,0,0,0,0,0,0,1,0,0,0,0,0,0,0,0,0,0,0,0,0,0,0,0,0,0,0,0,0,0,0,0,0,0,0,0,0,0,0,0,0,0,0,0,0,0,0,0,0,0,0,0,0,0,0,0,0,0,0,0,0,0,0,0,0,0,0,0,0,0,0,0,0,0,0,0,0,0,0,0,0,0,0,0,0,0,0,0,0,0,0,0,0,0
2020-03-07,0,0,0,0,0,0,0,0,0,0,0,0,0,0,0,0,0,0,0,0,0,0,0,0,0,0,0,0,0,0,0,0,0,1,0,0,0,0,0,0,0,0,0,0,0,0,0,0,0,0,0,0,0,0,0,0,0,0,0,0,0,0,0,0,0,0,0,0,0,0,0,0,0,0,0,0,0,0,0,0,0,0,0,0,0,0,0,0,0,0,0,0,0,0,0,0,0,0,0,0,0,0,0,0,0,0,0,0,0,0,0,0,0,0,0,0,0,0,0,0
2020-03-08,0,0,0,0,0,0,0,0,0,0,0,0,0,0,0,0,0,0,0,0,0,0,0,0,0,0,0,0,0,0,0,0,0,1,0,0,0,0,0,0,0,0,0,0,0,0,0,0,0,0,0,0,0,0,0,0,0,0,0,0,0,0,0,0,0,0,0,0,0,0,0,0,0,0,0,0,0,0,0,0,0,0,0,0,0,0,0,0,0,0,0,0,0,0,0,0,0,0,0,0,0,0,0,0,0,0,0,0,0,0,0,0,0,0,0,0,0,0,0,0
2020-03-09,0,0,0,0,0,0,0,0,0,0,0,0,0,0,0,0,0,0,0,0,0,0,0,0,0,0,0,0,0,0,0,0,0,1,0,0,0,0,0,0,0,0,0,0,0,0,0,0,2,0,0,0,0,0,0,1,0,0,0,0,0,0,0,0,0,0,0,0,0,0,0,0,0,0,0,0,0,0,0,0,0,0,0,0,0,0,0,0,0,0,0,0,0,0,0,0,0,0,0,0,0,0,0,0,0,0,0,0,0,0,0,0,0,0,0,0,0,0,0,0
2020-03-10,0,0,0,0,0,0,0,0,0,0,0,0,0,0,0,0,0,0,0,0,0,0,0,0,0,0,0,0,0,0,0,0,0,2,0,0,0,0,0,0,0,0,0,0,0,0,0,0,2,0,0,0,0,0,0,1,0,0,0,0,0,0,0,0,0,0,0,0,0,0,0,0,0,0,0,0,0,0,0,0,0,0,0,0,0,0,0,0,0,0,0,0,0,0,0,0,0,0,0,0,0,0,0,0,0,0,0,0,0,0,0,0,0,0,0,0,0,0,0,0
2020-03-11,0,0,0,0,0,0,0,0,0,0,0,0,0,0,0,0,0,0,0,0,0,0,0,0,0,0,0,0,0,0,0,0,0,2,0,0,0,0,0,0,0,0,0,0,0,0,0,0,5,0,0,0,0,0,0,1,0,0,0,0,0,0,0,0,0,0,0,0,0,0,0,0,0,0,0,0,0,0,0,0,0,0,0,0,0,0,0,0,0,0,0,0,0,0,0,0,0,0,0,0,0,0,0,0,0,0,0,0,0,0,0,0,0,0,0,0,0,0,0,0
2020-03-12,0,0,0,0,0,0,0,0,0,0,0,0,0,0,0,0,0,0,0,0,0,0,0,0,0,0,0,0,0,0,0,0,0,3,0,0,0,0,0,0,0,0,0,0,0,0,0,0,5,0,0,0,0,0,0,2,0,0,0,0,0,0,0,0,0,0,0,0,0,0,0,0,0,0,0,0,0,0,0,0,0,0,0,0,0,0,0,0,0,0,0,0,0,0,0,0,0,0,0,0,0,0,0,0,0,0,0,0,0,0,0,0,0,0,0,0,0,0,0,0
2020-03-13,0,0,0,0,0,0,0,0,0,0,0,0,0,0,0,0,0,0,0,0,0,0,0,0,0,0,0,0,0,0,0,0,0,3,0,0,0,0,0,0,0,0,0,0,0,0,0,0,5,0,0,0,0,0,0,2,0,0,0,0,0,0,0,0,0,0,0,0,0,0,0,0,0,0,0,0,0,0,0,0,0,0,0,0,0,0,2,0,0,0,0,0,0,0,0,0,0,0,0,0,0,0,0,0,0,0,0,0,0,0,0,0,0,0,0,0,0,0,0,0
2020-03-14,0,0,0,0,0,0,0,0,0,0,0,0,0,0,0,0,0,0,0,0,0,0,0,0,0,0,0,0,0,0,0,0,0,3,0,0,0,0,0,0,0,0,0,0,0,0,0,0,6,0,0,0,0,0,0,4,0,0,0,0,0,0,0,0,0,0,0,0,0,0,0,0,0,0,0,0,0,0,0,0,0,0,0,0,0,0,2,0,0,1,0,0,0,0,0,0,0,0,0,0,0,0,0,0,0,0,0,0,0,0,0,0,0,0,0,0,0,0,0,0
2020-03-15,0,0,0,0,0,0,0,0,0,0,0,0,0,0,0,0,0,0,0,0,0,0,0,0,0,0,0,0,0,0,0,0,0,5,0,0,0,0,0,0,0,0,0,0,0,0,0,0,6,0,0,0,0,0,0,4,0,0,0,0,0,0,0,0,0,0,0,0,0,0,0,0,0,0,0,0,0,0,0,0,0,0,0,0,0,0,2,0,0,1,0,0,0,0,0,0,0,0,0,0,0,0,0,0,0,0,0,0,0,0,0,0,0,0,0,0,0,0,0,0
2020-03-16,0,0,0,0,0,0,0,0,1,0,0,0,0,0,0,0,0,0,0,0,0,0,0,0,1,0,0,0,0,0,0,0,0,5,0,0,0,0,0,0,0,0,0,0,0,0,0,0,6,0,0,0,0,0,0,6,0,0,0,0,0,0,0,0,0,0,0,0,0,0,0,0,0,0,0,0,0,0,0,0,0,0,0,0,0,0,1,0,0,1,0,0,0,0,0,0,0,0,0,0,0,0,0,0,0,0,0,0,0,0,0,0,0,0,0,0,0,0,0,0
2020-03-17,0,0,0,0,0,0,0,0,1,0,0,0,0,0,0,0,0,0,0,0,0,0,0,0,1,0,0,0,0,0,0,0,0,7,0,0,0,0,0,0,0,0,0,0,0,0,0,0,6,0,0,0,0,0,0,7,0,0,0,0,0,0,0,0,0,0,0,0,0,0,0,1,0,0,0,0,0,0,0,0,0,0,0,0,0,0,2,0,0,1,0,0,0,0,0,0,0,0,0,0,0,0,0,0,0,0,0,0,0,0,0,0,0,0,0,0,0,0,0,0
2020-03-18,0,0,0,0,0,0,0,0,1,0,0,0,0,0,0,0,0,0,0,0,0,0,0,0,1,0,0,0,0,0,0,0,0,8,0,0,0,0,0,0,0,0,0,0,0,0,0,0,6,0,0,0,0,0,0,8,0,0,0,0,0,0,0,0,0,0,0,0,0,0,0,1,0,0,0,0,0,0,0,0,0,0,0,0,0,0,2,0,0,1,0,0,0,0,0,0,0,0,0,0,0,0,0,0,0,0,0,0,0,0,0,0,0,0,0,0,0,0,0,0
2020-03-19,0,0,0,0,0,0,0,0,1,0,0,0,0,0,0,0,0,0,0,0,0,0,0,0,1,0,0,0,0,1,0,0,0,8,0,0,0,0,0,0,0,0,0,0,0,0,0,0,6,0,1,0,0,0,0,8,0,0,1,0,0,0,0,0,0,0,0,0,0,0,0,1,0,0,0,0,0,0,0,0,0,0,0,0,0,0,2,0,0,1,0,0,0,0,0,0,0,0,0,0,0,0,0,0,0,0,0,0,0,0,0,0,0,0,0,0,0,0,0,0
2020-03-20,0,0,1,0,0,0,0,0,2,0,0,0,0,0,0,0,0,1,0,0,0,0,0,1,2,0,0,0,0,1,0,0,0,10,0,0,1,0,0,0,0,0,0,0,0,0,1,0,7,0,2,0,0,0,0,25,0,0,1,0,0,0,0,0,0,0,0,0,0,0,0,1,0,0,0,0,0,0,0,0,0,0,0,0,0,0,2,0,0,1,0,0,1,0,0,0,0,0,0,2,0,0,0,0,0,0,0,0,0,0,0,0,0,2,0,0,0,0,0,0
2020-03-21,0,0,1,0,0,0,0,0,2,0,0,0,0,0,0,0,0,1,0,0,0,0,0,1,2,0,0,0,0,1,0,0,0,10,0,0,1,0,0,0,0,0,0,0,0,0,1,0,7,0,2,0,0,0,0,25,0,0,1,0,0,0,0,0,0,0,0,0,0,0,0,1,0,0,0,0,0,0,0,0,0,0,0,0,0,0,2,0,0,1,0,0,1,0,0,0,0,0,0,2,0,0,0,0,0,0,0,0,0,0,0,0,0,2,0,0,0,0,0,0
2020-03-22,0,0,1,0,0,0,0,0,2,0,0,0,0,0,0,0,0,1,0,0,0,0,0,1,2,0,0,0,0,1,0,0,0,10,0,0,1,0,0,0,0,0,0,0,0,0,1,0,7,0,2,0,0,0,0,25,0,0,1,0,0,0,0,0,0,0,0,0,0,0,0,1,0,0,0,0,0,0,0,0,0,0,0,0,0,0,2,0,0,1,0,0,1,0,0,0,0,0,0,2,0,0,0,0,0,0,0,0,0,0,0,0,0,2,0,0,0,0,0,0
2020-03-23,0,0,2,0,0,0,0,0,2,0,0,0,1,0,0,0,0,1,0,0,0,0,0,2,2,0,0,0,0,11,0,0,0,15,0,0,2,0,0,0,0,0,0,0,0,0,2,0,8,0,2,0,0,0,0,33,1,0,5,0,0,0,0,0,0,0,0,0,0,0,0,1,2,0,0,0,1,0,0,0,0,0,1,0,0,0,2,0,2,1,0,0,1,0,0,0,0,0,0,3,0,0,0,0,0,0,0,1,0,0,0,0,0,4,0,0,0,0,0,0
2020-03-24,0,0,2,0,0,0,0,1,2,0,0,0,1,0,0,0,0,1,1,0,0,0,0,2,2,0,0,0,0,11,0,0,0,15,0,0,2,0,0,0,0,0,0,0,0,0,2,0,8,0,2,0,0,0,0,33,1,0,5,0,0,0,1,0,0,0,0,0,0,0,1,1,2,0,0,0,1,0,1,0,0,0,1,0,0,0,2,0,2,1,0,0,1,0,0,0,0,0,0,3,0,0,0,0,1,0,1,1,0,0,0,0,0,4,0,0,1,0,0,0
2020-03-25,0,1,2,0,0,0,0,1,2,0,0,0,2,0,0,0,0,1,1,0,0,0,0,2,2,0,0,0,0,14,0,0,0,28,0,0,2,0,0,0,0,0,0,0,0,0,2,0,10,0,2,0,0,0,0,35,1,0,8,0,0,0,1,0,0,0,0,0,0,0,1,1,2,0,0,0,1,0,2,0,0,0,1,0,0,0,2,0,2,1,0,0,1,0,0,0,0,0,0,3,0,0,0,0,1,0,1,1,0,0,0,0,0,5,0,0,1,0,0,0
2020-03-26,0,1,2,0,0,0,0,1,2,0,0,0,2,0,0,0,0,1,1,0,0,0,0,2,2,0,0,0,0,14,0,0,0,28,0,0,2,0,0,0,0,0,0,0,0,0,2,0,10,0,2,0,0,0,0,35,1,0,8,0,0,0,1,0,0,0,0,0,0,0,1,1,2,0,0,0,1,0,2,0,0,0,1,0,0,0,2,0,2,1,0,0,1,0,0,0,0,0,0,3,0,0,0,0,1,0,1,1,0,0,0,0,0,5,0,0,1,0,0,0
2020-03-27,0,1,2,0,0,0,0,1,2,0,0,0,2,0,0,0,0,1,1,0,0,0,0,2,2,0,0,0,0,14,0,0,0,28,0,0,2,0,0,0,0,0,0,0,0,0,2,0,10,0,2,0,0,0,0,35,1,0,8,0,0,0,1,0,0,0,0,0,0,0,1,1,2,0,0,0,1,0,2,0,0,0,1,0,0,0,2,0,2,1,0,0,1,0,0,0,0,0,0,3,0,0,0,0,1,0,1,1,0,0,0,0,0,5,0,0,1,0,0,0
2020-03-28,0,1,2,0,0,0,0,5,2,0,0,0,2,0,0,0,0,1,3,0,0,0,0,2,2,0,0,0,0,20,0,0,0,28,0,0,2,0,0,0,0,0,0,0,0,1,2,0,10,0,3,0,0,0,0,103,1,0,12,0,0,0,1,0,0,0,0,0,0,0,1,1,2,0,0,0,1,0,2,0,1,0,1,0,0,0,2,0,2,1,0,0,1,0,0,0,0,0,0,3,0,0,0,0,1,0,1,1,0,0,0,0,0,5,0,0,1,0,0,0
2020-03-29,0,1,2,0,1,0,0,5,2,0,1,1,2,2,2,1,0,2,4,0,1,0,0,6,6,0,0,0,0,27,0,0,0,67,0,1,6,0,0,0,1,0,2,0,0,1,5,0,11,0,3,0,0,11,0,97,10,0,17,0,0,1,2,0,0,0,0,0,0,0,2,1,7,0,0,0,2,1,3,1,1,0,2,2,0,0,2,0,4,2,1,0,3,0,0,0,0,0,0,7,0,0,0,0,5,1,2,2,0,0,0,0,1,9,1,1,2,0,0,3
2020-03-30,0,1,2,0,1,0,0,5,2,0,1,1,2,2,2,1,0,3,4,0,1,0,0,6,6,0,0,0,0,27,0,0,0,82,0,1,6,0,0,0,1,0,2,0,0,1,5,0,11,0,3,0,0,17,0,116,11,0,19,0,0,1,2,0,0,0,0,0,0,0,2,1,8,0,0,0,2,1,5,1,1,0,2,2,0,0,2,0,7,3,1,0,3,0,0,0,0,0,0,7,0,0,0,0,6,1,4,2,0,0,0,0,1,12,1,1,2,0,0,3
2020-03-31,0,2,2,0,1,0,0,8,2,4,4,1,2,2,6,1,0,3,8,0,2,0,0,7,8,0,0,0,0,34,2,0,0,110,0,0,6,0,0,0,1,0,2,0,0,1,6,0,11,0,5,0,0,17,0,206,13,0,20,0,0,1,2,1,0,0,0,1,0,0,3,1,10,0,1,1,1,1,8,1,1,0,2,2,0,0,2,0,10,3,1,0,6,0,0,1,0,0,1,8,0,1,0,0,6,2,9,2,2,0,0,0,2,13,1,3,2,0,0,5
2020-04-01,0,2,2,0,1,0,0,8,2,4,4,1,2,2,6,1,0,3,8,0,2,0,0,7,8,0,0,0,0,34,2,0,0,110,0,0,6,0,0,0,1,0,2,0,0,1,6,0,11,0,5,0,0,17,0,206,13,0,20,0,0,1,2,1,0,0,0,1,0,0,3,1,10,0,1,1,1,1,8,1,1,0,2,2,0,0,2,0,10,3,1,0,6,0,0,1,0,0,1,8,0,1,0,0,6,2,9,2,2,0,0,0,2,13,1,3,2,0,0,5
2020-04-02,0,2,2,0,1,0,0,8,2,4,4,1,2,2,6,1,0,3,8,0,2,0,0,7,8,0,0,0,0,34,2,0,0,116,0,0,6,0,0,0,1,0,2,0,0,1,6,0,11,0,5,0,0,27,0,228,13,0,25,0,0,1,2,1,0,0,0,1,0,0,3,1,10,0,1,1,1,1,8,1,1,0,2,2,0,0,2,0,10,3,1,0,6,0,0,1,0,0,1,8,0,1,0,0,6,2,9,2,2,0,0,0,2,13,1,3,2,0,0,5
2020-04-03,0,2,2,0,1,0,0,8,2,4,4,1,2,2,6,1,0,3,8,0,2,0,0,7,8,0,0,0,0,34,2,0,0,116,0,0,6,0,0,0,1,0,2,0,0,1,6,0,11,0,5,0,0,27,0,228,13,0,25,0,0,1,2,1,0,0,0,1,0,0,3,1,10,0,1,1,1,1,8,1,1,0,2,2,0,0,2,0,10,3,1,0,6,0,0,1,0,0,1,8,0,1,0,0,6,2,9,2,2,0,0,0,2,13,1,3,2,0,0,5
2020-04-04,3,2,3,0,1,1,0,11,4,13,7,1,1,0,11,1,3,5,12,0,2,1,0,23,11,0,1,1,1,55,5,0,0,120,0,0,7,0,0,0,2,2,2,0,1,1,9,0,11,0,6,2,0,33,0,299,15,1,33,0,0,3,2,1,0,0,0,2,0,0,4,4,11,0,3,2,1,2,10,1,1,2,3,3,0,0,5,0,0,4,1,1,6,0,0,1,3,1,1,12,0,1,0,1,12,7,13,2,2,0,0,0,2,18,2,4,3,0,0,8
2020-04-05,3,2,3,0,0,1,0,12,4,13,7,1,1,2,11,1,2,5,12,0,2,1,0,30,11,0,1,1,1,55,5,0,0,122,0,0,7,0,0,0,2,2,2,0,1,1,9,0,12,0,6,2,0,34,0,304,16,1,33,0,0,3,2,1,0,0,0,2,0,0,4,4,11,0,3,3,1,2,13,1,1,2,3,4,0,0,5,0,0,4,1,1,7,0,0,2,3,1,1,13,0,2,0,1,14,7,13,2,2,0,0,0,2,21,2,4,3,0,0,9
2020-04-06,3,2,3,0,0,1,0,12,4,13,7,1,1,2,11,1,2,5,12,0,2,1,0,30,11,0,1,1,1,55,5,0,0,122,0,0,7,0,0,0,2,2,2,0,1,1,9,0,12,0,6,2,0,34,0,304,16,1,33,0,0,3,2,1,0,0,0,2,0,0,4,4,11,0,3,3,1,2,13,1,1,2,3,4,0,0,5,0,0,4,1,1,7,0,0,2,3,1,1,13,0,2,0,1,14,7,13,2,2,0,0,0,2,21,2,4,3,0,0,9
2020-04-07,3,2,3,0,1,1,0,21,4,15,7,1,1,2,11,1,2,5,13,0,2,1,0,32,11,0,1,2,1,58,5,0,0,123,0,0,7,0,0,0,2,2,2,0,2,1,9,0,12,0,6,2,0,36,0,319,16,1,36,0,0,3,2,1,0,1,0,2,0,0,4,4,12,0,3,5,1,2,13,1,1,2,3,4,0,0,6,0,27,4,1,1,8,0,0,2,3,1,1,13,0,4,0,1,14,8,13,2,2,0,0,0,2,21,2,4,3,0,0,8
2020-04-08,3,2,3,0,1,1,0,21,4,15,7,1,1,2,11,1,2,5,13,0,2,1,0,32,11,0,1,2,1,58,5,0,0,123,0,0,7,0,0,0,2,2,2,0,2,1,9,0,12,0,6,2,0,36,0,319,16,1,36,0,0,3,2,1,0,1,0,2,0,0,4,4,12,0,3,5,1,2,13,1,1,2,3,4,0,0,6,0,27,4,1,1,8,0,0,2,3,1,1,13,0,4,0,1,14,8,13,2,2,0,0,0,2,21,2,4,3,0,0,8
2020-04-09,6,3,3,1,1,1,0,23,4,17,9,1,1,3,14,2,5,8,29,0,2,1,0,45,11,0,1,3,1,61,5,0,0,148,0,0,10,0,0,0,3,5,2,1,2,2,9,0,14,1,9,3,0,57,3,380,18,1,54,0,0,3,5,1,0,1,1,2,0,0,5,6,14,0,4,8,1,3,16,3,2,2,3,4,0,2,7,0,26,7,1,4,11,0,0,3,3,1,1,26,0,6,0,4,15,11,14,3,3,3,0,0,3,24,3,4,3,1,0,9
2020-04-10,6,3,3,1,1,1,0,23,4,17,9,1,1,3,14,2,5,8,29,0,2,1,0,45,11,0,1,3,1,79,5,0,0,148,0,0,10,0,0,0,3,5,2,1,2,2,9,0,14,1,23,3,0,57,3,380,18,1,54,0,0,3,5,1,0,1,1,2,0,0,5,6,14,0,4,8,1,3,16,3,5,2,3,4,0,2,7,0,26,7,1,8,11,0,0,3,3,1,1,26,0,6,0,4,15,11,14,3,3,3,0,0,3,24,3,4,7,1,0,9
2020-04-11,6,3,3,1,1,1,0,23,4,17,9,1,1,3,14,2,5,8,29,0,2,1,0,45,11,0,1,3,1,79,5,0,0,148,0,0,10,0,0,0,3,5,2,1,2,2,9,0,14,1,23,3,0,57,3,380,18,1,54,0,0,3,5,1,0,1,1,2,0,0,5,6,14,0,4,8,1,3,16,3,5,2,3,4,0,2,7,0,26,7,1,8,11,0,0,3,3,1,1,26,0,6,0,4,15,11,14,3,3,3,0,0,3,24,3,4,7,1,0,9
2020-04-12,11,4,3,1,5,2,0,48,4,26,13,6,2,3,27,11,10,14,47,0,2,1,0,62,17,0,3,3,3,81,6,0,0,179,1,1,10,0,1,0,13,9,4,2,5,2,21,0,14,1,29,4,0,87,5,495,26,1,91,1,1,3,9,1,0,1,1,2,1,0,5,12,18,0,11,11,4,5,21,8,7,2,3,9,0,2,8,0,28,10,1,8,16,0,0,3,3,4,2,33,0,8,1,8,22,18,17,6,3,6,0,2,5,49,3,4,8,4,0,17
2020-04-13,11,4,3,1,5,2,0,48,4,26,13,6,2,3,27,11,10,14,47,0,2,1,0,62,17,0,3,3,3,81,6,0,0,179,1,1,10,0,1,0,13,9,4,2,5,2,21,0,14,1,29,4,0,87,5,550,26,1,91,1,1,3,9,1,0,1,1,2,1,0,5,12,18,0,11,11,4,5,21,8,7,2,3,9,0,2,8,0,28,10,1,8,16,0,0,3,3,4,2,33,0,8,1,8,22,18,17,6,3,6,0,2,5,49,3,4,8,4,0,17
2020-04-14,43,2,3,2,5,3,0,58,4,23,14,5,3,3,34,22,9,16,45,0,2,3,0,69,18,0,2,3,2,87,6,0,0,197,2,1,11,0,1,0,14,13,5,1,5,2,24,0,15,1,23,4,0,87,12,531,28,1,99,1,1,3,9,1,0,1,1,2,1,0,5,12,20,0,10,11,1,5,23,7,6,2,3,9,0,2,8,1,45,13,1,8,18,0,2,3,4,5,1,31,0,9,1,7,26,18,16,6,4,7,4,1,5,47,3,4,7,5,0,16
2020-04-15,43,2,4,2,5,3,0,56,4,24,12,5,1,3,30,24,10,15,47,0,2,3,1,71,18,0,2,3,2,89,7,0,0,206,2,0,11,0,1,1,14,16,5,1,7,1,25,0,14,1,20,3,0,91,23,573,29,1,106,1,1,4,11,1,0,2,1,2,1,1,10,13,21,0,11,12,1,6,24,9,6,2,3,9,0,3,8,1,47,13,1,7,19,0,2,3,4,5,1,31,0,9,1,8,21,19,17,9,4,8,4,1,5,52,3,5,9,5,0,16
2020-04-16,45,3,5,4,6,3,0,67,7,27,12,7,1,4,31,27,10,22,53,0,2,5,1,72,18,0,2,3,2,106,7,0,0,209,2,4,11,0,1,3,16,24,6,1,11,6,27,0,14,1,26,3,0,97,37,600,30,1,112,1,3,4,12,1,0,2,1,2,3,1,9,13,21,0,12,12,2,6,28,9,7,2,3,9,0,3,9,1,55,14,1,9,22,0,2,5,4,6,1,33,0,11,1,12,21,21,19,8,4,10,4,1,6,71,3,6,11,7,0,20
2020-04-17,45,4,5,3,6,3,0,73,5,29,13,7,1,5,31,51,11,22,55,0,2,4,1,78,18,0,2,3,2,105,7,0,0,210,2,4,12,0,1,3,16,28,8,1,10,5,29,0,16,1,25,3,0,104,43,599,31,1,121,2,4,5,13,1,0,2,1,2,4,1,8,13,21,0,13,12,2,6,27,9,7,2,3,9,0,3,9,1,54,13,1,9,23,0,2,5,4,6,1,34,0,11,2,11,22,22,20,8,4,9,4,2,6,71,3,6,12,8,0,18
2020-04-18,47,4,7,3,6,3,0,74,7,29,13,7,2,6,31,62,11,21,55,0,2,4,1,79,18,0,2,3,2,109,7,0,0,218,2,4,21,0,1,1,16,41,8,1,10,6,29,0,16,1,28,3,0,109,43,689,33,1,128,3,4,5,13,1,0,2,1,2,4,1,8,13,21,0,13,12,2,6,29,9,7,2,3,9,0,3,9,1,58,13,1,13,23,0,2,5,4,6,1,35,0,11,2,12,23,23,21,8,5,11,4,2,8,87,3,6,13,8,0,19
2020-04-19,53,4,6,4,6,3,0,81,7,29,13,7,1,6,33,73,11,21,56,0,2,4,1,79,18,1,2,3,3,125,7,0,0,219,2,4,13,1,1,1,16,51,14,1,10,6,29,0,16,1,28,4,0,111,55,814,32,1,149,3,5,5,13,1,0,2,1,3,4,1,8,13,21,0,13,12,2,6,29,10,8,3,3,9,0,3,9,1,75,13,1,17,22,0,2,5,4,6,1,35,0,11,1,15,23,23,21,9,5,9,4,2,8,95,3,6,13,8,0,18
2020-04-20,54,4,6,4,6,3,0,81,7,29,13,7,1,6,33,72,11,21,58,0,2,4,1,79,18,1,2,3,3,130,7,0,0,219,2,4,13,1,1,1,16,63,16,1,10,6,29,0,16,2,33,4,0,112,57,867,32,1,156,3,5,5,13,1,0,2,1,3,4,1,8,13,21,0,13,14,2,6,29,10,8,3,3,9,0,3,9,1,76,13,1,17,22,0,2,5,4,6,1,35,0,11,1,15,22,22,21,9,4,9,4,2,8,101,3,6,13,8,0,18
2020-04-21,54,4,7,4,7,3,0,86,7,29,13,7,1,6,33,74,12,22,60,0,2,4,1,79,19,1,2,3,3,130,7,0,0,219,2,4,13,1,1,1,17,68,16,1,10,6,30,0,16,2,36,4,0,144,57,925,32,1,169,3,5,5,14,1,0,2,1,3,4,1,8,14,21,0,13,16,3,6,30,10,8,3,3,10,0,3,9,1,76,13,1,17,24,0,2,5,5,6,1,36,0,11,2,16,22,24,22,9,4,9,4,2,8,112,3,6,13,8,0,18
2020-04-22,60,5,7,4,8,3,0,93,6,30,13,7,2,6,34,91,12,22,64,0,2,4,1,86,19,1,2,3,4,134,7,0,0,223,2,4,14,1,1,1,19,84,23,1,10,6,32,0,17,2,40,3,1,150,57,954,31,1,179,4,5,5,14,1,0,2,1,3,4,1,8,14,23,0,13,20,3,6,30,11,9,3,3,11,0,3,9,1,74,14,1,25,24,0,2,5,5,6,1,38,0,11,2,16,22,23,22,9,4,9,4,2,8,131,3,7,16,10,0,19
2020-04-23,63,5,7,4,8,3,0,94,6,30,13,7,2,6,36,92,12,24,64,1,2,4,1,86,19,1,2,3,4,133,7,0,0,223,2,4,14,1,1,1,18,84,25,1,10,6,32,0,17,2,40,3,2,157,58,1008,31,1,214,4,5,5,13,1,0,2,1,3,4,1,8,14,23,0,13,23,3,6,30,11,9,3,3,11,0,3,9,1,72,14,1,26,24,0,2,5,3,6,1,38,0,11,2,16,22,23,22,9,4,9,4,2,8,130,4,6,16,10,0,19
2020-04-24,80,6,7,5,9,3,0,98,7,31,17,7,2,7,40,98,13,26,70,1,2,4,1,85,19,1,2,3,4,145,11,0,0,226,2,6,15,1,1,1,18,89,37,1,10,6,32,0,18,2,44,3,2,170,58,1121,31,1,223,3,5,5,13,1,0,2,1,3,4,1,8,14,26,0,13,23,3,6,31,11,10,4,3,11,0,3,10,1,91,17,1,34,24,0,3,5,3,8,1,39,0,11,2,16,23,26,22,9,5,10,4,2,8,165,4,6,16,10,0,19
2020-04-25,83,7,7,5,13,4,0,103,7,33,17,7,2,7,43,103,13,29,73,1,2,4,1,85,19,1,2,3,4,147,13,0,0,235,2,6,15,1,1,2,18,109,42,1,11,6,34,0,18,2,45,4,2,174,58,1121,32,1,226,3,5,5,14,1,0,2,1,3,4,1,8,14,27,0,14,27,3,6,34,11,11,6,3,11,0,3,10,1,96,17,1,38,24,0,3,5,6,8,1,41,0,11,2,16,23,26,23,10,6,10,5,2,8,184,5,6,19,10,0,19
2020-04-26,83,7,8,7,13,4,0,113,7,33,17,7,2,8,48,104,13,31,79,1,2,4,1,85,19,1,2,3,5,154,15,0,0,238,2,10,16,1,1,2,18,114,60,1,11,6,35,0,18,2,45,6,1,183,60,1120,34,2,227,3,5,5,14,1,0,2,2,3,4,1,8,14,29,0,15,31,3,6,43,11,12,7,3,11,0,4,10,1,111,19,1,38,27,0,3,5,6,9,1,41,0,11,2,16,25,28,24,10,6,11,5,3,8,219,5,6,20,11,0,19
2020-04-27,77,8,8,7,15,4,0,116,7,33,17,7,2,8,50,103,13,31,81,2,2,4,1,86,19,1,2,3,5,157,17,0,0,239,2,10,16,1,1,2,18,119,60,1,11,6,37,0,17,2,49,6,1,187,60,1140,34,2,230,3,6,5,14,1,0,2,2,3,4,4,8,14,29,0,16,33,3,6,44,11,12,9,3,11,0,4,10,1,111,19,1,38,27,0,2,6,6,9,1,41,0,11,2,16,24,28,24,10,6,11,5,3,8,234,5,6,19,11,0,19
2020-04-28,79,9,8,9,15,4,0,125,7,33,17,7,2,8,51,113,13,31,85,2,2,5,1,86,19,1,3,4,5,169,17,0,0,242,2,12,16,1,1,2,20,122,60,1,11,6,37,0,17,2,58,6,1,191,59,1224,37,3,247,3,6,5,14,1,0,2,2,3,5,4,8,13,29,0,16,34,3,6,48,11,12,11,3,11,0,4,11,1,114,20,1,40,28,1,2,6,6,11,1,43,0,11,2,16,24,28,24,10,8,12,8,3,8,263,5,7,21,11,0,17
2020-04-29,79,12,8,9,16,4,0,125,7,33,17,7,2,9,51,114,13,31,86,2,2,5,1,86,20,1,3,4,5,182,19,0,0,246,2,13,16,1,1,2,20,124,62,1,11,6,37,0,17,3,58,6,1,192,59,1281,40,3,248,3,6,5,15,1,0,2,2,3,5,4,8,13,29,0,16,34,3,6,48,11,13,11,3,11,1,5,11,1,116,21,1,40,29,1,2,6,6,11,1,43,0,11,2,16,24,28,27,12,8,12,9,3,8,313,5,9,21,11,0,18
2020-04-30,81,13,8,9,17,4,0,138,8,31,17,7,2,9,53,116,13,34,89,2,2,5,1,86,21,1,3,4,5,188,26,0,0,248,2,13,16,2,1,2,21,131,65,1,11,6,40,0,17,3,58,6,1,196,59,1307,41,3,276,4,6,5,17,1,0,4,2,3,5,4,10,13,28,0,16,34,3,6,55,11,15,12,3,11,1,5,11,1,123,22,1,39,29,1,2,6,12,11,1,43,0,11,2,16,24,30,27,13,8,12,9,3,8,332,5,9,22,11,0,18
2020-05-01,81,14,8,10,17,4,0,144,8,31,17,9,2,9,55,141,13,34,92,2,2,5,1,88,21,1,3,4,5,194,26,0,0,254,2,14,16,2,1,2,21,137,69,1,11,6,44,0,17,4,62,6,1,201,59,1352,41,3,286,4,6,5,17,1,0,4,2,3,5,5,11,13,29,0,17,34,3,6,58,11,15,12,3,11,1,5,12,1,125,23,1,49,32,1,2,6,13,13,1,43,0,11,2,16,24,30,28,13,8,12,9,3,8,344,5,9,22,11,0,18
2020-05-02,81,14,8,10,17,4,0,144,8,31,17,9,2,9,55,141,12,34,92,2,2,5,1,88,21,1,3,4,5,194,26,0,0,254,2,14,16,2,1,2,21,137,69,1,11,6,44,0,17,4,62,6,1,201,59,1352,40,3,286,4,6,5,17,1,0,4,2,3,5,5,11,13,29,0,17,34,3,6,58,11,15,12,3,11,1,5,12,1,125,23,1,49,32,1,2,5,13,13,1,43,0,10,2,16,24,30,28,13,8,12,9,3,8,344,5,7,22,11,0,18
2020-05-03,81,14,9,10,18,4,0,170,8,31,17,9,2,9,56,143,12,35,95,2,2,6,1,90,20,1,3,4,5,217,26,0,0,287,2,12,17,2,1,2,25,138,79,1,12,6,48,0,17,4,65,8,1,206,59,1403,40,3,308,4,6,5,17,1,0,4,3,3,5,6,13,13,29,0,17,34,3,6,59,11,16,14,3,11,1,6,12,1,132,24,1,51,33,1,2,5,14,13,1,43,0,10,2,16,24,32,29,13,8,12,9,3,8,369,5,7,23,11,0,18
2020-05-04,81,14,9,8,20,4,0,171,9,31,17,9,2,9,56,167,12,35,97,2,2,6,1,90,20,1,3,4,5,223,26,0,0,295,2,12,17,1,1,2,25,141,84,1,12,6,49,0,18,6,67,8,4,203,59,1419,40,3,317,4,6,5,17,1,0,4,3,3,5,6,14,13,30,0,17,33,3,6,62,11,16,15,3,11,1,6,11,1,132,24,1,53,33,1,2,5,14,13,1,43,0,11,2,16,24,31,28,14,8,12,9,3,8,400,5,8,24,11,0,18
2020-05-05,81,16,9,8,22,4,0,191,8,31,17,9,2,9,68,181,12,35,103,2,2,6,1,91,20,1,3,4,5,242,36,0,0,298,2,12,16,1,1,2,26,143,91,1,12,6,52,0,18,8,73,8,5,204,60,1497,40,3,340,4,8,5,19,1,0,4,3,3,5,6,15,13,31,0,17,33,3,6,63,11,16,15,3,11,1,6,11,1,442,24,1,62,36,1,2,5,14,13,1,43,0,12,2,17,25,33,31,15,8,13,9,3,9,426,5,8,25,11,0,17
2020-05-06,82,19,9,8,22,4,0,196,8,31,16,9,2,11,72,183,12,35,107,2,2,6,1,92,20,1,3,4,5,247,38,0,0,306,2,12,16,1,1,2,27,142,90,1,12,6,55,0,18,8,72,8,5,211,60,1535,40,3,353,4,6,6,20,1,0,4,3,3,6,6,15,13,31,0,17,33,3,6,65,11,16,17,3,10,1,6,11,1,446,24,1,62,35,1,2,5,14,14,1,43,0,13,2,17,24,34,31,16,8,13,9,3,10,447,5,8,26,11,0,17
2020-05-07,84,25,9,8,24,4,0,197,8,32,16,10,2,11,74,188,12,35,110,2,2,6,1,92,20,1,3,4,5,258,41,0,0,328,2,13,16,1,1,2,27,145,93,1,12,6,56,1,18,8,75,8,5,212,60,1578,40,4,360,4,6,6,20,1,0,4,3,3,6,6,24,13,33,0,17,33,3,6,68,11,16,17,3,10,2,6,11,1,446,28,1,65,36,1,2,5,14,15,1,43,0,13,2,17,32,35,32,16,9,13,9,3,10,486,5,8,27,11,0,17
2020-05-08,84,25,9,8,24,4,0,203,8,32,16,10,2,13,79,192,12,36,114,3,2,6,1,93,20,2,3,4,5,260,45,0,0,342,2,15,16,1,1,3,29,146,93,1,12,6,61,1,18,8,75,8,5,213,56,1610,41,4,372,4,6,6,21,1,0,5,3,5,5,6,35,14,33,0,17,33,3,6,68,11,16,18,3,11,2,6,11,1,452,29,1,65,37,1,2,5,14,15,1,43,0,13,3,18,32,44,32,16,9,13,9,3,10,512,5,8,26,11,0,17
2020-05-09,86,25,9,8,28,5,0,210,8,32,17,10,2,13,82,195,12,37,115,3,2,6,1,93,20,2,3,4,5,260,45,0,0,368,1,15,17,1,1,3,30,148,95,1,12,6,61,1,19,8,77,9,5,214,56,1642,46,5,383,4,7,6,22,1,0,5,3,5,5,6,46,14,34,0,17,34,3,7,69,12,16,18,3,11,2,6,11,1,453,30,1,68,38,1,2,5,14,15,1,43,0,13,3,18,32,49,32,16,9,14,9,3,10,530,5,8,26,11,0,17
2020-05-10,86,25,9,8,28,5,0,210,8,32,17,10,2,13,82,195,12,37,115,3,2,6,1,93,20,2,3,4,5,260,45,0,0,368,1,15,17,1,1,3,30,148,95,1,12,6,61,1,19,8,77,9,5,214,56,1642,46,5,383,4,7,6,22,1,0,5,3,5,5,6,46,14,34,0,17,34,3,7,69,12,16,18,3,11,2,6,11,1,453,30,1,68,38,1,2,5,14,15,1,43,0,13,3,18,32,49,32,16,9,14,9,3,10,530,5,8,26,11,0,17
2020-05-11,88,29,9,8,28,6,0,232,8,33,17,9,2,13,83,201,12,40,118,3,2,6,1,95,20,2,3,4,5,270,45,0,0,392,1,15,17,1,1,3,31,149,98,1,13,6,61,1,19,8,80,10,5,214,56,1691,47,5,401,4,7,6,21,1,0,5,3,6,5,6,57,14,34,0,17,34,3,7,72,13,17,18,3,11,2,6,11,1,457,31,1,72,37,1,2,6,16,15,1,44,0,13,6,18,32,52,32,17,9,15,9,3,10,573,5,8,29,12,0,18
2020-05-12,88,30,10,8,30,7,0,238,8,37,17,9,2,13,86,200,12,43,120,3,2,7,1,95,20,2,3,4,5,274,45,0,0,409,1,15,18,1,1,4,31,149,99,1,13,6,63,1,19,9,80,10,5,214,56,1713,49,5,408,4,7,6,21,1,0,5,3,6,5,7,69,14,35,0,17,34,3,7,73,13,17,18,3,12,3,6,13,1,457,31,1,73,41,1,2,6,16,18,1,45,0,13,6,18,33,54,32,16,9,15,9,3,10,637,5,8,29,12,0,19
2020-05-13,88,30,10,8,30,7,0,238,8,37,17,9,2,13,86,200,12,43,120,3,2,7,1,95,20,2,3,4,5,274,45,0,0,409,1,15,18,1,1,4,31,149,99,1,13,6,63,1,19,9,80,10,5,214,56,1713,49,5,408,4,7,6,21,1,0,5,3,6,5,7,69,14,35,0,17,34,3,7,73,13,17,18,3,12,3,6,13,1,457,31,1,73,41,1,2,6,16,18,1,45,0,13,6,18,33,54,32,16,9,15,9,3,10,637,5,8,29,12,0,19
2020-05-14,91,33,10,10,34,7,0,276,8,38,18,9,2,14,89,205,12,43,128,3,2,7,2,95,20,2,3,4,5,277,46,0,0,467,2,16,18,1,2,4,31,152,101,1,13,7,72,1,19,16,83,11,5,215,57,1741,50,5,432,4,7,6,21,2,0,6,5,8,5,7,77,14,41,0,17,34,3,8,76,13,18,18,3,12,3,6,16,1,457,32,1,85,50,1,2,6,18,22,1,47,0,12,6,19,33,54,35,16,9,15,9,3,10,730,5,8,31,12,0,19
2020-05-15,92,37,10,10,34,7,0,285,8,38,18,9,2,14,92,212,12,43,129,3,2,8,2,95,20,2,3,4,5,287,49,0,0,530,1,16,18,1,2,4,32,152,103,1,13,7,71,1,19,15,85,12,5,215,57,1772,50,5,437,4,7,6,21,2,0,5,5,8,7,7,80,14,42,0,17,35,3,8,80,13,18,18,3,12,3,6,16,1,464,32,1,108,50,1,2,6,19,23,1,47,0,12,6,19,34,65,35,16,9,17,9,3,10,751,5,8,32,12,0,19
2020-05-16,92,38,10,10,34,7,0,316,8,38,18,9,2,14,93,217,12,46,131,3,2,8,2,95,20,2,3,4,5,287,50,0,0,550,1,16,20,1,2,4,32,152,103,1,13,7,73,1,19,15,87,12,5,215,57,1865,50,5,444,4,8,6,21,1,0,6,5,8,7,7,87,14,43,1,17,35,3,8,81,13,19,20,3,12,3,6,16,1,465,32,1,113,55,1,2,6,19,28,1,49,0,12,6,23,34,75,37,16,9,17,9,3,10,776,6,8,32,12,0,19
2020-05-17,92,38,10,10,34,7,0,316,8,38,18,9,2,14,93,217,12,46,131,3,2,8,2,95,20,2,3,4,5,287,50,0,0,550,1,16,20,1,2,4,32,152,103,1,13,7,73,1,19,15,87,12,5,215,57,1865,50,5,444,4,8,6,21,1,0,6,5,8,7,7,87,14,43,1,17,35,3,8,81,13,19,20,3,12,3,6,16,1,465,32,1,113,55,1,2,6,19,28,1,49,0,12,6,23,34,75,37,16,9,17,9,3,10,776,6,8,32,12,0,19
2020-05-18,95,39,13,10,34,7,1,355,8,39,18,10,2,14,98,217,12,46,134,3,3,8,2,97,21,2,3,4,5,293,50,0,0,564,3,16,18,2,3,3,35,154,107,1,13,6,84,1,19,16,91,12,5,214,57,1916,52,5,472,4,8,6,21,1,0,6,5,8,7,7,92,14,49,1,17,36,3,8,85,13,18,20,4,12,3,6,16,1,470,33,1,116,54,2,2,6,20,28,1,50,0,12,6,22,33,76,38,16,9,17,9,3,10,810,5,8,32,12,0,19
2020-05-19,94,41,13,10,34,7,1,361,8,39,19,10,2,15,99,217,12,47,135,3,3,9,2,98,21,3,3,4,5,296,50,0,0,596,3,16,20,2,3,3,35,154,109,1,13,6,85,1,19,16,91,13,5,215,57,1959,51,5,479,4,8,6,21,1,0,6,5,7,7,7,94,14,50,1,17,36,3,8,85,13,18,20,4,12,3,6,16,1,468,34,1,117,57,1,2,6,20,28,1,50,0,12,6,22,33,78,39,16,9,17,9,3,10,828,5,8,32,13,1,19
2020-05-20,94,43,15,9,38,7,1,359,8,39,20,10,2,17,101,217,12,48,137,3,4,9,2,98,35,3,3,4,5,296,51,1,0,591,2,16,22,2,3,3,36,152,110,1,13,6,88,1,18,18,91,13,5,215,59,1968,51,5,486,4,8,6,21,1,0,6,4,7,7,7,101,14,45,1,17,36,3,8,85,13,18,20,6,12,3,6,17,1,468,34,1,117,59,1,2,6,19,28,1,50,0,13,7,22,34,82,43,16,9,17,9,3,10,863,5,8,32,13,1,19
2020-05-21,95,44,15,9,38,8,1,368,9,39,20,10,2,16,101,218,12,49,141,5,6,9,2,98,36,3,3,4,5,299,51,1,0,596,2,16,24,3,3,4,36,152,119,1,13,6,88,1,18,17,93,13,5,216,60,1994,50,5,503,4,8,6,21,1,0,6,4,7,8,8,108,14,45,1,17,36,3,8,85,13,19,20,6,12,4,7,17,1,468,35,1,117,60,1,2,7,19,28,1,51,0,13,7,22,34,84,43,16,10,16,9,4,10,878,5,8,32,13,1,19
2020-05-22,96,44,15,9,40,8,1,379,9,39,20,11,2,16,101,219,12,49,144,5,6,9,2,101,37,3,3,5,5,300,53,1,0,603,2,16,24,3,5,4,36,152,120,1,13,6,90,1,18,17,93,14,5,218,60,2021,50,5,520,4,8,6,21,1,0,6,4,7,8,8,113,14,45,1,18,37,3,8,85,13,19,21,8,12,4,7,17,1,468,36,1,117,60,1,2,7,19,28,1,53,0,13,7,22,34,89,44,16,10,16,9,5,10,906,5,8,32,13,1,25
2020-05-23,96,47,15,9,42,8,1,387,9,39,20,11,3,16,104,218,12,49,146,5,7,9,2,103,37,4,3,5,5,305,54,1,0,619,2,16,24,3,8,4,36,157,121,1,13,6,96,1,18,20,95,14,5,218,60,2050,51,5,527,4,8,7,21,1,0,6,4,7,8,8,115,14,45,2,18,37,3,8,87,13,19,21,8,12,4,14,21,1,471,35,1,120,60,1,2,7,19,28,1,55,0,13,7,22,34,92,44,16,11,16,9,5,10,920,6,8,32,13,1,25
2020-05-24,96,47,15,9,42,8,1,387,9,39,20,11,3,16,104,218,12,49,146,5,7,9,2,103,37,4,3,5,5,305,54,1,0,619,2,16,24,3,8,4,36,157,121,1,13,6,96,1,18,20,95,14,5,218,60,2050,51,5,527,4,8,7,21,1,0,6,4,7,8,8,115,14,45,2,18,37,3,8,87,13,19,21,8,12,4,14,21,1,471,35,1,120,60,1,2,7,19,28,1,55,0,13,7,22,34,92,44,16,11,16,9,5,10,920,6,8,32,13,1,25
2020-05-25,96,47,15,9,42,8,1,387,9,39,20,11,3,16,104,218,12,49,146,5,7,9,2,103,37,4,3,5,5,305,54,1,0,619,2,16,24,3,8,4,36,157,121,1,13,6,96,1,18,20,95,14,5,218,60,2050,51,5,527,4,8,7,21,1,0,6,4,7,8,8,115,14,45,2,18,37,3,8,87,13,19,21,8,12,4,14,21,1,471,35,1,120,60,1,2,7,19,28,1,55,0,13,7,22,34,92,44,16,11,16,9,5,10,920,6,8,32,13,1,25
2020-05-26,96,56,15,10,43,8,1,392,9,39,22,11,3,16,105,224,12,48,148,5,7,9,2,104,38,7,3,5,5,308,56,1,0,644,3,16,25,3,8,5,39,157,124,1,13,7,97,1,18,21,99,18,5,219,61,2219,55,5,537,4,8,7,21,2,0,6,4,7,8,8,125,14,47,2,18,37,3,8,89,13,21,21,8,13,4,15,22,1,474,36,1,128,65,1,2,7,19,28,1,54,0,13,7,22,35,132,49,17,11,17,9,5,10,949,6,8,32,13,1,26
2020-05-27,96,56,15,10,44,8,1,403,10,39,23,11,3,17,109,226,12,48,150,5,7,9,2,106,38,7,3,5,5,312,56,1,0,650,3,16,25,4,12,5,39,159,124,1,14,7,98,1,18,21,103,19,5,219,61,2253,56,5,541,4,8,7,21,2,0,6,4,7,8,9,125,14,47,2,19,37,3,8,89,13,22,21,10,13,4,16,22,1,475,38,3,138,70,1,2,8,19,28,1,56,0,13,7,23,35,138,49,17,11,17,10,5,10,950,6,8,32,13,1,26
2020-05-28,96,63,16,10,44,8,1,409,10,39,23,11,3,17,109,227,12,48,153,5,10,9,2,107,38,7,3,5,5,313,56,1,0,661,3,16,28,5,15,5,39,159,124,1,14,7,99,1,18,21,103,19,5,221,61,2267,56,5,547,4,8,7,21,2,1,6,4,7,8,9,128,14,47,2,20,37,3,9,95,13,22,21,10,13,4,16,23,1,482,38,3,141,72,2,2,8,19,28,1,56,0,13,7,23,35,140,49,19,11,17,10,5,10,964,6,8,32,13,1,26
2020-05-29,97,70,18,10,45,9,1,423,10,39,23,11,3,17,111,228,12,50,164,5,11,9,3,109,39,7,3,6,5,316,56,1,0,702,3,16,35,6,33,5,41,162,124,1,14,7,100,1,18,21,106,19,5,221,61,2329,57,5,566,4,8,7,21,2,1,6,4,7,8,9,139,14,50,2,20,38,3,9,95,13,22,21,10,13,6,16,23,1,482,41,3,141,74,2,2,8,19,29,1,56,0,13,7,23,35,156,51,19,11,17,10,5,11,995,6,8,32,13,1,27
2020-05-30,97,70,18,12,45,9,1,436,11,39,25,12,3,17,111,228,12,50,173,5,12,11,3,110,41,7,3,6,5,317,56,1,0,714,3,16,38,7,36,5,42,165,124,1,14,7,102,1,18,22,110,22,5,221,61,2437,62,5,585,4,8,8,21,2,1,6,4,7,8,9,145,15,55,2,21,38,3,9,95,13,22,22,10,13,6,17,24,1,483,41,3,144,83,2,2,9,19,29,1,58,0,13,7,24,35,164,52,22,11,17,10,6,11,1007,6,8,32,13,1,27
2020-05-31,97,70,18,12,45,9,1,436,11,39,25,12,3,17,111,228,12,50,173,5,12,11,3,110,41,7,3,6,5,317,56,1,0,714,3,16,38,7,36,5,42,165,124,1,14,7,102,1,18,22,110,22,5,221,61,2437,62,5,585,4,8,8,21,2,1,6,4,7,8,9,145,15,55,2,21,38,3,9,95,13,22,22,10,13,6,17,24,1,483,41,3,144,83,2,2,9,19,29,1,58,0,13,7,24,35,164,52,22,11,17,10,6,11,1007,6,8,32,13,1,27
2020-06-01,97,93,20,12,47,9,1,459,11,40,25,13,3,17,115,232,12,52,182,5,14,12,3,111,42,7,4,6,5,324,56,1,0,760,3,16,38,7,37,5,42,166,126,1,14,7,103,4,21,24,111,22,5,222,61,2519,65,5,608,4,8,8,21,3,1,6,4,7,8,9,150,15,55,2,21,38,3,9,97,13,22,22,10,13,6,20,25,1,484,41,3,148,99,3,2,10,19,30,1,58,0,13,7,24,35,175,54,22,11,17,10,6,12,1038,6,8,32,13,1,27
2020-06-02,97,92,22,12,49,9,1,467,11,40,26,13,3,17,119,232,12,52,185,5,14,12,3,111,42,7,4,7,5,323,56,1,1,770,3,17,55,7,43,5,42,167,126,1,14,7,106,4,23,23,112,22,5,222,61,2562,68,5,614,4,10,8,21,4,1,6,4,7,8,9,152,15,55,2,24,38,3,9,97,13,22,22,10,14,6,21,25,1,484,42,3,148,100,3,2,11,21,30,1,61,0,13,7,24,35,178,54,22,12,17,10,6,15,1045,6,8,32,13,1,29
2020-06-03,97,96,21,12,49,9,1,492,11,40,26,13,3,17,119,235,12,53,191,5,14,14,5,114,43,7,4,7,5,330,57,1,1,803,2,17,63,8,46,5,46,166,127,1,14,7,109,4,23,23,112,22,5,224,61,2612,67,5,638,4,10,8,21,4,1,6,3,7,8,9,155,15,54,2,25,37,3,10,99,13,22,22,10,14,7,21,25,3,479,44,3,148,103,3,2,11,22,30,1,61,0,13,7,25,35,184,55,24,13,18,10,6,15,1067,7,8,33,13,1,29
2020-06-04,97,100,21,12,50,9,2,505,12,41,28,13,3,17,119,235,12,53,194,5,15,14,5,118,53,7,5,7,5,337,57,1,1,808,2,17,68,8,46,5,47,166,132,2,14,7,111,4,27,23,117,22,5,224,61,2760,67,5,653,4,10,9,21,4,1,6,3,7,9,9,158,15,57,2,27,37,3,10,107,13,22,23,10,14,7,25,25,3,479,44,3,150,105,3,2,11,22,32,1,60,0,13,7,26,37,184,55,24,13,23,11,6,15,1081,7,8,34,13,1,31
2020-06-05,98,102,22,12,53,9,2,508,12,42,28,14,3,19,119,236,12,54,194,5,15,14,8,123,58,8,5,7,5,339,58,1,1,840,2,17,73,10,46,5,47,166,134,2,14,7,119,4,28,24,118,23,5,224,61,2843,69,5,663,4,10,9,21,5,1,6,3,7,11,9,164,15,57,2,31,37,3,12,111,13,22,23,10,15,7,25,25,3,480,44,4,151,109,3,2,14,22,34,1,64,0,13,7,30,37,214,55,24,13,23,11,6,15,1099,8,9,34,13,1,32
2020-06-06,99,102,25,13,53,9,2,516,14,42,28,14,3,19,121,237,12,55,196,5,15,17,8,127,58,8,5,7,5,340,58,1,1,854,2,17,77,11,46,5,47,166,135,2,14,7,120,4,28,27,119,24,5,224,61,3043,73,5,671,4,10,11,21,5,1,6,3,7,11,9,168,17,59,2,34,37,3,12,112,13,22,23,10,15,7,25,30,3,485,45,4,151,109,3,2,14,22,36,1,65,0,13,8,30,37,216,54,25,13,23,11,6,15,1112,8,9,34,13,1,33
2020-06-07,99,102,25,13,53,9,2,516,14,42,28,14,3,19,121,237,12,55,196,5,15,17,8,127,58,8,5,7,5,340,58,1,1,854,2,17,77,11,46,5,47,166,135,2,14,7,120,4,28,27,119,24,5,224,61,3043,73,5,671,4,10,11,21,5,1,6,3,7,11,9,168,17,59,2,34,37,3,12,112,13,22,23,10,15,7,25,30,3,485,45,4,151,109,3,2,14,22,36,1,65,0,13,8,30,37,216,54,25,13,23,11,6,15,1112,8,9,34,13,1,33
2020-06-08,98,105,25,13,55,9,2,522,16,42,28,14,3,19,121,238,12,55,198,5,15,17,8,127,59,10,5,7,5,342,60,1,1,902,2,17,81,12,46,5,51,166,135,2,14,7,119,8,28,27,119,24,5,224,61,3104,73,5,680,4,10,11,22,5,1,6,3,7,11,9,170,17,61,2,34,37,3,13,112,13,22,23,10,15,7,27,30,3,486,45,4,155,111,3,2,14,22,36,1,65,0,13,8,30,38,219,54,25,14,23,11,6,15,1127,8,9,34,13,1,35
2020-06-09,100,116,25,13,56,9,3,527,19,43,28,14,3,19,124,239,12,56,197,5,16,17,8,131,60,10,5,7,5,341,62,1,1,920,2,17,84,12,49,6,51,167,135,2,14,7,122,8,28,27,119,24,5,224,61,3186,74,5,680,4,10,11,22,5,1,6,3,7,14,9,173,17,70,2,36,37,3,13,113,13,22,23,10,15,7,27,30,4,486,45,4,154,112,4,2,14,22,38,2,65,0,13,11,32,38,233,56,25,15,23,12,6,15,1157,8,9,34,14,1,42
2020-06-10,101,120,25,13,59,9,3,532,21,43,28,14,3,19,127,240,12,56,198,5,16,17,8,136,62,12,5,7,5,343,63,1,1,956,2,17,88,12,51,6,51,167,135,2,14,7,125,8,31,26,120,24,5,225,61,3226,80,5,681,4,10,11,22,5,1,6,3,8,14,9,176,17,70,2,37,37,3,15,113,13,23,23,10,15,7,27,31,4,484,47,4,157,113,4,2,14,22,38,3,66,0,13,11,36,39,233,58,25,15,23,13,6,15,1179,8,9,34,15,1,45
2020-06-11,101,123,25,13,59,9,3,535,21,43,28,14,3,20,127,240,12,57,201,5,16,17,9,136,63,12,5,7,5,347,63,1,2,970,2,17,88,12,51,9,51,167,135,2,14,7,127,8,32,26,121,24,5,225,62,3229,79,5,683,4,10,11,22,5,1,6,3,8,14,9,178,17,71,2,38,40,3,15,113,13,23,23,10,16,7,27,31,4,484,47,4,158,113,4,2,14,22,38,3,68,0,13,11,36,39,233,57,25,15,23,14,5,15,1184,8,10,34,15,1,46
2020-06-12,101,127,25,14,61,10,3,538,22,43,28,14,3,21,128,243,12,57,201,5,16,17,10,137,68,12,5,7,5,350,63,1,3,995,4,17,92,12,51,9,52,168,136,2,14,9,133,8,32,30,124,25,5,225,63,3278,79,5,681,4,10,11,25,5,1,6,3,9,15,9,187,17,72,4,41,41,3,16,116,13,23,23,10,16,7,27,33,6,482,47,4,162,112,4,2,14,23,38,4,71,0,14,13,37,40,256,57,25,16,23,16,4,16,1208,10,10,34,17,1,45
2020-06-13,101,132,25,14,65,10,4,539,24,44,30,14,3,23,131,243,12,57,207,5,17,18,10,138,73,13,5,7,5,353,65,1,5,1026,4,19,96,12,57,10,53,173,137,3,16,9,133,11,34,30,129,26,5,228,63,3323,82,6,690,4,11,11,29,5,1,6,3,13,15,9,195,18,76,4,42,41,3,16,117,13,23,24,10,16,7,29,37,6,481,48,4,162,113,4,2,14,23,47,4,71,0,14,13,37,41,268,59,26,16,23,17,4,17,1248,14,10,36,17,1,48
2020-06-14,101,132,25,14,65,10,4,539,24,44,30,14,3,23,131,243,12,57,207,5,17,18,10,138,73,13,5,7,5,353,65,1,5,1026,4,19,96,12,57,10,53,173,137,3,16,9,133,11,34,30,129,26,5,228,63,3323,82,6,690,4,11,11,29,5,1,6,3,13,15,9,195,18,76,4,42,41,3,16,117,13,23,24,10,16,7,29,37,6,481,48,4,162,113,4,2,14,23,47,4,71,0,14,13,37,41,268,59,26,16,23,17,4,17,1248,14,10,36,17,1,48
2020-06-15,101,135,25,14,66,10,4,541,25,44,30,14,4,23,135,244,12,60,207,5,17,18,10,138,77,17,5,7,5,360,67,2,5,1064,6,19,98,12,57,11,53,175,137,3,16,9,133,13,34,30,133,26,5,229,63,3363,83,6,690,4,11,11,30,5,1,6,4,14,15,9,199,18,77,4,42,44,3,16,123,13,23,24,10,16,8,31,37,6,482,48,4,164,113,4,2,14,24,48,5,72,0,14,15,38,43,277,59,26,17,23,17,4,19,1275,14,10,37,17,1,51
2020-06-16,101,135,25,14,66,10,4,541,25,44,30,14,4,23,135,244,12,60,207,5,17,18,10,138,77,17,5,7,5,360,67,2,5,1064,6,19,98,12,57,11,53,175,137,3,16,9,133,13,34,30,133,26,5,229,63,3363,83,6,690,4,11,11,30,5,1,6,4,14,15,9,199,18,77,4,42,44,3,16,123,13,23,24,10,16,8,31,37,6,482,48,4,164,113,4,2,14,24,48,5,72,0,14,15,38,43,277,59,26,17,23,17,4,19,1275,14,10,37,17,1,51
2020-06-17,102,137,27,14,67,10,4,552,26,44,30,14,4,23,136,246,12,61,212,5,25,21,10,139,78,23,5,7,5,368,69,2,5,1106,9,22,105,12,57,13,53,176,137,2,16,11,135,15,37,31,140,27,5,231,74,3451,88,7,699,4,12,11,47,5,1,7,5,15,15,9,201,18,82,4,43,47,3,17,126,13,24,24,10,16,8,31,40,7,482,49,4,168,114,5,2,14,25,53,5,73,0,15,15,38,45,281,60,26,21,23,17,4,20,1299,15,10,37,18,1,55
2020-06-18,103,136,27,14,68,10,4,557,26,45,31,15,4,23,138,246,12,63,213,5,26,20,11,138,79,27,5,7,5,370,71,2,5,1120,10,22,108,14,57,14,53,180,137,3,16,11,135,15,53,32,141,28,5,230,81,3481,90,7,706,4,12,11,48,5,1,7,6,16,15,8,201,18,86,4,45,48,3,18,129,13,24,24,10,17,8,32,41,7,482,50,4,168,114,5,2,14,25,54,5,74,0,16,15,38,57,314,61,28,25,23,18,4,22,1302,17,10,37,19,2,58
2020-06-19,104,145,27,14,70,10,4,561,26,47,31,15,4,23,141,247,12,63,219,5,26,21,11,144,80,30,5,7,5,373,71,2,5,1135,12,25,108,15,57,16,53,183,137,4,16,11,135,16,54,33,143,28,5,231,85,3528,95,8,709,4,13,11,52,5,1,7,6,16,17,8,201,18,91,5,45,50,3,18,134,13,24,24,10,17,8,32,41,7,491,50,5,171,116,5,2,14,38,59,5,74,0,16,17,38,60,347,62,28,25,23,20,4,24,1323,17,10,37,19,2,60
2020-06-20,105,145,27,14,70,10,4,566,27,48,31,16,4,24,144,246,12,65,225,5,29,21,13,145,84,31,5,7,5,375,71,2,5,1147,12,26,109,15,57,16,53,183,137,6,16,11,134,16,58,35,144,28,5,232,90,3561,96,9,717,4,13,11,54,5,1,7,8,16,17,8,202,18,94,5,46,50,3,24,134,13,24,24,10,17,8,32,44,7,492,53,5,171,116,5,2,14,39,62,5,75,0,16,17,38,66,358,62,29,29,23,22,5,25,1339,18,12,38,19,1,60
2020-06-21,105,152,27,14,71,10,5,568,27,49,32,16,4,24,144,246,13,66,227,5,29,21,13,145,87,32,5,7,6,381,71,2,5,1153,12,26,109,15,57,16,53,183,137,6,19,11,134,17,59,36,144,29,5,233,90,3582,98,9,723,4,13,11,55,5,1,7,8,17,18,8,202,18,94,5,46,50,4,24,143,14,24,24,10,17,8,34,45,7,492,53,5,171,117,5,2,14,41,63,5,77,0,17,17,38,67,361,62,29,29,23,22,5,25,1357,18,12,39,20,1,61
2020-06-22,105,152,27,14,71,10,5,571,27,49,34,16,4,24,145,246,13,68,232,5,29,21,13,147,89,32,5,7,6,382,71,2,5,1156,12,26,112,16,57,16,53,185,137,6,20,11,134,17,59,36,144,29,5,233,90,3609,99,10,726,4,13,11,55,5,1,8,8,17,20,8,202,18,95,5,48,52,4,24,148,14,24,24,10,17,8,34,45,7,492,54,5,171,117,5,2,14,43,63,5,77,0,17,17,38,67,365,62,29,29,23,23,5,25,1361,21,12,39,21,1,61
2020-06-23,108,156,26,14,74,11,6,575,27,49,36,17,4,24,148,246,13,71,234,5,30,21,13,163,91,37,5,8,6,404,73,2,5,1200,13,26,120,16,58,16,54,185,137,4,21,15,134,18,65,37,150,30,5,240,92,3651,100,10,735,4,15,11,57,5,1,8,13,16,21,8,206,17,100,5,48,53,5,25,149,15,24,25,12,17,8,34,44,7,492,60,5,172,119,6,2,15,49,68,5,82,0,18,18,39,75,370,65,31,34,24,23,6,25,1376,21,13,39,23,2,63
2020-06-24,108,157,26,14,76,11,6,580,27,54,37,17,6,24,148,247,13,71,236,5,30,21,13,183,94,39,5,8,6,407,74,3,5,1240,14,26,120,16,58,16,55,188,137,4,22,15,136,18,65,39,154,31,5,241,94,3682,100,10,741,5,16,11,63,5,1,8,13,16,21,8,208,17,103,5,48,53,5,28,150,16,24,25,12,17,9,34,46,8,492,65,5,173,126,6,2,15,53,68,5,83,0,18,18,39,76,378,69,33,34,24,23,6,25,1398,21,13,39,24,2,63
2020-06-25,110,159,26,14,82,11,6,588,28,55,38,17,7,24,148,247,13,75,238,5,30,22,14,183,96,44,5,8,6,414,74,3,4,1293,14,26,123,18,58,17,57,190,137,4,28,16,138,18,66,39,155,32,5,242,96,3714,101,10,759,7,16,11,71,5,1,8,14,18,24,8,210,17,106,5,49,53,5,28,151,17,24,25,12,17,9,34,46,8,494,67,5,174,126,6,2,15,55,68,5,84,0,18,18,39,79,391,69,33,38,24,23,6,26,1426,21,13,40,24,2,64
2020-06-26,111,163,26,14,84,12,7,590,29,59,38,17,8,24,149,247,13,78,242,5,35,22,15,186,96,46,5,8,6,421,74,3,4,1326,15,26,123,19,59,17,57,192,137,4,28,17,140,18,66,39,155,33,5,247,100,3765,101,10,777,7,20,15,79,6,1,8,14,18,24,9,211,19,107,5,49,53,5,28,153,17,24,25,12,23,9,34,46,8,494,67,5,176,129,6,2,15,56,71,6,88,0,18,19,39,83,400,72,33,37,25,23,6,28,1455,21,13,40,24,2,64
2020-06-27,111,165,26,14,84,13,8,594,30,60,38,17,8,24,148,252,13,79,246,5,37,22,15,188,98,53,5,8,6,428,74,3,4,1372,17,27,128,21,61,19,57,196,137,4,28,17,145,21,68,39,156,33,5,250,104,3820,104,10,785,7,63,15,84,6,1,8,15,21,25,9,211,19,112,5,49,54,5,29,155,17,24,25,12,23,9,34,47,8,495,69,5,183,129,6,2,15,57,71,6,89,0,19,22,40,82,405,73,36,37,25,24,6,29,1481,22,13,40,25,2,65
2020-06-28,111,165,26,14,84,13,8,594,30,61,38,17,8,24,148,253,13,79,248,5,37,22,15,190,98,53,5,8,6,428,74,3,4,1378,18,27,128,21,61,20,57,199,137,4,28,17,145,22,68,39,156,33,5,250,104,3829,104,10,787,7,63,15,85,7,1,8,15,21,25,10,213,20,114,5,49,55,5,29,159,17,24,25,12,23,9,35,47,8,496,69,5,183,129,6,2,16,57,76,6,89,0,19,22,40,82,406,75,36,38,25,24,6,29,1491,22,13,40,25,2,66
2020-06-29,115,165,26,14,85,13,8,594,30,61,38,17,8,24,149,255,13,79,249,5,37,22,18,192,98,53,5,8,6,431,75,3,4,1387,18,27,128,23,61,21,57,200,137,4,28,17,146,23,68,40,157,33,5,250,104,3852,104,10,787,7,64,15,90,7,1,8,15,22,25,10,216,20,115,5,51,56,5,30,161,18,24,25,12,23,9,35,48,8,498,70,5,184,129,6,2,16,57,76,6,94,0,19,22,43,83,408,76,36,38,25,24,6,29,1508,23,14,40,27,2,67
2020-06-30,117,166,26,14,86,15,8,597,31,62,38,17,8,24,150,256,15,81,256,5,37,23,19,193,98,59,5,9,6,433,75,3,4,1432,20,29,135,23,61,23,57,206,138,4,28,18,155,23,70,40,156,33,5,254,108,3901,104,10,794,7,66,15,102,8,1,8,14,23,28,10,217,20,118,5,51,58,5,31,166,18,24,26,13,23,9,35,52,8,499,74,5,186,130,6,2,17,57,84,6,94,0,21,22,45,87,414,77,36,41,25,26,6,29,1533,23,15,41,28,2,67
2020-07-01,121,168,26,14,86,15,8,602,32,62,39,17,8,24,151,257,15,82,262,5,37,25,19,195,98,62,5,9,6,435,75,3,4,1467,21,29,138,23,65,24,58,207,138,5,28,18,164,24,73,41,160,35,5,255,109,3942,106,9,800,8,69,15,111,8,1,8,14,22,28,10,220,20,122,5,52,59,7,31,168,18,24,26,13,23,10,36,52,8,505,76,5,187,130,6,2,17,57,86,7,94,1,21,22,46,91,418,78,37,42,25,26,6,29,1547,24,15,41,28,3,67
2020-07-02,123,170,27,14,90,15,9,606,33,64,40,17,8,24,152,256,15,85,267,5,37,26,19,204,98,64,5,9,6,440,75,3,4,1495,21,31,140,23,65,25,58,214,139,5,30,18,171,26,73,42,161,36,5,262,113,3991,108,9,807,10,71,15,114,8,1,9,14,22,29,10,222,20,126,6,52,60,8,31,170,18,25,28,13,24,11,38,52,8,506,77,6,187,131,6,3,17,62,91,7,99,1,21,22,46,97,420,78,37,43,25,26,6,29,1558,24,15,41,29,4,68
2020-07-03,126,171,29,14,92,18,13,615,34,67,40,17,9,25,154,257,15,86,270,5,42,29,21,210,99,68,5,9,6,452,75,3,4,1510,21,32,144,24,65,26,59,219,140,5,33,19,177,27,74,42,163,36,5,265,114,4034,111,10,814,11,73,15,124,9,1,10,14,22,30,10,227,20,130,6,52,60,8,33,172,18,26,28,13,24,11,40,56,9,510,81,8,188,139,7,3,19,62,99,8,100,1,21,23,47,99,433,80,38,43,26,26,6,29,1583,25,16,42,32,4,73
2020-07-04,126,171,29,14,92,18,13,615,34,67,40,17,9,25,154,257,15,86,270,5,42,29,21,210,99,68,5,9,6,452,75,3,4,1510,21,32,144,24,65,26,59,219,140,5,33,19,177,27,74,42,163,36,5,265,114,4034,111,10,814,11,73,15,124,9,1,10,14,22,30,10,227,20,130,6,52,60,8,33,172,18,26,28,13,24,11,40,56,9,510,81,8,188,139,7,3,19,62,99,8,100,1,21,23,47,99,433,80,38,43,26,26,6,29,1583,25,16,42,32,4,73
2020-07-05,126,171,29,14,92,18,13,615,34,67,40,17,9,25,154,257,15,86,270,5,42,29,21,210,99,68,5,9,6,452,75,3,4,1510,21,32,144,24,65,26,59,219,140,5,33,19,177,27,74,42,163,36,5,265,114,4034,111,10,814,11,73,15,124,9,1,10,14,22,30,10,227,20,130,6,52,60,8,33,172,18,26,28,13,24,11,40,56,9,510,81,8,188,139,7,3,19,62,99,8,100,1,21,23,47,99,433,80,38,43,26,26,6,29,1583,25,16,42,32,4,73
2020-07-06,129,176,29,16,97,18,21,646,35,69,43,17,10,28,159,258,17,93,293,7,61,31,26,223,102,72,6,9,6,458,74,3,4,1588,25,35,146,24,65,28,60,231,140,5,36,19,202,31,79,46,166,38,7,271,115,4173,116,10,833,11,80,16,133,10,1,10,15,22,36,10,233,21,143,6,55,65,9,36,178,18,26,29,13,25,13,42,58,10,520,90,9,200,144,8,3,20,68,104,8,106,1,27,23,53,101,524,79,40,45,26,26,6,29,1632,27,20,45,40,4,74
2020-07-07,130,180,29,15,98,18,43,660,35,71,43,17,12,28,165,260,17,94,299,7,63,32,29,240,103,76,6,9,6,467,74,3,4,1647,25,37,149,24,65,29,60,233,140,8,40,19,214,32,79,46,169,39,7,278,115,4233,118,10,844,12,81,17,143,11,1,10,17,22,39,11,238,21,152,7,57,65,9,39,181,18,26,30,13,25,13,42,61,11,520,93,9,201,149,9,3,21,69,107,8,106,1,27,23,56,107,528,80,40,45,26,26,7,30,1651,27,20,45,41,4,75
2020-07-08,131,181,30,15,104,18,57,672,36,71,43,17,12,28,166,262,21,98,303,7,63,32,33,243,104,79,6,10,6,469,75,3,5,1696,25,38,153,24,66,32,61,246,140,8,40,22,223,33,81,46,173,40,7,284,115,4312,121,10,852,14,88,17,158,11,1,11,18,22,42,13,241,21,160,7,58,66,10,39,181,18,27,30,13,26,14,42,61,11,528,97,11,204,153,10,3,21,73,113,8,117,1,30,24,58,112,537,80,41,46,26,26,7,30,1672,28,19,48,47,4,76
2020-07-09,131,183,30,15,107,18,69,683,37,73,43,17,12,28,166,262,29,102,307,9,65,32,33,248,104,80,6,11,6,483,75,3,5,1736,25,38,156,25,67,33,62,250,143,8,40,22,229,33,81,47,178,41,7,291,115,4395,125,10,857,14,88,17,165,11,1,11,18,22,42,14,244,21,169,7,60,66,10,39,184,18,27,31,13,29,14,44,61,12,532,102,11,204,159,10,3,21,74,115,9,117,1,31,24,58,113,545,85,41,46,26,26,9,30,1685,28,20,49,49,4,76
2020-07-10,136,185,30,16,116,18,74,694,38,78,43,19,15,29,169,264,31,108,314,10,69,37,39,251,105,81,6,11,6,493,76,3,5,1778,26,39,159,26,67,37,62,270,146,8,40,25,246,35,81,47,190,43,7,297,115,4458,127,11,864,15,92,19,177,11,1,11,19,22,48,14,245,21,178,7,63,68,12,39,192,18,27,31,13,29,15,44,63,12,532,108,13,205,163,10,3,22,81,118,9,120,1,32,24,58,117,559,86,43,46,26,26,13,30,1709,30,20,52,49,4,80
2020-07-11,141,190,31,17,124,21,92,712,41,81,43,19,15,29,173,264,32,107,323,10,77,37,41,277,112,82,6,11,6,499,76,3,6,1814,27,40,163,27,68,39,64,287,147,9,44,26,259,37,81,47,199,43,7,305,116,4522,135,11,879,16,94,19,187,11,1,11,19,22,51,16,245,21,183,7,63,69,12,39,193,18,28,32,14,29,16,48,64,13,534,114,13,217,167,10,3,22,83,120,10,125,1,32,30,62,126,565,87,48,51,28,28,15,31,1722,30,20,53,51,4,81
2020-07-12,142,189,31,18,128,21,103,726,44,86,47,19,15,30,173,265,34,111,330,11,85,38,41,285,113,82,7,12,7,499,76,3,6,1834,30,40,163,28,68,39,67,305,147,10,44,27,266,37,81,48,203,44,7,305,117,4561,138,11,886,17,94,19,188,11,1,11,20,22,53,17,246,23,187,7,63,70,12,39,203,18,28,33,14,30,17,50,64,15,537,115,12,218,173,10,3,22,86,120,10,127,1,32,30,62,127,569,88,48,52,28,29,15,32,1733,30,20,55,54,4,83
2020-07-13,142,191,31,18,129,21,105,733,46,93,48,19,15,30,174,266,34,111,333,11,85,38,41,297,114,85,9,12,7,511,77,3,6,1912,31,40,164,28,68,39,69,313,147,10,44,32,274,37,81,48,210,45,7,305,117,4588,143,11,890,20,95,19,187,11,1,11,20,22,56,19,247,23,193,7,65,72,12,39,206,18,28,33,15,30,17,50,65,15,542,116,12,221,174,10,3,22,91,120,10,127,1,32,31,62,127,573,88,49,52,27,30,15,32,1742,32,20,55,54,4,84
2020-07-14,149,193,34,22,135,22,114,755,47,101,48,20,15,30,180,267,34,117,342,13,88,48,49,309,117,88,9,12,8,518,81,5,7,1940,31,44,168,29,68,40,70,328,150,13,45,32,286,45,82,50,214,45,7,317,117,4661,147,12,909,23,106,21,191,13,1,11,21,24,61,23,253,23,210,7,68,74,12,40,210,18,29,35,14,31,17,53,76,20,543,119,12,224,178,11,3,23,98,128,13,130,1,34,34,68,131,577,90,52,55,27,31,16,32,1808,35,23,55,57,6,86
2020-07-15,151,195,34,22,137,22,121,763,48,105,50,20,15,31,184,268,36,119,343,13,96,54,68,321,117,97,9,13,8,534,82,5,7,2001,31,43,169,29,69,42,70,334,152,13,45,33,299,58,86,50,221,49,8,321,118,4709,154,12,927,23,113,21,210,14,1,12,21,24,61,23,254,24,221,7,70,81,12,40,215,19,29,38,14,31,17,53,76,20,552,126,13,234,181,13,3,23,106,129,15,134,1,34,34,68,133,580,93,53,59,27,31,16,33,1830,36,26,57,62,6,91
2020-07-16,157,196,34,22,144,23,132,785,49,106,52,21,16,33,186,269,38,121,351,13,97,56,79,320,119,98,7,14,8,539,82,5,7,2008,33,49,169,30,71,42,71,349,156,13,47,33,307,61,86,52,221,50,10,322,118,4778,155,12,944,23,117,25,217,14,1,13,22,24,65,23,261,25,232,7,76,82,12,40,222,19,31,40,18,31,17,53,76,20,564,130,13,259,186,13,3,24,111,131,17,134,1,37,36,70,137,586,94,57,61,27,32,18,33,1850,38,28,57,64,6,93
2020-07-17,157,198,34,25,150,23,141,801,52,111,57,22,16,35,190,276,38,125,365,13,100,58,89,334,120,105,9,18,8,553,82,6,7,2046,36,51,176,31,71,43,73,357,156,14,48,33,323,64,87,54,221,52,12,337,118,4861,166,13,961,24,122,25,225,14,1,13,22,25,69,23,264,25,250,7,78,87,13,40,227,19,34,42,18,32,18,57,80,21,564,134,13,268,195,16,3,25,114,131,20,138,2,38,38,74,136,591,95,58,65,27,36,20,34,1879,38,31,59,65,6,95
2020-07-18,158,198,34,25,160,23,154,811,54,115,58,24,16,37,195,276,41,129,373,13,106,58,92,339,120,111,10,19,11,562,82,7,7,2062,38,54,181,31,72,44,75,373,157,14,50,34,336,65,88,56,224,56,12,345,118,4962,169,13,981,24,127,25,245,14,1,13,22,25,71,24,266,25,254,7,79,88,13,42,226,19,34,44,19,32,18,58,86,22,565,137,14,281,300,20,3,26,117,143,21,141,2,40,39,74,153,598,96,59,67,27,37,20,34,1911,39,32,60,69,6,96
2020-07-19,163,199,35,25,171,23,159,837,54,116,58,24,16,37,197,280,41,133,391,14,126,69,100,361,121,114,12,19,15,570,82,7,8,2111,41,57,186,31,72,45,77,382,158,14,53,35,355,78,91,57,232,61,14,353,118,5170,180,16,1053,26,140,27,251,15,2,13,26,26,73,25,269,25,258,7,79,92,15,43,243,19,35,49,19,32,18,61,89,23,571,145,17,291,396,22,4,28,122,156,29,153,2,40,44,75,168,613,108,62,69,28,37,25,37,1985,39,35,63,71,6,97
2020-07-20,164,199,36,25,172,23,160,839,55,122,60,24,16,38,198,280,41,133,396,14,125,70,103,366,121,115,12,20,16,575,82,7,8,2147,41,57,187,31,72,45,79,387,159,17,57,35,360,83,95,57,233,61,14,353,118,5263,179,16,1061,26,142,27,253,16,3,13,26,26,73,26,270,25,258,7,81,92,15,44,245,20,35,50,19,32,18,61,89,23,574,147,17,292,398,22,4,28,123,156,30,156,2,40,44,76,169,620,108,62,72,28,37,25,37,1992,39,36,63,72,6,98
