"Date","Adair","Andrew","Atchison","Audrain","Barry","Barton","Bates","Benton","Bollinger","Boone","Buchanan","Butler","Caldwell","Callaway","Camden","Cape Girardeau","Carroll","Carter","Cass","Cedar","Chariton","Christian","Clark","Clay","Clinton","Cole","Cooper","Crawford","Dade","Dallas","Daviess","DeKalb","Dent","Douglas","Dunklin","Franklin","Gasconade","Gentry","Greene","Grundy","Harrison","Henry","Hickory","Holt","Howard","Howell","Iron","Jackson","Jasper","Jefferson","Johnson","Kansas City","Knox","Laclede","Lafayette","Lawrence","Lewis","Lincoln","Linn","Livingston","Macon","Madison","Maries","Marion","McDonald","Mercer","Miller","Mississippi","Moniteau","Monroe","Montgomery","Morgan","New Madrid","Newton","Nodaway","Oregon","Osage","Ozark","Pemiscot","Perry","Pettis","Phelps","Pike","Platte","Polk","Pulaski","Putnam","Ralls","Randolph","Ray","Reynolds","Ripley","Saline","Schuyler","Scotland","Scott","Shannon","Shelby","St. Charles","St. Clair","St. Francois","St. Louis","St. Louis City","Ste. Genevieve","Stoddard","Stone","Sullivan","Taney","Texas","Vernon","Warren","Washington","Wayne","Webster","Worth","Wright"
2020-03-01,0,0,0,0,0,0,0,0,0,0,0,0,0,0,0,0,0,0,0,0,0,0,0,0,0,0,0,0,0,0,0,0,0,0,0,0,0,0,0,0,0,0,0,0,0,0,0,0,0,0,0,0,0,0,0,0,0,0,0,0,0,0,0,0,0,0,0,0,0,0,0,0,0,0,0,0,0,0,0,0,0,0,0,0,0,0,0,0,0,0,0,0,0,0,0,0,0,0,0,0,0,0,0,0,0,0,0,0,0,0,0,0,0,0,0,0
2020-03-02,0,0,0,0,0,0,0,0,0,0,0,0,0,0,0,0,0,0,0,0,0,0,0,0,0,0,0,0,0,0,0,0,0,0,0,0,0,0,0,0,0,0,0,0,0,0,0,0,0,0,0,0,0,0,0,0,0,0,0,0,0,0,0,0,0,0,0,0,0,0,0,0,0,0,0,0,0,0,0,0,0,0,0,0,0,0,0,0,0,0,0,0,0,0,0,0,0,0,0,0,0,0,0,0,0,0,0,0,0,0,0,0,0,0,0,0
2020-03-03,0,0,0,0,0,0,0,0,0,0,0,0,0,0,0,0,0,0,0,0,0,0,0,0,0,0,0,0,0,0,0,0,0,0,0,0,0,0,0,0,0,0,0,0,0,0,0,0,0,0,0,0,0,0,0,0,0,0,0,0,0,0,0,0,0,0,0,0,0,0,0,0,0,0,0,0,0,0,0,0,0,0,0,0,0,0,0,0,0,0,0,0,0,0,0,0,0,0,0,0,0,0,0,0,0,0,0,0,0,0,0,0,0,0,0,0
2020-03-04,0,0,0,0,0,0,0,0,0,0,0,0,0,0,0,0,0,0,0,0,0,0,0,0,0,0,0,0,0,0,0,0,0,0,0,0,0,0,0,0,0,0,0,0,0,0,0,0,0,0,0,0,0,0,0,0,0,0,0,0,0,0,0,0,0,0,0,0,0,0,0,0,0,0,0,0,0,0,0,0,0,0,0,0,0,0,0,0,0,0,0,0,0,0,0,0,0,0,0,0,0,0,0,0,0,0,0,0,0,0,0,0,0,0,0,0
2020-03-05,0,0,0,0,0,0,0,0,0,0,0,0,0,0,0,0,0,0,0,0,0,0,0,0,0,0,0,0,0,0,0,0,0,0,0,0,0,0,0,0,0,0,0,0,0,0,0,0,0,0,0,0,0,0,0,0,0,0,0,0,0,0,0,0,0,0,0,0,0,0,0,0,0,0,0,0,0,0,0,0,0,0,0,0,0,0,0,0,0,0,0,0,0,0,0,0,0,0,0,0,0,0,0,0,0,0,0,0,0,0,0,0,0,0,0,0
2020-03-06,0,0,0,0,0,0,0,0,0,0,0,0,0,0,0,0,0,0,0,0,0,0,0,0,0,0,0,0,0,0,0,0,0,0,0,0,0,0,0,0,0,0,0,0,0,0,0,0,0,0,0,0,0,0,0,0,0,0,0,0,0,0,0,0,0,0,0,0,0,0,0,0,0,0,0,0,0,0,0,0,0,0,0,0,0,0,0,0,0,0,0,0,0,0,0,0,0,0,0,0,0,0,0,0,0,0,0,0,0,0,0,0,0,0,0,0
2020-03-07,0,0,0,0,0,0,0,0,0,0,0,0,0,0,0,0,0,0,0,0,0,0,0,0,0,0,0,0,0,0,0,0,0,0,0,0,0,0,0,0,0,0,0,0,0,0,0,0,0,0,0,0,0,0,0,0,0,0,0,0,0,0,0,0,0,0,0,0,0,0,0,0,0,0,0,0,0,0,0,0,0,0,0,0,0,0,0,0,0,0,0,0,0,0,0,0,0,0,0,0,0,0,0,0,0,0,0,0,0,0,0,0,0,0,0,0
2020-03-08,0,0,0,0,0,0,0,0,0,0,0,0,0,0,0,0,0,0,0,0,0,0,0,0,0,0,0,0,0,0,0,0,0,0,0,0,0,0,0,0,0,0,0,0,0,0,0,0,0,0,0,0,0,0,0,0,0,0,0,0,0,0,0,0,0,0,0,0,0,0,0,0,0,0,0,0,0,0,0,0,0,0,0,0,0,0,0,0,0,0,0,0,0,0,0,0,0,0,0,0,0,1,0,0,0,0,0,0,0,0,0,0,0,0,0,0
2020-03-09,0,0,0,0,0,0,0,0,0,0,0,0,0,0,0,0,0,0,0,0,0,0,0,0,0,0,0,0,0,0,0,0,0,0,0,0,0,0,0,0,0,0,0,0,0,0,0,0,0,0,0,0,0,0,0,0,0,0,0,0,0,0,0,0,0,0,0,0,0,0,0,0,0,0,0,0,0,0,0,0,0,0,0,0,0,0,0,0,0,0,0,0,0,0,0,0,0,0,0,0,0,1,0,0,0,0,0,0,0,0,0,0,0,0,0,0
2020-03-10,0,0,0,0,0,0,0,0,0,0,0,0,0,0,0,0,0,0,0,0,0,0,0,0,0,0,0,0,0,0,0,0,0,0,0,0,0,0,0,0,0,0,0,0,0,0,0,0,0,0,0,0,0,0,0,0,0,0,0,0,0,0,0,0,0,0,0,0,0,0,0,0,0,0,0,0,0,0,0,0,0,0,0,0,0,0,0,0,0,0,0,0,0,0,0,0,0,0,0,0,0,1,0,0,0,0,0,0,0,0,0,0,0,0,0,0
2020-03-11,0,0,0,0,0,0,0,0,0,0,0,0,0,0,0,0,0,0,0,0,0,0,0,0,0,0,0,0,0,0,0,0,0,0,0,0,0,0,0,0,0,0,0,0,0,0,0,0,0,0,0,0,0,0,0,0,0,0,0,0,0,0,0,0,0,0,0,0,0,0,0,0,0,0,0,0,0,0,0,0,0,0,0,0,0,0,0,0,0,0,0,0,0,0,0,0,0,0,0,0,0,1,0,0,0,0,0,0,0,0,0,0,0,0,0,0
2020-03-12,0,0,0,0,0,0,0,0,0,0,0,0,0,0,0,0,0,0,0,0,0,0,0,0,0,0,0,0,0,0,0,0,0,0,0,0,0,0,0,0,0,0,0,0,0,0,0,0,0,0,0,0,0,0,0,0,0,0,0,0,0,0,0,0,0,0,0,0,0,0,0,0,0,0,0,0,0,0,0,0,0,0,0,0,0,0,0,0,0,0,0,0,0,0,0,0,0,0,0,0,0,1,0,0,0,0,0,0,0,0,0,0,0,0,0,0
2020-03-13,0,0,0,0,0,0,0,0,0,0,0,0,0,0,0,0,0,0,0,0,0,0,0,0,0,0,0,0,0,0,0,0,0,0,0,0,0,0,1,0,0,0,0,0,0,0,0,0,0,0,0,0,0,0,0,0,0,0,0,0,0,0,0,0,0,0,0,0,0,0,0,0,0,0,0,0,0,0,0,0,0,0,0,0,0,0,0,0,0,0,0,0,0,0,0,0,0,0,0,0,0,2,0,0,0,0,0,0,0,0,0,0,0,0,0,0
2020-03-14,0,0,0,0,0,0,0,0,0,0,0,0,0,0,0,0,0,0,0,0,0,0,0,0,0,0,0,0,0,0,0,0,0,0,0,0,0,0,1,0,0,1,0,0,0,0,0,0,0,0,0,0,0,0,0,0,0,0,0,0,0,0,0,0,0,0,0,0,0,0,0,0,0,0,0,0,0,0,0,0,0,0,0,0,0,0,0,0,0,0,0,0,0,0,0,0,0,0,0,0,0,2,0,0,0,0,0,0,0,0,0,0,0,0,0,0
2020-03-15,0,0,0,0,0,0,0,0,0,0,0,0,0,0,0,0,0,0,0,0,0,0,0,0,0,0,0,0,0,0,0,0,0,0,0,0,0,0,2,0,0,1,0,0,0,0,0,0,0,0,0,0,0,0,0,0,0,0,0,0,0,0,0,0,0,0,0,0,0,0,0,0,0,0,0,0,0,0,0,0,0,0,0,0,0,0,0,0,0,0,0,0,0,0,0,0,0,0,0,0,0,2,0,0,0,0,0,0,0,0,0,0,0,0,0,0
2020-03-16,0,0,0,0,0,0,0,0,0,0,0,0,0,0,0,0,0,0,0,0,0,0,0,0,0,0,0,0,0,0,0,0,0,0,0,0,0,0,3,0,0,1,0,0,0,0,0,0,0,0,0,0,0,0,0,0,0,0,0,0,0,0,0,0,0,0,0,0,0,0,0,0,0,0,0,0,0,0,0,0,0,0,0,0,0,0,0,0,0,0,0,0,0,0,0,0,0,0,0,0,0,3,1,0,0,0,0,0,0,0,0,0,0,0,0,0
2020-03-17,0,0,0,0,0,0,0,0,0,1,0,0,0,0,0,0,0,0,1,0,0,0,0,0,0,1,0,0,0,0,0,0,0,0,0,0,0,0,3,0,0,1,0,0,0,0,0,1,0,0,0,0,0,0,0,0,0,0,0,0,0,0,0,0,0,0,0,0,0,0,0,0,0,0,0,0,0,0,0,0,0,0,0,0,0,0,0,0,0,0,0,0,0,0,0,0,0,0,0,0,0,5,1,0,0,0,0,0,0,0,0,0,0,0,0,0
2020-03-18,0,0,0,0,0,0,0,0,0,1,0,0,0,0,0,0,0,0,2,0,0,0,0,0,0,1,0,0,0,0,0,0,0,0,0,0,0,0,4,0,0,1,0,0,0,0,0,3,0,0,0,0,0,0,0,0,0,0,0,0,0,0,0,0,0,0,0,0,0,0,0,0,0,0,0,0,0,0,0,0,0,0,0,0,0,0,0,0,0,0,0,0,0,0,0,0,0,0,0,0,0,7,2,0,0,0,0,0,0,0,0,0,0,0,0,0
2020-03-19,0,0,0,0,0,0,0,0,0,3,0,0,0,0,0,0,0,0,2,0,0,2,0,0,0,2,0,0,0,0,0,0,0,0,0,0,0,0,6,0,0,1,0,0,0,0,0,3,0,0,0,6,0,0,0,0,0,0,0,0,0,0,0,0,0,0,0,0,0,0,0,0,0,0,0,0,0,0,0,0,0,0,0,0,0,1,0,0,0,0,0,0,0,0,0,0,0,0,1,0,0,8,5,0,0,0,0,0,0,0,0,0,0,0,0,0
2020-03-20,0,0,0,0,0,0,0,0,0,8,0,0,0,0,0,0,0,0,6,0,0,2,0,0,0,2,0,0,0,0,0,0,0,0,1,0,0,0,8,0,0,1,0,0,0,0,0,8,0,0,0,12,0,0,0,0,0,0,0,0,0,0,0,0,0,0,0,0,0,0,0,0,0,0,0,0,0,0,0,0,0,0,0,0,0,1,0,0,0,0,0,0,0,0,0,1,0,0,1,0,0,14,7,0,0,0,0,0,0,0,0,0,0,0,0,0
2020-03-21,1,0,0,0,0,0,0,0,0,10,0,0,0,0,0,0,0,0,6,0,0,2,0,0,0,3,0,0,0,0,0,0,0,0,1,0,0,0,8,0,0,1,0,0,0,0,0,8,1,0,0,12,0,0,0,0,0,0,0,0,0,0,0,0,0,0,0,0,0,0,0,0,0,0,0,0,0,0,0,0,0,0,0,0,0,1,0,0,0,0,0,0,0,0,0,1,0,0,2,0,0,22,10,0,0,0,0,0,0,0,0,0,0,0,0,0
2020-03-22,1,0,0,0,0,0,1,0,0,15,0,0,0,0,0,0,0,0,6,0,0,2,0,0,0,3,0,0,0,0,0,0,0,0,1,0,0,0,10,0,0,1,0,0,0,0,0,8,1,0,1,13,0,0,0,0,0,0,0,0,0,0,0,0,0,0,0,0,0,0,0,0,0,0,0,0,0,0,0,0,0,0,0,0,0,1,0,0,0,0,0,0,0,0,0,1,0,0,3,0,0,40,14,0,0,0,0,0,0,0,0,0,0,0,0,0
2020-03-23,2,0,0,0,0,0,1,0,0,17,0,0,0,1,1,0,0,0,6,0,0,2,0,3,1,5,0,0,0,0,0,0,0,0,1,0,0,0,17,0,0,1,0,0,0,0,0,10,1,0,1,17,0,0,1,0,0,0,0,0,0,0,0,0,0,0,0,0,1,0,0,0,0,0,0,0,0,0,0,1,0,0,0,1,0,1,0,0,0,0,0,0,0,0,0,1,0,0,4,0,1,100,22,0,0,0,0,1,0,0,0,0,0,0,0,0
2020-03-24,1,0,0,0,0,0,1,0,0,20,0,0,0,2,1,0,0,0,6,0,0,2,0,3,1,5,0,0,0,0,0,0,0,0,1,0,0,0,19,0,0,1,0,0,0,0,0,14,1,4,1,21,0,0,1,0,0,0,0,0,0,0,0,0,0,0,0,0,1,0,0,0,0,0,0,0,0,0,1,2,0,0,0,2,0,4,0,0,1,0,0,0,0,0,0,1,0,0,8,0,2,120,37,0,0,0,0,1,0,0,0,0,0,0,0,0
2020-03-25,1,0,0,0,0,0,1,0,0,22,0,0,0,2,1,3,0,0,8,0,0,1,0,2,1,6,1,0,0,0,0,0,0,0,1,3,0,0,23,0,0,1,0,0,0,0,0,17,2,5,2,43,0,0,2,0,0,0,0,0,0,0,0,0,1,0,0,0,2,0,1,0,0,1,0,0,0,0,1,2,0,0,0,2,0,4,0,1,1,0,0,0,0,0,0,1,0,1,12,0,2,148,53,0,0,0,0,1,0,0,0,0,0,0,0,0
2020-03-26,1,0,1,0,0,0,1,1,1,37,0,0,0,2,1,3,0,1,8,0,0,2,0,5,1,8,1,0,0,0,0,0,0,0,2,4,0,0,25,0,0,1,0,0,0,0,0,31,2,10,8,64,0,0,2,0,0,1,0,0,0,0,0,0,1,0,0,0,2,0,2,0,0,3,0,0,0,0,1,4,0,0,0,5,0,4,0,1,1,0,0,0,0,0,0,1,0,1,24,0,2,230,69,0,1,0,0,1,0,0,0,0,0,0,0,0
2020-03-27,1,0,1,0,0,0,1,1,1,37,2,0,0,3,1,5,0,1,8,0,1,3,0,9,1,10,1,0,0,0,0,0,0,0,3,4,0,0,31,0,0,1,0,0,0,0,0,41,2,15,8,78,0,0,4,0,0,2,0,0,0,0,0,0,1,0,0,0,2,0,3,0,0,3,0,0,0,0,1,6,1,0,0,5,0,4,0,1,1,1,0,0,0,0,0,1,0,1,32,0,4,302,95,0,1,0,0,1,1,0,0,0,0,0,0,1
2020-03-28,1,0,1,0,1,0,1,1,1,49,3,0,0,6,4,5,0,2,8,0,1,7,0,10,1,17,1,0,0,0,0,0,0,0,3,6,0,0,41,0,0,1,0,0,0,0,0,43,4,17,9,94,0,0,4,0,0,2,0,0,0,0,0,0,1,0,0,0,3,0,3,0,0,4,0,0,0,0,1,7,1,0,0,6,0,5,0,1,1,1,0,0,0,0,0,3,0,1,37,0,4,334,102,0,1,0,0,2,1,0,0,0,0,0,0,1
2020-03-29,1,0,1,0,1,0,2,1,1,54,3,0,0,8,7,5,0,2,8,0,1,7,0,11,1,17,1,0,0,0,0,0,0,0,3,7,0,0,46,0,0,1,0,0,0,0,0,48,6,17,10,102,0,0,4,0,0,2,0,0,0,0,1,0,1,0,0,0,4,0,3,0,0,4,0,0,0,0,1,7,1,0,0,6,0,5,0,1,1,1,0,2,0,0,0,3,0,1,43,0,4,354,103,0,2,0,0,2,1,0,2,0,0,0,0,3
2020-03-30,1,0,1,0,1,0,1,1,1,59,3,0,0,13,11,13,0,2,9,5,3,12,0,13,4,25,1,1,0,0,0,0,0,0,6,7,0,0,48,0,0,1,0,0,0,0,0,56,6,18,10,100,0,0,17,0,0,5,0,1,1,0,1,0,2,0,0,0,2,0,2,1,0,4,0,0,1,0,2,12,1,0,1,7,0,7,0,1,1,1,2,2,0,0,0,5,0,1,56,0,3,556,150,0,2,1,0,2,1,0,2,0,0,0,0,4
2020-03-31,2,0,1,0,1,0,1,2,1,64,5,0,0,14,12,15,0,4,14,5,4,12,0,16,4,25,2,1,0,0,0,0,0,0,6,13,0,0,48,0,1,1,0,0,0,0,0,77,7,30,19,119,0,0,19,0,0,7,0,1,3,0,1,0,2,0,0,0,2,0,2,1,0,5,0,0,1,0,2,14,1,0,1,9,0,7,0,1,2,1,2,2,0,0,0,6,0,1,71,0,5,640,195,2,3,1,0,2,1,0,5,0,0,2,0,4
2020-04-01,3,0,1,0,1,0,2,3,1,66,5,1,1,17,17,15,0,4,17,5,4,12,0,21,5,25,2,1,0,0,0,1,0,0,6,16,1,0,51,0,1,1,0,0,0,0,0,86,7,38,19,128,0,0,20,0,0,10,0,1,3,0,2,0,2,0,0,0,2,0,2,1,0,5,0,0,2,0,2,18,1,0,1,12,0,8,0,1,2,1,2,2,0,0,0,6,0,1,93,0,6,751,239,3,3,2,0,2,1,0,6,0,0,2,0,4
2020-04-02,6,0,1,0,1,0,2,3,1,69,5,1,1,18,19,15,0,4,21,5,4,12,0,23,6,25,2,1,0,0,0,1,0,0,6,19,1,0,54,0,2,1,0,0,0,1,0,103,7,47,26,139,0,0,20,0,0,12,0,1,3,0,2,0,2,0,0,0,2,0,2,1,1,6,0,0,2,0,3,19,1,0,1,13,0,8,0,1,2,1,2,2,0,0,0,6,0,1,105,0,9,827,270,3,3,2,0,2,1,0,7,0,0,2,0,6
2020-04-03,6,0,1,0,1,0,2,3,1,69,8,1,1,18,19,15,0,4,21,5,4,12,0,23,6,25,2,1,0,0,0,1,0,0,6,19,1,0,54,0,2,1,0,0,0,1,0,103,9,47,26,139,0,0,20,0,0,12,0,1,3,0,2,0,2,0,0,0,2,0,2,1,1,6,1,0,2,0,3,19,1,0,2,13,0,8,0,1,2,1,2,2,0,0,0,6,0,1,105,0,9,914,297,3,3,2,0,2,1,0,7,0,0,2,0,6
2020-04-04,10,0,1,0,1,0,3,3,1,75,8,2,1,18,20,16,0,3,22,5,4,16,1,32,7,28,2,2,0,0,0,1,0,0,7,24,2,0,64,0,2,1,0,0,0,1,0,135,11,69,29,172,0,0,26,0,0,16,0,1,3,0,2,0,2,0,0,0,2,0,4,1,1,6,1,0,2,0,3,22,2,0,2,14,0,10,0,1,7,3,2,2,2,0,0,7,0,1,151,0,14,995,328,6,7,2,0,5,1,0,7,0,0,3,0,6
2020-04-05,10,0,1,0,1,0,3,3,1,75,8,2,1,18,21,16,0,4,22,5,4,16,1,32,7,28,2,2,0,0,0,1,0,0,7,24,2,1,64,0,2,1,0,0,0,1,0,135,11,69,29,172,0,0,26,0,0,16,0,1,3,0,2,0,2,0,0,0,2,0,4,1,1,6,2,0,2,0,3,22,2,1,2,14,0,10,0,1,7,3,2,2,2,0,0,7,0,1,151,0,15,1055,358,6,7,2,0,5,1,0,7,0,0,3,0,6
2020-04-06,10,0,1,0,1,0,3,3,1,76,11,2,1,19,24,20,0,3,26,4,4,17,1,37,8,31,2,3,0,1,0,1,0,0,8,33,2,1,69,0,3,2,0,0,0,1,0,155,13,81,32,212,0,0,28,0,0,18,2,1,2,1,2,0,3,0,0,0,4,0,5,1,2,6,2,0,3,0,3,28,2,1,2,17,0,11,0,1,7,4,2,2,3,0,0,10,0,1,188,0,17,1245,440,6,7,3,0,7,0,0,9,0,0,3,1,7
2020-04-07,11,0,1,0,1,0,3,3,2,77,14,5,1,19,24,20,0,3,25,7,4,17,1,37,8,32,2,3,0,1,0,1,0,0,8,35,2,1,72,0,4,2,0,0,1,4,0,162,15,92,33,234,0,0,28,0,0,24,3,1,2,1,2,0,3,0,0,0,4,0,5,1,5,6,2,1,4,0,3,28,3,1,4,17,1,12,0,1,7,7,2,2,5,0,1,10,0,1,237,0,19,1364,476,6,8,3,0,7,0,0,11,0,0,3,1,7
2020-04-08,11,0,1,0,1,0,3,3,2,77,14,5,1,19,24,20,0,3,25,7,4,17,1,37,8,32,2,3,0,1,0,1,0,0,9,35,2,1,72,0,4,2,0,0,1,4,0,162,15,93,33,234,0,0,28,0,0,24,3,1,2,1,2,0,3,0,0,0,4,0,5,1,5,6,2,1,4,0,3,31,3,1,4,18,1,12,0,1,7,7,2,2,5,0,1,11,0,1,271,0,19,1467,514,6,8,3,0,7,0,0,13,0,0,3,1,7
2020-04-09,11,0,1,0,2,0,4,3,2,78,16,5,1,20,25,23,0,3,26,8,4,17,1,37,11,35,2,5,0,1,0,2,0,0,9,56,2,1,74,0,4,2,0,0,1,4,0,167,16,95,35,249,0,0,27,0,0,25,3,1,2,1,2,0,3,0,0,0,4,0,5,1,5,6,2,1,4,0,4,31,3,1,4,19,1,12,0,1,7,7,2,2,7,0,1,11,0,1,283,0,20,1573,565,6,8,3,0,7,0,0,13,1,0,3,1,7
2020-04-10,11,0,1,0,2,0,6,3,3,78,20,10,1,21,26,26,0,3,27,5,4,17,1,42,10,35,3,4,0,2,0,3,0,0,12,68,2,1,76,0,6,2,0,0,1,4,0,199,20,107,36,300,0,0,28,0,0,26,3,1,2,1,2,0,4,0,0,0,4,0,6,1,6,7,2,1,4,0,4,31,4,1,5,25,1,11,0,1,8,7,2,3,18,0,2,13,0,1,325,2,20,1721,594,6,9,4,0,7,0,3,13,1,0,3,1,7
2020-04-11,11,1,1,0,2,0,6,3,3,79,20,13,1,21,26,28,0,3,34,5,4,17,1,46,11,36,4,4,0,2,0,3,0,0,13,83,2,1,77,0,6,4,0,0,1,4,1,217,22,117,41,300,0,0,28,0,0,26,3,1,2,1,2,0,4,0,0,0,4,0,6,1,6,8,2,1,4,0,4,34,4,1,6,25,1,11,0,1,8,7,2,3,22,0,3,14,0,1,348,2,21,1804,645,6,9,4,0,7,0,3,13,1,0,4,1,7
2020-04-12,11,1,1,0,2,0,6,3,3,80,20,13,1,20,26,28,0,3,37,5,4,17,1,48,11,36,4,4,0,2,0,3,0,0,14,83,2,1,79,0,6,4,0,0,1,4,1,225,18,124,37,308,0,0,28,0,0,26,3,1,2,1,2,0,3,0,0,0,4,0,6,1,8,8,2,1,4,0,4,35,3,1,6,25,1,11,0,1,8,7,2,3,22,0,3,15,0,1,366,2,23,1845,698,7,9,3,0,7,0,3,13,1,0,4,1,7
2020-04-13,11,1,1,0,2,0,6,3,3,82,22,16,1,20,26,30,0,3,42,5,4,17,1,51,11,37,4,4,0,2,0,3,0,0,16,84,2,1,79,0,6,4,0,0,2,4,1,225,25,129,45,329,0,0,28,0,0,26,4,1,2,1,2,0,4,0,0,0,4,0,6,1,8,8,2,1,4,0,8,36,3,1,6,25,1,11,0,1,8,7,2,3,23,0,3,24,0,1,380,2,23,1915,706,7,11,3,0,8,0,3,17,1,0,4,1,8
2020-04-14,12,1,2,0,2,0,6,3,3,87,22,16,1,20,26,30,0,3,45,5,4,19,1,51,11,38,4,5,0,2,0,3,0,0,16,87,2,1,80,0,6,5,0,0,2,4,1,237,27,139,45,346,0,0,28,0,0,33,5,2,2,1,2,0,4,0,0,0,4,0,6,1,8,9,3,1,4,0,8,38,3,1,6,26,1,12,0,1,8,7,2,3,35,0,3,25,0,1,384,2,23,1968,723,7,12,3,0,8,0,3,17,1,0,5,1,9
2020-04-15,12,1,2,0,2,0,6,3,3,87,22,16,1,20,26,30,0,3,45,5,4,19,1,51,11,38,4,5,0,2,0,3,0,0,17,87,2,1,80,0,6,5,0,0,2,4,1,237,27,139,45,351,0,0,28,0,0,35,5,2,2,1,2,0,4,0,0,0,4,0,6,1,8,9,3,1,4,0,8,38,3,1,6,26,1,16,0,1,8,7,2,3,35,0,3,26,0,1,400,2,23,2045,743,7,12,3,0,8,0,3,17,1,0,5,1,9
2020-04-16,12,1,2,0,3,0,6,3,3,92,26,21,2,20,31,33,0,3,47,5,4,19,1,52,11,41,4,5,0,2,0,3,0,0,18,89,2,1,81,0,6,6,0,1,2,5,1,260,28,155,45,386,0,0,29,0,0,35,5,2,2,1,2,0,4,0,0,0,12,0,6,2,8,9,3,1,4,0,11,41,8,1,6,27,1,18,0,1,8,7,2,3,51,0,4,41,0,1,416,2,23,2137,766,7,13,3,0,8,0,4,17,3,0,5,1,9
2020-04-17,12,1,2,0,3,0,6,3,3,93,28,22,2,21,32,35,0,3,50,5,4,19,1,55,11,42,4,6,0,2,2,3,0,0,18,91,2,1,87,0,6,6,0,1,2,5,1,267,28,179,48,401,0,0,29,0,0,35,5,2,2,1,2,0,4,0,1,0,19,0,7,2,8,9,3,1,4,0,11,41,10,1,6,27,1,25,0,1,8,7,2,3,53,0,4,42,0,1,426,2,24,2215,788,7,15,3,0,8,0,4,18,4,0,6,1,9
2020-04-18,12,1,2,0,3,0,6,3,3,93,30,23,2,21,32,36,0,3,53,5,4,19,1,56,11,44,4,6,0,2,2,3,0,0,19,95,2,1,88,0,6,6,0,1,2,5,1,268,28,183,48,412,0,0,29,0,0,35,5,2,2,1,2,0,4,0,1,0,36,0,7,2,8,9,3,1,4,0,12,41,13,1,6,27,1,29,0,1,8,7,2,4,60,0,4,49,0,1,438,2,24,2295,810,7,16,3,0,9,0,4,21,4,0,8,1,9
2020-04-19,12,1,2,0,3,0,6,3,3,93,31,23,2,21,32,36,0,3,53,5,4,19,1,57,11,46,4,6,0,2,2,3,0,0,19,98,2,1,90,0,6,6,0,1,2,5,2,268,28,214,48,418,0,0,30,0,0,35,5,2,2,1,2,0,4,0,1,0,39,0,7,2,9,9,3,1,4,0,13,41,13,1,6,27,1,31,0,1,8,7,2,4,64,0,4,51,0,1,443,2,24,2347,857,7,18,3,0,9,0,4,22,4,0,8,1,9
2020-04-20,12,1,2,0,4,0,6,3,3,94,32,24,2,21,33,36,0,3,53,5,4,19,1,59,11,46,4,6,0,2,2,3,0,0,19,99,2,1,90,0,6,6,0,1,2,5,2,271,28,222,50,420,0,0,30,0,0,56,5,2,2,1,2,0,4,0,1,0,39,0,7,2,9,9,3,1,4,0,13,41,13,1,6,27,1,31,0,1,8,7,2,4,67,0,4,51,0,1,458,2,24,2419,882,7,18,3,0,9,0,4,22,5,0,10,1,9
2020-04-21,12,1,2,1,5,0,6,3,3,96,33,24,2,21,35,37,0,3,54,5,4,19,1,61,11,46,5,5,0,2,2,3,0,0,19,102,2,1,92,0,6,6,0,1,2,5,2,279,29,231,52,438,0,0,30,0,1,59,5,2,2,1,2,3,4,0,1,0,53,0,7,2,9,10,3,1,5,0,13,38,14,1,6,27,1,31,0,1,8,7,2,3,72,0,4,52,0,1,469,2,24,2499,908,7,19,3,0,9,0,4,22,6,0,10,1,9
2020-04-22,12,1,2,1,5,0,6,3,3,97,35,24,2,21,35,40,1,3,55,5,4,19,1,61,11,46,5,5,0,2,2,3,0,0,19,105,2,1,92,0,6,6,0,1,2,5,2,288,30,238,52,448,0,0,30,0,1,59,5,2,2,1,2,4,4,0,1,1,59,0,7,3,9,10,3,1,5,0,17,38,21,1,6,27,1,31,0,1,8,7,2,4,96,0,4,59,0,1,474,2,24,2576,924,7,19,3,0,9,0,4,22,6,0,13,1,9
2020-04-23,12,1,2,1,5,0,6,4,3,98,43,26,2,21,35,42,1,3,55,5,4,19,1,62,11,47,5,6,0,2,2,3,0,0,19,105,2,1,92,0,6,6,0,1,2,5,2,287,30,244,52,461,0,0,33,0,6,58,5,2,2,1,2,4,5,0,1,3,59,0,7,3,9,10,3,1,5,0,18,38,16,1,6,28,1,30,0,1,8,10,2,4,123,0,4,59,0,1,487,2,26,2712,966,7,19,3,0,10,0,4,22,7,0,13,1,9
2020-04-24,12,1,2,1,5,0,6,4,4,99,48,25,2,21,35,43,3,3,55,5,5,19,1,63,11,49,7,7,0,2,2,3,0,0,19,106,2,1,93,0,6,6,0,1,2,5,2,300,24,251,53,475,0,0,33,0,6,60,5,2,2,1,2,4,4,0,1,3,59,0,7,3,9,10,3,1,5,0,18,39,25,1,6,30,1,33,0,1,8,10,2,4,142,0,4,60,0,1,516,2,26,2808,1000,7,19,3,0,10,0,4,22,8,0,13,1,9
2020-04-25,12,1,2,1,6,0,6,4,4,98,48,25,2,21,35,43,3,3,58,5,5,19,1,65,11,50,7,7,0,2,2,3,0,0,19,106,2,1,93,0,6,6,0,1,2,5,2,303,24,253,53,486,0,0,33,0,6,67,5,2,2,1,2,4,4,0,1,23,59,0,7,3,9,10,3,1,5,0,18,39,25,1,7,31,1,33,0,1,8,10,2,5,143,0,4,60,0,1,524,2,26,2893,1019,7,19,3,0,10,0,4,22,8,0,13,1,9
2020-04-26,12,1,2,1,6,0,6,4,4,98,57,26,2,21,35,47,3,3,58,5,5,19,1,67,11,50,7,7,0,2,2,3,0,0,20,106,2,1,93,0,6,8,0,1,2,5,2,307,24,258,53,493,0,0,35,0,6,68,5,2,2,1,2,5,4,0,1,23,59,0,7,3,9,10,3,1,5,0,18,41,27,2,8,31,1,33,0,1,8,11,2,5,162,0,4,61,0,1,526,2,28,2972,1037,7,19,3,0,10,0,4,22,8,0,13,1,9
2020-04-27,12,2,2,1,6,0,6,4,4,98,63,26,3,20,35,48,3,3,58,5,5,19,1,68,11,50,7,7,0,2,2,3,0,0,20,106,2,1,93,0,6,8,0,1,2,5,2,309,24,266,54,500,0,0,35,0,6,68,5,2,2,1,2,5,4,0,1,23,52,0,7,3,9,10,3,1,5,0,19,41,27,2,9,31,1,33,0,1,8,11,2,5,168,0,4,61,0,1,572,2,28,3037,1067,7,19,3,0,10,0,4,22,8,0,13,1,9
2020-04-28,12,2,2,1,6,0,6,4,4,99,68,26,3,22,35,48,3,3,61,5,5,19,1,69,11,50,7,7,0,2,2,3,0,0,20,110,2,1,93,0,6,8,0,1,2,5,2,309,24,267,54,511,0,0,35,0,6,70,5,2,2,1,2,5,4,0,1,23,52,0,7,3,9,10,3,1,5,0,21,41,31,2,9,31,1,33,0,1,8,12,2,5,170,0,4,62,0,1,572,2,28,3106,1104,7,19,3,0,11,0,4,22,8,0,13,1,9
2020-04-29,12,2,2,1,6,0,6,4,4,99,76,26,3,22,35,49,3,3,61,5,5,19,1,69,11,50,7,7,0,2,2,3,0,0,21,112,2,1,95,0,6,8,0,1,2,5,2,313,24,273,54,520,0,0,36,0,6,71,5,2,2,1,2,5,4,0,1,23,52,0,7,3,9,10,3,1,5,0,25,43,34,2,10,32,1,34,0,1,8,12,2,5,188,0,4,63,0,1,596,2,28,3161,1126,7,19,3,0,11,0,4,22,8,0,15,1,10
2020-04-30,12,2,2,1,6,0,6,8,4,100,87,26,3,22,35,49,3,3,62,5,5,19,1,70,11,51,7,8,0,2,2,3,0,0,21,114,2,1,96,0,6,8,0,1,2,5,2,315,24,274,54,545,0,0,37,0,6,70,5,2,2,1,2,5,4,0,1,29,52,0,7,3,9,10,3,1,5,0,28,43,35,2,11,32,1,34,0,1,8,12,2,5,188,0,4,64,0,1,596,2,28,3274,1145,7,19,3,0,11,0,4,22,8,0,15,1,10
2020-05-01,12,3,2,1,6,0,6,8,4,102,141,25,3,22,35,49,3,3,63,5,5,19,1,72,11,51,9,8,0,2,2,3,0,0,21,114,3,1,96,0,6,8,0,1,2,5,2,328,24,277,55,578,0,0,38,0,6,70,5,2,2,1,2,5,4,0,1,29,52,0,7,4,9,10,3,1,5,0,32,43,36,2,11,32,1,36,0,1,8,12,2,5,192,0,4,70,0,1,591,2,28,3376,1150,8,20,3,0,11,0,4,22,8,0,15,1,10
2020-05-02,12,3,2,1,6,0,6,8,4,102,185,26,3,23,35,49,3,3,63,5,5,19,1,75,11,53,9,8,0,2,3,3,0,0,22,119,3,1,97,0,6,7,0,1,2,5,2,339,25,279,57,597,0,0,39,0,6,70,5,2,2,1,2,5,4,0,2,29,52,0,7,5,10,10,4,2,5,0,32,43,41,2,11,34,1,36,0,1,8,12,2,5,195,0,4,76,0,1,608,2,28,3445,1207,8,20,3,0,12,0,4,22,8,0,15,1,10
2020-05-03,12,5,2,1,6,0,6,8,4,102,229,26,3,23,35,49,3,3,63,5,5,19,1,76,11,54,9,8,0,2,3,3,0,0,23,122,3,1,97,0,6,7,0,1,2,5,2,342,25,285,59,609,0,0,42,0,6,70,5,2,2,1,2,5,4,0,2,29,52,0,7,5,10,10,4,2,5,0,32,43,43,2,11,34,1,36,0,1,8,12,2,5,199,0,4,76,0,1,608,2,28,3527,1304,8,20,3,0,12,0,4,22,8,0,15,1,10
2020-05-04,12,6,2,1,6,0,6,8,4,97,341,26,3,23,35,49,3,3,63,5,5,19,1,80,11,54,9,8,0,2,3,3,0,0,23,125,3,1,99,0,6,7,0,1,2,5,2,335,25,290,59,659,0,0,45,0,6,74,5,2,2,1,2,5,4,0,2,29,52,0,7,5,11,10,4,2,5,0,40,43,48,2,11,34,1,36,0,1,8,12,2,5,204,0,4,76,0,1,612,2,28,3573,1346,9,21,3,0,12,0,4,22,9,0,15,1,10
2020-05-05,12,6,2,1,5,0,6,8,4,97,369,26,3,23,35,49,2,3,64,5,5,19,1,84,11,52,9,8,0,2,3,3,0,0,24,127,2,1,99,0,6,8,0,1,2,5,2,347,24,293,60,683,0,0,47,1,6,74,5,3,2,2,2,4,4,0,2,29,51,0,7,5,11,11,4,2,5,0,46,43,53,3,11,36,1,36,0,1,8,12,2,5,206,0,4,75,0,1,626,2,29,3643,1362,9,22,3,1,12,0,4,26,9,0,15,1,10
2020-05-06,12,6,2,1,5,0,6,8,4,98,386,26,3,23,35,49,2,3,64,7,5,19,1,85,13,53,9,8,0,2,3,3,0,0,23,132,2,1,99,0,6,8,0,1,2,5,2,362,24,301,60,706,0,0,50,1,6,74,5,4,2,2,2,5,4,0,2,32,51,0,7,6,11,11,5,2,5,0,48,44,55,3,12,36,1,36,0,1,8,12,2,5,208,0,4,76,0,1,631,2,29,3772,1384,9,24,3,1,12,0,5,26,9,0,15,1,10
2020-05-07,12,6,2,1,6,0,6,8,4,98,404,26,3,23,35,49,3,3,65,9,6,20,1,91,13,55,9,8,0,2,3,3,0,0,23,137,2,1,99,0,6,8,0,1,3,5,2,373,24,304,62,723,0,0,58,2,6,77,5,4,3,2,2,5,4,0,3,33,51,0,7,6,11,11,5,2,5,0,55,44,56,3,12,38,1,36,0,1,8,12,2,5,211,0,4,77,0,1,646,2,29,3826,1450,9,24,3,1,12,0,5,26,9,0,15,1,10
2020-05-08,12,6,2,1,6,0,6,8,4,98,409,26,3,23,35,49,3,3,65,9,5,20,1,90,14,54,9,8,0,2,3,4,0,0,24,129,2,1,103,0,6,9,0,1,3,5,2,380,24,307,62,739,0,0,59,7,6,77,5,3,2,2,2,5,4,0,3,49,43,0,7,7,11,11,5,2,5,0,57,45,57,2,13,39,1,36,0,1,8,12,2,5,214,0,4,78,0,1,655,2,29,3888,1474,8,24,3,1,12,0,4,28,9,0,16,1,10
2020-05-09,12,7,2,1,6,0,6,8,4,98,432,26,3,23,35,49,3,3,69,9,5,20,1,96,14,54,9,8,0,2,3,4,0,0,24,129,2,1,103,0,6,9,0,1,3,5,2,390,28,309,63,752,0,1,60,7,6,77,5,3,2,3,2,5,4,0,3,49,44,0,7,7,12,11,5,2,5,0,57,45,64,2,13,40,1,36,0,1,8,12,2,5,215,0,4,79,0,1,663,2,33,3941,1484,8,29,3,1,12,0,4,28,9,0,16,1,10
2020-05-10,12,8,2,2,6,0,6,8,4,100,442,27,3,23,36,51,3,3,69,9,5,20,1,96,14,56,9,8,0,2,3,4,0,0,24,129,2,1,103,0,6,9,0,1,3,5,2,398,28,309,63,767,0,2,62,7,6,77,5,3,2,3,2,5,4,0,3,49,44,0,7,7,12,11,5,2,5,0,63,45,64,2,13,41,1,36,0,1,8,12,2,5,219,0,4,80,0,1,665,2,33,3969,1513,8,29,3,1,12,0,4,28,9,0,16,1,10
2020-05-11,12,8,2,2,6,0,6,8,4,100,447,27,3,23,36,51,3,3,69,9,5,20,1,96,14,56,9,8,0,2,3,4,0,0,24,130,2,1,103,0,6,9,0,1,3,5,2,388,28,309,63,783,0,2,62,7,6,103,5,3,2,3,2,5,5,0,3,49,44,0,7,7,12,11,5,2,5,0,65,45,67,2,13,45,1,36,0,1,8,12,2,5,219,0,4,81,0,1,673,2,33,4006,1526,8,29,3,1,12,0,4,28,9,0,16,1,10
2020-05-12,12,8,2,2,6,0,6,8,4,100,464,27,3,23,36,52,4,3,69,9,5,21,1,96,14,56,9,8,0,2,3,4,0,0,24,131,2,1,103,0,6,9,0,1,3,5,2,402,29,310,65,791,0,3,62,7,6,103,5,3,2,3,2,5,5,0,4,49,44,0,7,7,13,11,5,2,5,0,65,45,68,2,13,45,1,36,0,2,8,12,2,5,219,0,4,82,0,1,673,2,33,4046,1549,8,29,3,2,12,0,4,28,9,0,16,1,10
2020-05-13,12,11,2,2,6,0,6,8,4,100,476,27,3,23,36,52,4,3,69,9,6,21,1,102,14,56,9,8,0,2,3,4,1,0,24,133,2,1,104,0,7,9,0,1,3,5,2,401,29,314,65,808,0,3,65,7,6,103,5,3,2,3,2,5,5,0,4,49,44,0,7,7,13,12,5,2,5,0,67,46,69,2,13,50,1,36,0,2,8,12,2,5,227,0,4,83,0,1,680,2,33,4137,1571,8,30,3,3,12,0,4,28,9,0,16,1,10
2020-05-14,15,11,2,2,6,0,6,9,4,100,496,27,3,23,36,52,4,3,71,9,6,21,1,105,14,56,9,8,0,2,3,4,1,0,24,134,2,2,105,0,7,9,0,1,3,5,2,395,29,316,69,838,0,3,67,7,6,103,5,3,2,3,2,5,6,0,4,49,44,0,7,7,13,12,5,2,5,0,67,46,70,2,14,50,1,36,0,2,8,12,2,6,227,0,4,84,0,1,688,2,33,4193,1596,8,30,3,9,12,0,4,28,9,0,16,1,10
2020-05-15,17,14,2,2,6,0,6,9,4,100,502,27,3,23,36,52,7,3,72,9,6,21,1,111,14,56,9,8,0,2,3,4,1,0,24,134,2,2,105,0,7,9,0,1,3,5,2,425,29,318,71,848,0,3,68,7,7,103,5,3,2,3,2,5,7,0,4,49,44,0,7,7,13,13,5,2,5,0,68,46,70,2,14,54,1,36,0,2,8,12,2,6,241,0,4,85,0,1,688,2,33,4278,1602,8,34,3,13,12,0,4,28,9,0,16,2,10
2020-05-16,23,14,2,2,6,0,7,9,4,100,506,28,3,23,36,54,7,3,72,9,6,21,1,116,14,56,9,8,0,2,3,4,1,0,25,134,2,2,105,0,7,9,0,1,3,5,2,432,29,326,71,863,0,3,68,7,7,103,5,3,2,3,2,5,7,0,4,49,44,0,7,8,14,13,5,2,5,0,68,46,70,2,14,54,2,36,0,2,8,13,2,6,247,0,4,86,0,1,688,2,33,4325,1631,8,51,3,34,12,0,5,28,9,0,16,2,10
2020-05-17,26,15,2,2,6,0,7,9,4,104,506,28,3,23,36,54,7,3,72,9,6,21,1,116,17,56,9,9,0,2,3,4,1,0,25,134,2,3,105,0,7,9,0,1,3,5,2,446,29,328,71,895,0,3,68,7,7,105,5,3,2,3,2,5,7,0,4,49,44,0,7,8,14,13,5,2,5,0,68,46,69,2,14,54,2,35,0,2,8,13,2,6,251,0,4,87,0,1,695,2,33,4350,1654,8,51,3,36,12,0,5,28,9,0,16,2,10
2020-05-18,29,17,2,2,6,0,7,9,4,105,520,30,4,23,36,54,7,3,72,9,6,21,1,117,17,56,9,9,0,2,3,4,1,0,26,135,2,3,107,0,7,9,0,1,3,5,2,454,29,330,72,901,0,3,68,7,7,105,5,3,2,3,2,5,13,0,4,49,44,0,7,8,14,16,5,2,5,0,68,47,69,2,14,54,2,33,0,2,8,14,2,7,251,0,4,87,0,1,704,2,33,4401,1682,8,53,4,36,12,0,5,28,9,0,17,3,10
2020-05-19,29,19,2,6,6,0,7,9,4,106,543,32,4,23,36,54,7,4,72,9,6,21,1,123,17,56,9,9,0,3,3,4,1,0,26,135,2,3,107,0,8,9,0,1,3,5,2,457,29,331,72,902,0,3,68,8,7,105,5,3,2,3,2,5,14,0,4,49,44,0,7,8,14,16,6,2,5,0,70,47,70,3,14,58,2,33,0,2,8,14,2,7,257,0,4,86,0,1,712,3,33,4432,1705,8,58,4,37,12,0,5,28,9,0,17,3,11
2020-05-20,34,20,3,18,6,0,7,9,4,106,562,34,5,23,36,55,7,4,74,9,6,21,1,125,18,56,9,9,0,3,3,5,1,0,26,136,2,4,111,0,8,9,0,1,3,5,2,457,29,331,72,924,0,3,69,8,7,105,5,3,2,3,2,5,14,0,4,49,44,0,7,8,14,16,8,2,5,0,70,47,70,3,14,60,2,33,0,2,8,14,2,7,257,0,4,88,0,1,712,3,33,4509,1717,8,61,4,37,12,0,6,28,9,0,17,3,11
2020-05-21,34,20,3,21,7,0,7,10,5,108,587,34,5,23,36,56,7,4,75,9,6,21,1,127,18,56,9,9,0,3,3,5,1,0,26,137,2,4,112,0,8,9,0,1,3,5,2,469,29,333,72,927,0,3,69,8,7,105,5,3,2,3,2,5,14,0,4,50,44,0,7,8,14,16,8,2,5,0,70,48,70,3,14,62,2,33,0,2,8,14,2,7,260,0,4,89,0,1,712,3,33,4557,1744,8,64,4,38,14,0,7,28,10,0,17,3,11
2020-05-22,38,20,3,27,8,0,7,10,6,111,599,28,5,23,36,57,7,4,77,9,6,21,1,133,18,58,9,9,0,3,4,5,1,0,25,137,2,6,117,0,8,9,0,1,3,5,2,485,32,334,72,967,0,3,69,8,7,106,5,3,2,3,2,5,15,0,4,53,44,0,7,8,15,16,8,2,5,0,72,48,70,4,14,63,2,33,0,2,8,15,2,7,262,0,4,91,0,1,722,3,33,4621,1763,8,67,4,39,14,0,7,28,10,0,17,3,11
2020-05-23,38,20,3,34,8,0,7,10,6,115,609,28,5,24,36,58,7,4,77,9,6,21,1,141,18,59,9,9,0,3,4,5,1,0,28,138,2,6,121,0,8,9,0,1,3,5,2,495,32,337,72,991,0,3,69,8,7,106,5,3,2,3,2,5,15,0,4,54,45,0,8,8,17,16,8,2,5,0,72,49,70,4,14,63,3,33,0,2,8,15,2,7,266,0,4,91,0,1,730,3,33,4650,1789,8,70,4,44,14,0,7,28,10,0,17,3,11
2020-05-24,41,23,3,56,9,0,7,10,6,116,617,28,5,24,38,59,7,5,79,9,6,21,1,149,18,59,9,9,0,3,4,5,1,0,28,138,2,17,122,0,8,10,0,1,3,5,2,517,32,337,72,1024,0,3,69,8,7,106,6,3,2,3,2,5,17,0,4,54,45,0,8,8,17,16,12,2,5,0,72,49,70,4,14,65,3,33,0,2,9,16,2,7,266,0,4,93,0,1,741,3,33,4723,1815,8,70,4,49,14,0,7,28,10,0,17,4,11
2020-05-25,44,24,3,60,9,0,7,10,6,122,628,29,5,26,38,62,7,5,80,9,6,21,1,149,18,60,9,9,0,3,4,5,1,0,30,140,2,17,122,0,8,10,0,1,3,5,2,520,32,337,73,1050,0,3,70,8,7,106,6,3,2,3,2,5,17,0,4,54,45,0,8,9,17,16,12,2,5,0,72,49,70,4,14,67,3,33,0,2,9,16,2,7,267,0,4,93,0,1,743,3,33,4762,1849,8,74,4,53,14,0,7,28,10,0,17,4,11
2020-05-26,46,24,3,61,9,0,7,10,6,123,640,29,5,26,38,64,7,5,82,9,6,21,1,149,18,60,9,9,0,3,4,6,1,0,31,140,2,19,125,0,9,10,0,1,3,5,2,528,32,344,73,1071,0,3,71,8,7,106,6,3,2,3,2,5,17,0,4,54,45,0,8,9,17,16,12,2,5,0,76,49,72,4,15,67,3,33,0,3,9,18,2,7,268,0,4,94,0,1,748,3,33,4831,1867,9,74,4,53,14,0,9,28,10,0,17,4,11
2020-05-27,46,30,3,68,9,0,7,10,6,130,662,29,5,26,38,68,7,5,82,9,6,21,1,158,18,60,9,9,0,3,4,6,1,0,31,140,2,21,125,0,9,10,0,1,3,5,2,515,33,345,73,1086,0,3,72,8,7,109,6,3,2,3,2,5,18,0,4,54,45,0,8,9,17,16,12,2,5,0,76,50,72,4,16,68,3,34,0,3,9,19,2,7,268,0,4,94,0,1,755,3,33,4887,1884,9,74,4,53,14,0,9,28,10,0,17,4,11
2020-05-28,49,30,3,71,9,0,7,10,6,138,677,30,5,27,38,70,8,5,85,9,6,21,1,162,18,60,9,9,0,3,4,6,1,0,32,140,2,25,128,0,9,10,0,1,3,6,2,554,33,348,74,1105,0,3,73,8,7,109,6,3,3,3,2,5,19,0,4,55,46,0,9,9,19,16,12,2,5,0,76,50,78,4,17,69,3,34,0,3,9,19,2,7,268,0,4,98,0,1,763,3,33,4933,1906,9,76,4,54,14,0,9,28,10,0,17,4,11
2020-05-29,50,30,3,73,9,0,7,10,6,144,687,32,5,27,38,73,8,5,85,9,6,21,1,167,18,60,9,9,0,3,4,6,1,0,33,140,2,26,139,0,9,11,0,1,3,6,2,560,36,349,76,1117,0,3,73,8,7,109,6,3,4,3,2,5,20,0,4,56,46,0,9,9,20,16,12,2,5,0,76,55,78,4,17,70,3,34,0,3,9,19,2,7,269,0,4,100,0,1,768,3,34,4980,1916,11,78,4,55,14,1,9,28,11,0,17,4,11
2020-05-30,51,30,3,79,9,0,7,11,6,147,690,35,5,29,38,73,8,5,89,9,6,23,1,171,18,60,9,9,0,3,4,6,1,1,38,139,2,26,148,0,9,12,0,1,3,7,2,570,36,349,76,1149,0,3,73,8,7,109,9,3,4,3,2,5,20,0,4,56,46,0,9,9,21,16,13,2,5,0,78,57,78,4,19,70,3,34,0,3,10,19,2,7,269,0,4,108,0,1,775,3,35,5014,1930,12,79,4,57,14,1,9,28,11,0,17,4,11
2020-05-31,55,30,3,82,9,0,7,11,6,152,692,35,5,29,38,73,8,5,90,9,6,23,1,173,18,60,9,9,0,3,4,6,1,1,38,139,2,31,151,0,9,12,0,2,3,7,2,596,37,349,76,1182,0,4,74,8,7,109,9,3,4,3,2,5,20,0,4,58,47,0,9,9,21,18,13,2,5,0,83,57,78,4,22,70,3,34,0,5,10,19,2,7,269,0,5,110,0,1,780,3,35,5047,1955,12,81,4,59,14,1,9,28,11,0,17,4,11
2020-06-01,60,30,3,85,9,0,9,11,6,153,709,35,6,29,38,74,8,5,93,9,6,24,1,173,18,61,9,9,0,3,4,6,1,2,45,141,2,35,155,0,9,12,0,2,3,7,3,613,37,363,76,1219,0,5,74,8,7,109,9,3,4,3,2,5,22,0,4,58,47,0,9,9,21,19,14,2,5,0,87,61,78,4,22,70,3,35,0,5,10,19,2,7,269,0,6,108,0,1,787,3,35,5094,1974,12,84,4,60,14,1,9,28,12,0,18,4,11
2020-06-02,60,30,3,90,9,0,10,11,6,154,719,40,6,30,38,76,8,5,96,9,6,24,1,173,18,61,9,9,0,3,4,6,1,2,45,142,2,41,155,0,9,12,0,2,3,9,3,637,38,390,76,1315,0,7,75,8,7,118,9,3,5,3,2,5,22,0,4,59,48,0,9,9,21,20,14,2,5,0,88,63,79,4,25,73,3,35,0,5,10,19,2,8,269,0,6,110,0,1,791,3,36,5121,1990,12,87,5,61,14,1,10,28,12,0,18,4,11
2020-06-03,60,31,3,97,9,0,10,11,7,162,725,42,6,30,38,76,8,5,97,9,6,27,1,177,18,61,9,9,0,3,4,6,1,2,45,143,2,41,164,0,9,12,0,2,3,9,3,656,39,395,77,1366,0,7,76,8,7,118,10,3,6,3,2,5,22,0,4,59,48,0,9,9,21,21,14,2,5,0,89,64,79,5,27,73,3,39,0,5,10,22,2,10,269,0,8,113,0,1,799,3,36,5190,2006,12,94,5,61,14,1,10,28,12,0,18,4,11
2020-06-04,62,31,3,102,9,0,12,12,7,169,736,45,6,32,38,77,9,5,100,9,6,29,1,181,20,61,9,9,0,4,4,6,1,2,47,149,2,43,167,0,9,12,0,2,3,10,3,676,44,396,77,1437,0,7,80,8,7,118,10,3,6,3,2,5,22,0,4,61,49,0,10,9,21,21,14,2,5,0,90,65,79,5,27,74,4,39,0,5,10,23,2,10,280,0,8,117,0,1,820,3,38,5229,2034,12,99,10,63,14,1,10,28,12,0,18,4,11
2020-06-05,67,32,3,108,9,0,12,12,7,173,741,47,7,32,38,83,9,5,100,9,6,29,1,186,20,61,9,9,0,4,5,6,1,2,48,149,2,46,171,0,9,12,0,2,3,11,3,686,46,398,77,1468,0,7,80,8,7,118,10,4,6,3,2,5,23,0,4,61,49,0,10,9,21,23,14,2,5,0,90,69,79,5,28,77,4,39,0,5,10,23,2,11,281,0,9,119,0,1,821,3,38,5262,2053,12,105,10,63,14,1,10,29,12,0,18,4,11
2020-06-06,68,33,3,111,9,0,12,13,7,185,744,47,8,32,38,85,9,5,102,9,6,29,1,226,20,61,9,9,0,4,5,7,1,2,48,150,2,52,174,0,9,12,0,2,3,12,3,696,50,398,77,1501,0,7,81,8,7,121,10,5,6,3,2,5,25,0,4,61,49,0,11,9,21,26,14,2,5,0,91,69,79,5,28,77,4,107,0,5,10,23,2,11,283,0,9,121,0,1,836,3,39,5305,2068,12,106,10,65,14,1,10,29,13,0,18,4,13
2020-06-07,72,33,3,111,9,0,12,13,7,189,748,47,8,33,38,85,9,5,102,9,6,29,1,233,20,61,9,9,0,5,5,7,1,2,49,150,2,52,174,0,9,12,0,2,3,12,3,702,56,398,77,1527,0,7,81,8,7,121,10,5,6,3,2,5,26,0,4,61,49,0,11,9,21,26,14,2,5,0,91,70,81,5,28,77,4,107,0,5,10,23,2,11,283,0,9,121,0,1,838,3,39,5323,2071,12,106,10,66,14,1,11,29,13,0,18,4,14
2020-06-08,72,33,3,117,9,0,12,13,7,193,754,47,8,34,38,87,9,5,104,9,6,29,1,240,20,61,9,9,0,5,5,7,1,3,49,153,2,54,176,0,9,12,0,2,3,15,3,716,62,407,78,1565,0,7,81,8,7,121,10,5,6,3,2,5,29,0,4,63,49,0,13,9,22,28,14,2,6,0,94,71,81,5,28,79,4,107,0,5,10,23,2,11,283,0,9,123,0,1,844,3,41,5373,2108,12,106,10,67,14,1,12,29,13,0,18,4,14
2020-06-09,74,33,3,117,9,0,12,13,7,194,755,51,8,34,38,87,9,5,105,9,6,29,1,249,20,61,9,9,0,6,6,7,1,3,49,156,2,54,179,0,9,12,0,2,3,15,3,727,70,411,78,1594,0,7,83,8,7,121,10,5,6,3,2,6,40,0,4,65,49,0,13,9,23,36,14,2,6,0,97,75,83,5,28,80,4,109,0,5,10,24,2,11,283,0,9,127,0,1,852,3,41,5427,2132,12,109,10,68,14,1,12,30,13,0,18,4,14
2020-06-10,74,34,3,119,9,0,12,13,7,197,762,51,8,34,38,88,9,5,108,9,6,29,2,254,20,61,9,9,0,6,7,7,1,3,52,156,2,54,183,0,9,15,0,2,3,17,3,752,79,411,78,1626,0,7,83,8,7,121,11,5,6,3,2,6,42,0,5,66,49,0,13,9,24,44,14,2,6,0,99,75,84,6,29,81,4,109,0,5,10,24,2,11,283,0,9,128,0,1,871,3,41,5455,2145,13,109,10,71,14,1,12,31,13,0,18,4,14
2020-06-11,74,34,3,120,9,0,12,13,8,204,768,51,8,34,38,98,9,5,110,9,6,29,2,262,20,61,9,9,0,6,7,7,1,3,54,164,2,54,184,0,9,15,0,2,3,18,3,782,87,427,79,1654,0,8,83,8,7,121,11,5,6,3,2,7,46,0,5,68,49,0,13,9,28,47,15,3,6,0,99,79,84,6,29,84,7,109,0,5,10,24,2,11,283,0,9,132,0,1,879,3,41,5460,2162,13,109,10,71,15,1,12,31,13,0,18,4,14
2020-06-12,75,34,3,122,9,1,12,14,8,204,772,40,7,34,38,101,9,5,111,9,6,29,1,284,19,57,9,8,0,6,7,7,1,3,54,166,2,54,185,8,9,16,0,1,3,19,2,791,107,374,79,1680,2,9,84,7,7,88,11,4,6,3,2,7,63,5,4,70,49,3,12,9,32,49,15,3,5,0,99,80,84,6,31,89,7,106,1,5,10,24,2,12,270,1,8,134,6,1,882,2,40,5460,2179,13,113,7,72,15,1,12,31,13,0,18,4,14
2020-06-13,80,35,3,122,10,1,12,14,9,208,784,41,7,36,38,104,10,5,111,9,6,29,1,288,20,57,9,8,0,6,7,8,1,3,55,166,2,54,188,12,9,16,0,1,3,20,2,819,122,376,80,1690,2,9,85,7,7,87,11,7,7,3,2,8,70,5,4,71,49,3,12,9,35,62,15,4,5,0,102,84,85,6,31,97,8,106,1,5,10,25,2,11,271,1,8,139,6,1,890,2,40,5506,2195,14,118,7,77,15,1,12,30,13,0,18,4,14
2020-06-14,80,35,3,122,10,1,12,14,9,208,784,41,7,36,38,104,10,5,111,9,6,29,1,288,20,57,9,8,0,6,7,8,1,3,55,166,2,54,188,12,9,16,0,1,3,20,2,819,122,376,80,1690,2,9,85,7,7,87,11,7,7,3,2,8,70,5,4,71,49,3,12,9,35,62,15,4,5,0,102,84,85,6,31,97,8,106,1,5,10,25,2,11,271,1,8,139,6,1,890,2,40,5536,2195,14,118,7,77,15,1,12,30,13,0,18,4,14
2020-06-15,83,35,3,122,14,7,12,14,10,215,787,46,7,40,40,108,10,5,114,9,6,30,1,293,21,57,9,9,1,6,7,9,1,3,61,168,2,54,193,12,9,16,0,1,3,26,2,865,139,378,80,1737,2,9,85,7,7,87,11,6,7,3,2,8,78,5,6,74,49,3,12,9,35,79,15,4,5,0,104,85,86,6,32,98,10,106,1,5,11,25,2,11,270,1,8,145,6,1,910,2,42,5604,2219,14,118,7,77,24,1,12,30,13,0,18,4,14
2020-06-16,84,35,3,122,15,9,12,14,10,216,791,48,7,40,43,110,11,5,115,9,6,30,1,299,21,57,9,9,1,6,7,9,1,3,64,172,2,54,197,11,9,17,0,1,3,27,2,889,178,381,81,1762,2,9,85,8,7,87,11,6,7,3,2,8,98,5,7,75,49,3,12,9,34,84,15,4,5,0,104,86,89,6,31,99,9,106,2,5,11,25,2,11,272,1,8,145,6,1,922,2,43,5653,2234,14,121,7,78,26,1,12,32,13,0,18,4,14
2020-06-17,85,35,3,122,20,11,12,14,10,222,793,53,8,40,45,111,11,5,109,9,6,30,1,301,21,57,11,9,1,6,7,9,1,3,64,173,2,54,199,11,9,18,0,1,3,28,2,916,184,388,84,1802,2,10,86,8,7,90,12,6,7,3,2,9,116,5,7,75,49,3,12,11,34,88,16,6,5,0,104,87,89,7,31,99,10,106,2,5,11,25,2,12,274,1,8,149,6,1,926,2,43,5669,2254,14,124,7,91,27,1,12,32,13,0,19,4,14
2020-06-18,85,36,3,123,25,10,12,14,11,226,800,58,8,42,45,114,11,5,110,9,6,31,1,319,23,57,12,10,1,7,7,9,1,3,65,178,2,54,210,12,9,17,0,1,3,29,2,933,192,389,87,1831,2,12,86,10,7,91,13,6,7,3,2,9,124,5,8,77,49,3,12,12,34,108,18,6,5,0,105,87,94,7,31,101,11,106,2,5,12,25,3,12,277,1,8,149,6,1,933,2,49,5731,2292,14,126,8,91,29,1,12,32,14,0,19,4,14
2020-06-19,85,39,3,133,28,15,12,14,11,246,802,59,8,42,45,117,11,6,112,9,6,31,1,334,22,58,12,10,1,9,7,10,1,3,66,180,3,54,214,16,9,17,0,1,3,31,2,976,196,391,90,1872,2,12,86,11,7,91,13,6,7,3,2,10,132,5,8,77,49,4,13,12,34,123,17,6,5,0,105,88,95,6,33,102,10,106,2,5,12,25,2,12,278,2,8,155,6,2,943,2,50,5769,2319,14,127,10,93,30,1,12,32,14,0,20,4,14
2020-06-20,84,41,3,134,31,15,12,15,12,257,805,62,9,42,47,119,11,6,116,9,6,32,1,342,23,60,12,10,1,9,7,10,2,3,79,188,4,54,218,17,9,17,0,2,3,30,2,1016,239,401,89,1914,2,16,86,11,7,91,13,6,7,3,2,11,170,5,10,77,49,5,13,12,34,177,17,6,5,1,105,91,98,7,33,102,10,106,2,6,12,25,2,14,278,2,8,157,6,2,951,2,50,5825,2319,16,126,10,96,30,2,12,33,14,1,20,4,14
2020-06-21,85,41,3,134,31,15,12,15,13,258,805,62,9,42,48,120,11,6,116,9,6,32,1,342,23,60,12,10,1,9,7,10,2,3,79,188,4,55,225,17,9,17,0,2,3,30,2,1018,266,401,89,1921,2,16,86,13,7,91,13,7,7,3,2,11,366,5,10,77,49,5,13,12,36,265,17,6,5,1,105,102,98,7,33,102,10,106,2,6,12,25,2,14,278,4,8,159,6,2,954,2,66,5850,2319,16,126,10,101,30,2,12,33,14,1,21,4,14
2020-06-22,86,42,3,134,31,15,12,15,12,266,809,62,9,42,50,121,11,6,116,9,6,32,1,348,23,61,13,10,1,10,7,10,2,3,79,191,4,55,228,17,11,17,0,1,5,30,2,1030,269,401,89,1945,2,20,86,13,7,92,13,7,7,3,3,11,371,5,11,79,49,5,13,12,34,268,17,6,5,1,106,104,100,7,34,102,10,106,2,6,12,25,2,14,278,4,8,160,6,2,957,2,68,5878,2319,16,127,10,102,32,2,13,33,14,1,21,4,14
2020-06-23,86,43,3,137,31,16,12,16,12,280,812,67,9,45,54,123,11,6,116,9,6,35,1,367,23,63,13,10,1,12,7,10,2,3,81,193,5,56,233,17,12,17,0,1,5,30,2,1054,324,407,91,2014,2,19,86,19,7,94,14,7,7,3,4,13,403,5,11,80,49,5,15,11,36,284,18,6,6,1,106,111,102,8,34,105,12,106,2,7,12,25,2,14,278,4,8,159,6,2,968,2,84,5941,2319,16,129,11,103,34,2,13,34,15,3,22,4,14
2020-06-24,87,45,3,137,32,17,12,16,12,288,819,68,9,46,55,123,11,6,116,9,6,37,2,375,23,64,13,10,1,12,7,10,2,3,82,192,6,57,238,18,12,17,0,1,5,34,2,1076,334,428,91,2057,2,20,86,20,7,95,14,10,7,3,4,13,422,5,11,80,49,5,15,13,36,301,17,6,6,1,108,111,102,12,34,107,11,115,2,9,12,25,2,16,278,4,8,159,6,3,974,2,97,6004,2142,16,129,11,102,35,5,13,34,17,3,23,4,14
2020-06-25,88,45,3,137,34,21,12,16,12,298,827,71,9,45,57,126,11,6,120,9,6,38,2,386,23,63,14,10,1,12,7,10,3,3,84,201,7,56,246,18,12,19,0,1,5,36,2,1074,389,432,96,2162,2,23,87,20,7,96,14,10,7,3,4,14,451,5,11,82,49,5,16,13,36,312,17,6,6,1,109,112,110,15,36,108,11,116,2,9,12,25,2,17,282,4,8,159,6,3,995,2,100,6092,2213,17,132,11,108,39,4,15,37,19,3,24,4,14
2020-06-26,88,45,3,139,36,21,12,17,13,313,834,75,9,46,60,133,11,6,123,9,6,39,2,406,23,73,14,11,1,12,8,10,3,3,92,202,9,57,260,18,12,19,0,1,5,36,3,1103,423,438,101,2211,2,25,87,28,7,95,14,11,7,3,4,14,473,6,12,88,49,5,16,13,36,332,17,6,6,1,109,119,110,22,36,110,13,117,2,9,12,25,2,17,282,5,10,161,6,3,1003,2,129,6201,2323,17,134,12,107,40,4,16,39,21,3,26,4,14
2020-06-27,90,49,3,138,43,21,12,17,12,313,838,75,9,44,60,141,11,6,125,9,6,40,2,414,23,72,14,11,1,12,8,11,3,3,92,204,11,57,265,18,13,19,0,1,5,36,3,1126,447,445,112,2242,2,25,87,30,7,96,15,11,7,4,4,15,498,6,12,88,49,5,16,13,38,348,17,7,7,1,110,123,116,21,36,114,13,120,2,9,12,25,2,17,282,5,11,161,6,3,1010,2,138,6293,2353,17,134,12,108,48,4,16,40,21,3,27,4,14
2020-06-28,90,49,3,138,45,22,12,16,12,327,838,75,9,44,60,145,11,6,130,9,6,41,2,414,23,72,14,11,1,12,8,11,3,3,92,204,11,57,265,18,13,19,0,1,5,36,3,1149,447,445,112,2292,2,25,87,30,7,96,15,11,7,4,4,15,498,6,12,88,49,5,16,13,38,351,17,7,7,1,110,123,116,23,36,114,13,120,2,9,12,25,2,17,282,5,11,161,6,3,1010,2,139,6357,2406,18,134,13,108,48,4,16,40,21,3,27,4,14
2020-06-29,90,50,3,138,47,24,12,16,12,343,862,99,9,45,63,153,11,6,135,9,6,43,2,443,23,75,14,12,1,13,8,11,3,4,93,206,12,57,282,19,13,20,0,1,5,37,3,1172,447,452,114,2345,2,26,88,32,7,96,15,12,8,6,4,16,540,6,14,89,50,5,16,13,42,368,19,7,7,1,110,134,116,25,36,117,13,120,2,9,12,25,2,19,283,5,11,164,7,3,1037,2,140,6446,2453,19,136,14,109,60,4,16,40,22,5,28,4,15
2020-06-30,91,51,3,138,52,25,12,16,12,352,869,101,9,46,66,161,11,6,138,9,6,44,2,454,25,75,14,12,1,13,9,11,3,4,98,206,13,58,292,19,14,20,0,1,5,38,3,1210,449,463,124,2380,2,29,88,34,7,96,15,12,8,6,4,17,567,6,15,90,52,5,17,14,42,398,20,7,7,2,110,146,120,35,36,117,15,125,3,10,12,25,2,19,283,5,11,168,8,3,1061,2,145,6582,2493,20,137,14,110,60,4,17,43,22,5,31,4,15
2020-07-01,91,52,3,138,52,26,12,16,12,363,873,106,10,46,66,171,12,6,140,9,6,45,2,460,25,76,14,12,1,13,9,11,3,5,104,208,13,58,292,19,14,20,0,1,5,40,3,1226,474,480,124,2457,2,30,91,37,7,96,16,13,8,6,4,19,570,6,15,91,52,5,20,14,42,427,20,7,7,2,110,146,120,40,36,117,16,125,3,10,12,26,2,19,283,5,11,169,8,4,1064,2,147,6616,2493,20,137,14,111,63,5,17,43,22,5,33,4,15
2020-07-02,91,54,4,139,66,26,12,17,12,372,880,108,11,51,67,182,12,6,141,9,6,46,2,472,26,79,16,13,1,14,9,13,4,6,106,213,12,58,298,20,14,20,0,1,5,41,2,1247,620,488,141,2497,2,33,91,37,7,99,16,13,8,6,6,20,572,6,17,91,52,5,20,14,43,448,21,7,7,2,111,147,122,44,36,121,16,128,3,10,12,26,2,19,282,5,11,170,11,4,1082,2,151,6682,2545,20,137,16,112,67,6,17,44,23,4,35,4,15
2020-07-03,91,55,4,139,71,26,12,18,14,395,883,108,12,55,66,193,14,6,152,11,6,47,2,478,28,81,20,15,1,14,9,14,4,6,108,217,12,58,308,20,17,20,0,1,5,45,3,1289,661,496,151,2601,2,33,92,41,7,98,17,15,8,6,6,25,598,6,19,91,53,5,20,15,44,451,22,7,7,2,111,149,125,45,36,124,15,127,3,10,12,27,2,19,284,5,11,172,13,4,1102,2,151,6755,2565,20,141,20,115,74,6,26,45,25,4,39,4,20
2020-07-04,93,55,5,139,74,28,12,18,14,410,883,108,13,56,69,210,16,6,159,11,6,47,2,493,29,82,20,16,1,14,9,14,4,6,109,217,12,58,317,20,17,20,0,1,5,45,3,1318,740,503,161,2641,2,40,92,41,7,98,18,16,8,7,6,25,605,6,19,91,55,5,20,19,44,457,23,8,9,2,111,149,128,45,36,130,15,128,3,10,12,27,2,19,284,5,11,173,17,4,1117,2,151,6837,2580,20,142,20,115,83,6,27,48,25,4,39,4,22
2020-07-05,93,55,5,139,72,28,12,18,14,418,884,108,13,57,70,214,16,6,161,11,6,48,2,500,29,84,20,17,1,14,9,14,4,6,110,217,12,58,328,20,17,20,0,1,5,45,3,1329,754,502,162,2696,2,40,93,45,8,98,18,16,8,7,6,25,612,6,19,91,57,5,20,19,44,467,23,8,9,2,111,151,134,46,36,130,15,128,3,10,12,27,2,19,284,5,11,181,18,4,1122,2,152,6887,2587,20,142,20,115,84,7,27,48,25,4,42,4,26
2020-07-06,93,56,5,139,72,29,12,19,14,424,892,108,13,57,71,221,19,6,164,11,6,49,2,504,28,87,20,17,1,15,9,14,4,6,110,227,12,60,351,20,17,20,0,1,5,45,3,1359,787,504,169,2748,2,48,93,46,8,102,18,20,8,7,6,25,632,6,19,91,61,5,21,19,45,478,23,8,9,2,111,156,135,49,36,131,15,129,3,10,13,28,2,19,287,5,11,185,19,4,1140,2,152,6931,2621,21,145,20,115,96,9,27,50,25,5,44,4,28
2020-07-07,95,59,6,139,81,30,12,20,16,464,911,111,12,61,74,252,20,6,169,12,6,54,2,510,29,94,23,18,1,15,10,15,5,6,116,231,12,63,373,20,19,20,0,1,5,44,3,1397,833,514,197,2814,2,57,94,48,8,105,19,21,10,7,6,26,652,6,20,95,65,5,21,22,45,502,24,8,10,2,114,163,136,48,37,135,16,130,4,10,13,29,2,19,290,5,11,188,22,4,1167,2,158,7066,2657,22,146,19,119,105,9,26,54,25,5,48,4,29
2020-07-08,98,59,6,142,86,31,12,20,18,477,923,111,12,61,76,271,20,6,178,12,6,64,2,526,31,95,23,19,1,16,10,15,5,6,115,235,13,63,385,20,21,20,1,1,5,44,3,1438,881,527,199,2870,2,70,97,52,8,106,19,21,15,7,6,27,670,6,22,95,66,5,21,26,46,518,24,9,11,2,115,164,139,51,37,139,17,134,4,10,14,30,2,20,295,5,11,191,23,4,1197,3,158,7284,2692,22,148,21,118,112,9,26,53,26,5,46,4,30
2020-07-09,99,58,6,142,87,31,12,21,20,504,927,116,14,61,77,292,25,7,190,12,6,67,2,539,31,99,25,19,2,17,11,15,5,8,119,248,13,66,407,20,28,20,1,1,5,48,3,1490,940,539,208,2957,2,76,100,53,8,110,20,24,17,7,6,29,678,6,22,98,66,5,23,26,47,540,25,9,11,2,115,168,142,53,38,143,19,134,3,10,14,30,5,20,299,5,11,192,23,4,1230,3,162,7469,2811,23,150,21,118,119,10,28,54,26,5,47,4,31
2020-07-10,100,55,6,142,91,31,13,22,21,534,938,116,15,63,78,314,25,7,195,12,6,71,2,550,33,100,28,21,2,17,11,16,5,11,128,264,14,67,425,21,28,22,1,1,5,49,3,1543,969,558,219,3040,2,84,101,54,8,110,20,24,20,7,6,29,688,6,23,98,65,5,23,27,49,548,26,9,12,2,116,168,143,53,39,151,19,137,3,10,17,30,5,20,307,5,11,198,24,5,1265,4,163,7586,2884,23,153,22,117,122,11,29,54,26,5,50,4,36
2020-07-11,100,55,6,142,96,33,13,22,21,566,938,117,15,63,83,329,26,7,205,12,6,73,2,557,33,103,28,21,2,18,11,16,5,12,127,273,15,67,431,21,28,25,1,1,5,49,3,1558,985,564,236,3086,2,85,102,58,8,112,20,25,24,7,7,31,705,7,24,100,65,5,22,27,51,550,26,9,13,2,116,170,144,53,40,152,20,140,3,10,17,30,6,20,309,5,11,206,27,5,1315,5,165,7761,2916,24,154,22,117,123,11,32,57,26,5,51,4,36
2020-07-12,100,55,6,142,96,34,13,22,22,570,938,117,15,63,85,328,31,7,205,12,6,76,2,558,33,103,28,22,2,18,11,16,5,12,127,279,15,66,435,21,28,25,1,1,5,49,3,1586,1008,583,246,3113,2,87,103,59,8,119,20,25,25,7,7,31,707,7,24,99,68,5,22,28,52,552,26,9,13,2,116,170,148,53,40,154,21,143,3,10,17,31,10,20,310,5,11,207,27,4,1341,5,165,7809,2946,24,153,22,117,123,11,32,57,26,5,51,4,38
2020-07-13,100,55,6,142,97,34,14,23,23,595,945,118,15,64,87,330,38,7,207,12,6,77,2,565,33,111,28,22,2,18,11,16,5,13,134,283,15,66,469,22,29,25,1,1,5,49,3,1610,1019,594,249,3157,2,89,103,60,9,120,20,26,25,7,7,33,712,7,25,99,66,5,23,28,52,560,26,9,15,2,120,172,156,53,40,156,22,141,3,10,17,31,10,20,314,5,11,209,28,4,1371,5,167,7897,2970,24,153,22,118,126,11,34,57,27,6,54,4,39
2020-07-14,102,55,6,143,105,37,16,26,27,627,956,122,15,64,90,361,39,8,217,12,7,80,2,579,35,116,30,23,2,20,11,17,9,16,136,305,17,67,492,22,31,27,1,1,5,52,3,1646,1056,613,264,3215,2,102,104,60,9,122,22,27,28,7,6,36,743,7,28,99,68,6,22,28,57,587,26,9,15,2,136,172,163,52,44,164,22,145,3,10,21,31,10,20,319,5,11,219,29,5,1437,6,173,8140,3044,25,155,30,118,135,13,36,60,27,6,55,4,45
2020-07-15,103,55,6,143,125,41,16,26,30,639,955,122,15,64,92,375,41,8,225,15,7,90,2,589,36,126,32,24,2,22,11,19,9,17,138,317,18,68,517,22,33,27,1,1,8,54,3,1681,1090,635,279,3294,2,115,104,65,8,127,22,27,32,7,6,38,757,8,29,98,69,7,23,28,79,607,26,9,15,2,141,176,166,52,44,173,23,146,3,10,21,31,10,22,324,5,11,235,29,5,1496,6,174,8300,3134,26,162,32,121,142,14,38,65,28,5,60,4,45
2020-07-16,105,55,6,144,146,41,17,29,32,665,958,125,17,72,88,400,42,8,233,16,8,93,2,597,36,133,32,26,2,23,12,19,9,21,138,324,18,68,546,22,34,31,2,1,8,56,3,1704,1119,643,296,3366,2,122,105,81,10,128,22,28,32,8,6,39,767,7,31,98,70,6,23,28,88,625,27,9,15,2,150,176,184,53,45,176,25,146,3,10,21,32,11,23,324,5,11,237,29,5,1533,6,179,8561,3194,26,163,32,122,147,13,36,68,38,5,62,4,48
2020-07-17,106,59,6,152,147,42,17,29,33,701,962,133,17,78,91,407,43,8,237,20,11,104,2,607,38,143,32,27,3,23,13,20,9,22,146,337,18,69,575,22,34,35,2,1,11,58,3,1750,1177,670,322,3454,2,128,108,86,10,133,21,28,35,8,6,41,782,7,35,99,71,6,23,28,96,638,30,10,15,2,153,178,187,53,46,192,26,146,3,10,21,36,11,23,328,5,11,240,29,6,1581,6,184,8739,3256,26,165,36,122,155,16,38,72,39,5,67,4,49
2020-07-18,107,60,6,155,154,45,17,32,39,733,971,142,19,78,100,428,47,8,250,25,13,113,2,617,38,158,33,28,4,27,13,20,10,22,146,348,18,70,596,22,35,40,2,1,12,62,3,1810,1226,690,350,3564,2,134,116,87,10,144,21,30,36,9,6,45,800,8,41,100,71,6,23,29,98,638,29,10,17,2,160,178,194,53,46,198,55,155,4,10,21,37,10,24,343,5,11,242,30,6,1673,10,188,8862,3339,27,169,37,122,166,16,40,78,39,5,74,4,52
2020-07-19,107,65,6,157,156,48,18,32,40,742,974,145,19,80,102,429,48,8,268,25,13,118,2,625,36,159,33,28,4,28,13,20,10,26,147,354,18,70,625,22,35,41,2,1,15,63,4,1912,1239,711,354,3715,2,138,117,94,12,153,22,30,36,9,7,48,817,8,42,100,71,7,24,31,101,651,29,10,17,3,160,179,197,57,47,207,85,155,4,11,21,37,10,27,346,6,11,244,31,7,1746,10,189,8990,3403,29,169,38,122,174,16,41,85,40,5,76,4,51
2020-07-20,110,66,6,158,160,51,19,32,43,750,975,146,23,81,108,445,48,9,285,25,13,122,2,630,38,161,35,28,4,28,13,20,10,28,149,360,19,70,650,22,35,41,2,2,17,63,4,1954,1256,728,355,3809,3,145,119,104,12,153,23,30,36,11,7,50,819,8,42,100,71,7,24,34,101,659,33,12,22,3,161,182,199,57,47,208,93,155,4,11,21,37,10,30,348,6,11,244,33,7,1774,11,191,9114,3447,30,171,38,122,178,16,42,89,40,5,78,5,51
