"Date","Adams","Allen","Ashland","Ashtabula","Athens","Auglaize","Belmont","Brown","Butler","Carroll","Champaign","Clark","Clermont","Clinton","Columbiana","Coshocton","Crawford","Cuyahoga","Darke","Defiance","Delaware","Erie","Fairfield","Fayette","Franklin","Fulton","Gallia","Geauga","Greene","Guernsey","Hamilton","Hancock","Hardin","Harrison","Henry","Highland","Hocking","Holmes","Huron","Jackson","Jefferson","Knox","Lake","Lawrence","Licking","Logan","Lorain","Lucas","Madison","Mahoning","Marion","Medina","Meigs","Mercer","Miami","Monroe","Montgomery","Morgan","Morrow","Muskingum","Noble","Ottawa","Paulding","Perry","Pickaway","Pike","Portage","Preble","Putnam","Richland","Ross","Sandusky","Scioto","Seneca","Shelby","Stark","Summit","Trumbull","Tuscarawas","Union","Van Wert","Vinton","Warren","Washington","Wayne","Williams","Wood","Wyandot"
2020-03-01,0,0,0,0,0,0,0,0,0,0,0,0,0,0,0,0,0,0,0,0,0,0,0,0,0,0,0,0,0,0,0,0,0,0,0,0,0,0,0,0,0,0,0,0,0,0,0,0,0,0,0,0,0,0,0,0,0,0,0,0,0,0,0,0,0,0,0,0,0,0,0,0,0,0,0,0,0,0,0,0,0,0,0,0,0,0,0,0
2020-03-02,0,0,0,0,0,0,0,0,0,0,0,0,0,0,0,0,0,0,0,0,0,0,0,0,0,0,0,0,0,0,0,0,0,0,0,0,0,0,0,0,0,0,0,0,0,0,0,0,0,0,0,0,0,0,0,0,0,0,0,0,0,0,0,0,0,0,0,0,0,0,0,0,0,0,0,0,0,0,0,0,0,0,0,0,0,0,0,0
2020-03-03,0,0,0,0,0,0,0,0,0,0,0,0,0,0,0,0,0,0,0,0,0,0,0,0,0,0,0,0,0,0,0,0,0,0,0,0,0,0,0,0,0,0,0,0,0,0,0,0,0,0,0,0,0,0,0,0,0,0,0,0,0,0,0,0,0,0,0,0,0,0,0,0,0,0,0,0,0,0,0,0,0,0,0,0,0,0,0,0
2020-03-04,0,0,0,0,0,0,0,0,0,0,0,0,0,0,0,0,0,0,0,0,0,0,0,0,0,0,0,0,0,0,0,0,0,0,0,0,0,0,0,0,0,0,0,0,0,0,0,0,0,0,0,0,0,0,0,0,0,0,0,0,0,0,0,0,0,0,0,0,0,0,0,0,0,0,0,0,0,0,0,0,0,0,0,0,0,0,0,0
2020-03-05,0,0,0,0,0,0,0,0,0,0,0,0,0,0,0,0,0,0,0,0,0,0,0,0,0,0,0,0,0,0,0,0,0,0,0,0,0,0,0,0,0,0,0,0,0,0,0,0,0,0,0,0,0,0,0,0,0,0,0,0,0,0,0,0,0,0,0,0,0,0,0,0,0,0,0,0,0,0,0,0,0,0,0,0,0,0,0,0
2020-03-06,0,0,0,0,0,0,0,0,0,0,0,0,0,0,0,0,0,0,0,0,0,0,0,0,0,0,0,0,0,0,0,0,0,0,0,0,0,0,0,0,0,0,0,0,0,0,0,0,0,0,0,0,0,0,0,0,0,0,0,0,0,0,0,0,0,0,0,0,0,0,0,0,0,0,0,0,0,0,0,0,0,0,0,0,0,0,0,0
2020-03-07,0,0,0,0,0,0,0,0,0,0,0,0,0,0,0,0,0,0,0,0,0,0,0,0,0,0,0,0,0,0,0,0,0,0,0,0,0,0,0,0,0,0,0,0,0,0,0,0,0,0,0,0,0,0,0,0,0,0,0,0,0,0,0,0,0,0,0,0,0,0,0,0,0,0,0,0,0,0,0,0,0,0,0,0,0,0,0,0
2020-03-08,0,0,0,0,0,0,0,0,0,0,0,0,0,0,0,0,0,0,0,0,0,0,0,0,0,0,0,0,0,0,0,0,0,0,0,0,0,0,0,0,0,0,0,0,0,0,0,0,0,0,0,0,0,0,0,0,0,0,0,0,0,0,0,0,0,0,0,0,0,0,0,0,0,0,0,0,0,0,0,0,0,0,0,0,0,0,0,0
2020-03-09,0,0,0,0,0,0,0,0,0,0,0,0,0,0,0,0,0,0,0,0,0,0,0,0,0,0,0,0,0,0,0,0,0,0,0,0,0,0,0,0,0,0,0,0,0,0,0,0,0,0,0,0,0,0,0,0,0,0,0,0,0,0,0,0,0,0,0,0,0,0,0,0,0,0,0,0,0,0,0,0,0,0,0,0,0,0,0,0
2020-03-10,0,0,0,0,0,0,0,0,0,0,0,0,0,0,0,0,0,3,0,0,0,0,0,0,0,0,0,0,0,0,0,0,0,0,0,0,0,0,0,0,0,0,0,0,0,0,0,0,0,0,0,0,0,0,0,0,0,0,0,0,0,0,0,0,0,0,0,0,0,0,0,0,0,0,0,0,0,0,0,0,0,0,0,0,0,0,0,0
2020-03-11,0,0,0,0,0,0,0,0,0,0,0,0,0,0,0,0,0,3,0,0,0,0,0,0,0,0,0,0,0,0,0,0,0,0,0,0,0,0,0,0,0,0,0,0,0,0,0,0,0,0,0,0,0,0,0,0,0,0,0,0,0,0,0,0,0,0,0,0,0,0,0,0,0,0,0,1,0,0,0,0,0,0,0,0,0,0,0,0
2020-03-12,0,0,0,0,0,0,0,0,0,0,0,0,0,0,0,0,0,3,0,0,0,0,0,0,0,0,0,0,0,0,0,0,0,0,0,0,0,0,0,0,0,0,0,0,0,0,0,0,0,0,0,0,0,0,0,0,0,0,0,0,0,0,0,0,0,0,0,0,0,0,0,0,0,0,0,1,0,1,0,0,0,0,0,0,0,0,0,0
2020-03-13,0,0,0,0,0,0,2,0,0,0,0,0,0,0,0,0,0,6,0,0,0,0,0,0,0,0,0,0,0,0,0,0,0,0,0,0,0,0,0,0,0,0,0,0,0,0,0,0,0,0,0,0,0,0,0,0,0,0,0,0,0,0,0,0,0,0,0,0,0,0,0,0,0,0,0,2,1,1,0,0,0,0,0,0,0,0,0,0
2020-03-14,0,0,0,0,0,0,2,0,4,0,0,0,0,0,0,0,0,11,0,0,0,0,0,0,1,0,0,0,0,0,0,0,0,0,0,0,0,0,0,0,0,0,0,0,0,0,1,0,0,0,0,0,0,0,0,0,0,0,0,0,0,0,0,0,0,0,0,0,0,0,0,0,0,0,0,3,2,2,0,0,0,0,0,0,0,0,0,0
2020-03-15,0,0,0,0,0,0,2,0,4,0,0,0,0,0,0,0,0,11,0,0,0,0,0,0,3,0,0,0,0,0,0,0,0,0,0,0,0,0,0,0,0,0,0,0,0,0,1,1,0,0,0,0,0,0,0,0,0,0,0,0,0,0,0,0,0,0,0,0,0,0,0,0,0,0,0,3,2,2,1,0,0,0,0,0,0,0,0,0
2020-03-16,0,0,0,0,0,0,2,0,6,0,0,0,0,0,0,0,0,24,0,0,0,0,0,0,3,0,0,1,0,0,0,0,0,0,0,0,0,0,0,0,0,0,0,0,0,0,3,1,0,0,0,2,0,0,0,0,0,0,0,0,0,0,0,0,0,0,0,0,0,0,0,0,0,0,0,3,2,2,1,0,0,0,0,0,0,0,0,0
2020-03-17,0,0,0,0,0,0,2,0,6,0,0,0,0,0,0,2,0,31,1,0,0,0,0,0,4,0,0,1,0,0,0,0,0,0,0,0,0,0,0,0,0,0,1,0,0,0,4,1,0,1,0,3,0,0,0,0,0,0,0,0,0,0,0,0,0,0,0,0,0,0,0,0,0,0,0,3,4,2,1,0,0,0,0,0,0,0,0,0
2020-03-18,0,0,1,0,0,0,2,0,8,0,0,0,0,0,0,2,0,38,1,0,1,0,0,0,7,0,0,1,0,0,0,0,0,0,0,0,0,0,1,0,0,0,2,0,0,0,6,1,0,3,0,4,0,0,0,0,1,0,0,0,0,0,0,0,0,0,0,0,0,0,0,0,0,0,0,3,4,2,1,0,0,0,0,0,0,0,0,0
2020-03-19,0,0,1,0,0,0,2,0,8,0,0,1,0,0,0,2,0,53,1,0,2,0,0,0,10,0,0,1,0,0,1,0,0,0,0,0,0,0,1,0,0,0,2,0,0,0,6,1,0,5,0,5,0,0,1,0,1,0,0,0,0,0,0,0,0,0,0,0,0,1,0,0,0,0,0,5,6,2,1,0,0,0,0,0,0,0,0,0
2020-03-20,0,0,1,1,0,0,2,0,12,0,0,1,0,0,0,2,0,69,1,1,2,1,0,0,14,0,0,1,0,0,7,0,0,0,0,0,0,0,1,0,0,0,3,0,1,0,10,2,0,7,1,6,0,0,2,0,1,0,0,0,0,0,0,0,0,0,0,0,0,1,0,0,0,0,0,6,10,3,1,1,0,0,2,0,0,0,0,0
2020-03-21,0,0,1,1,0,0,2,0,16,0,0,1,2,0,0,2,0,92,1,2,4,1,0,0,21,0,1,1,0,0,8,0,0,0,0,0,0,0,1,0,0,0,4,0,1,0,14,4,0,14,1,9,0,0,11,0,1,0,0,0,0,0,0,0,0,0,0,0,0,1,0,0,0,0,0,8,15,3,1,1,0,0,2,0,0,0,0,0
2020-03-22,0,0,1,2,0,0,2,0,17,1,0,1,5,1,2,2,0,125,1,2,6,1,0,0,34,0,1,2,1,0,19,1,0,0,0,0,0,0,1,0,0,1,6,0,1,0,19,7,1,18,1,10,0,0,13,0,5,0,0,0,0,0,0,0,0,0,1,0,0,1,0,0,0,0,0,10,23,3,2,1,0,0,3,1,0,0,1,0
2020-03-23,0,0,1,3,0,0,2,0,17,2,0,1,5,1,2,3,0,149,1,2,7,1,0,0,44,0,1,2,1,0,26,1,0,0,0,1,0,0,1,0,0,1,8,0,1,1,24,10,1,23,3,15,0,0,17,0,7,0,0,0,0,0,0,0,0,0,2,0,0,1,0,1,0,0,0,12,28,3,2,1,0,0,5,1,0,0,2,0
2020-03-24,0,0,1,3,0,0,2,0,18,3,1,2,5,1,3,3,1,167,1,2,11,1,2,0,75,0,1,5,3,0,38,1,0,0,0,1,0,0,2,0,0,1,11,0,2,2,30,13,1,28,4,15,0,0,19,0,10,0,0,0,0,0,0,0,0,0,4,0,0,4,0,1,0,1,0,13,36,4,3,2,0,0,7,1,0,0,2,0
2020-03-25,0,0,1,3,0,0,3,0,18,3,1,2,5,2,4,4,1,206,1,2,12,2,5,1,88,0,1,4,3,0,48,1,0,0,0,1,0,0,2,0,0,2,14,1,3,2,37,23,2,42,4,22,0,1,19,0,14,0,0,0,0,0,0,0,1,0,4,0,0,4,0,1,0,1,0,13,42,9,3,3,0,0,8,1,1,0,3,0
2020-03-26,0,0,1,3,1,0,3,0,21,3,2,2,6,2,5,4,1,259,1,2,15,3,6,1,109,0,1,7,3,0,53,2,0,0,0,1,0,0,3,0,1,2,19,1,5,2,44,35,3,51,4,24,0,1,20,0,14,0,0,1,0,0,0,0,2,0,8,0,0,4,0,1,0,1,1,16,50,12,3,3,0,0,10,1,2,0,6,1
2020-03-27,0,0,3,5,1,0,6,0,23,3,2,2,6,2,7,4,1,330,1,5,20,3,8,1,152,2,1,10,3,0,63,2,0,0,0,1,0,0,3,0,1,2,27,1,10,2,56,48,3,68,5,32,0,2,32,0,19,0,0,2,0,0,0,0,2,0,13,0,0,4,0,1,0,1,1,22,65,17,3,3,0,0,11,2,3,0,8,1
2020-03-28,0,2,3,6,2,1,8,0,25,3,2,2,8,3,9,4,2,370,1,5,26,5,14,1,222,2,1,14,3,0,71,3,0,0,0,1,0,0,3,0,5,2,30,1,14,3,65,67,4,80,5,37,0,2,38,0,20,0,0,2,0,1,0,0,4,1,19,0,0,5,0,2,0,1,3,25,79,27,5,3,1,0,16,2,4,0,10,1
2020-03-29,0,4,2,6,3,2,8,0,27,4,2,7,8,3,11,4,2,440,3,5,31,5,14,1,247,2,1,17,3,0,85,3,0,0,0,1,0,0,3,0,5,3,35,1,15,3,74,94,4,84,6,45,0,2,43,0,25,0,0,2,0,1,0,0,4,1,27,0,0,5,0,3,0,1,3,29,99,36,5,3,1,0,20,3,4,0,12,1
2020-03-30,0,4,2,6,3,2,8,1,30,5,3,6,9,3,11,5,5,493,12,5,38,5,13,1,281,2,1,22,3,0,101,3,0,0,0,1,0,1,3,0,7,3,43,1,21,3,78,114,5,117,7,48,0,2,46,0,31,0,0,2,0,2,0,0,5,1,32,1,0,5,1,3,0,3,4,44,118,42,7,4,1,0,20,3,7,0,13,1
2020-03-31,0,5,2,6,3,2,9,2,36,5,3,6,10,3,15,5,5,527,13,5,42,5,14,1,325,2,1,24,6,0,124,5,0,0,0,1,0,1,4,0,11,4,44,1,25,3,82,133,7,153,8,55,0,2,52,0,37,0,0,2,0,2,0,1,12,1,38,1,0,6,2,4,0,3,5,45,131,50,7,4,1,0,21,3,9,0,15,2
2020-04-01,0,6,2,6,3,3,11,2,41,5,4,6,11,4,19,7,5,589,22,6,47,5,22,1,391,2,1,25,8,0,154,6,0,0,0,2,0,1,4,0,11,4,48,1,24,3,85,171,9,177,9,59,0,4,60,0,41,0,1,2,0,4,0,2,12,1,44,1,0,8,2,5,0,4,6,52,144,58,14,4,2,0,23,3,11,0,15,2
2020-04-02,0,10,3,8,3,3,12,2,45,5,4,7,14,5,22,8,6,663,22,6,50,5,28,1,441,3,3,33,8,1,178,8,1,0,0,3,0,1,4,0,13,5,62,2,30,3,90,206,11,192,10,68,0,5,62,0,49,0,1,3,0,5,0,2,11,1,59,1,0,8,3,5,0,4,6,67,155,63,16,4,2,0,26,4,11,0,18,2
2020-04-03,0,12,4,9,3,4,14,3,49,5,5,7,17,6,26,10,7,780,28,7,61,6,32,1,503,4,4,41,9,1,203,9,1,0,0,3,0,2,5,0,16,5,65,3,35,3,95,233,13,220,11,79,0,6,66,0,57,0,1,4,0,6,0,2,13,1,64,1,0,8,3,5,0,5,7,72,165,72,18,4,2,0,31,4,13,1,20,2
2020-04-04,1,15,3,11,3,6,17,3,59,8,5,7,20,7,36,8,7,781,28,7,69,6,36,2,557,5,4,38,11,1,288,9,1,0,0,4,0,1,6,0,14,6,76,7,50,3,105,272,15,250,12,74,0,6,69,0,69,0,3,4,0,5,0,3,20,1,74,4,0,14,4,5,0,5,10,92,184,90,19,7,2,0,35,6,25,1,23,5
2020-04-05,2,18,3,12,3,6,20,3,68,8,5,8,21,8,42,9,9,826,32,7,70,8,46,2,597,5,4,38,13,1,319,11,1,0,0,4,0,1,6,0,14,7,79,8,55,5,110,302,17,261,19,78,0,7,76,2,84,0,5,4,0,5,0,3,29,1,84,5,0,17,4,5,0,6,12,95,184,89,20,8,2,0,36,8,26,1,29,5
2020-04-06,2,19,3,15,3,8,22,3,75,9,5,10,27,8,53,10,9,871,32,8,77,10,54,2,644,5,4,40,15,2,394,14,2,0,0,6,0,2,9,0,15,7,87,10,57,5,117,321,17,272,25,83,0,8,90,2,109,1,5,5,0,5,1,4,29,1,94,5,1,19,6,5,1,6,17,109,189,102,23,8,2,0,37,15,26,1,34,5
2020-04-07,2,22,3,18,3,8,25,4,92,9,5,11,22,9,59,10,9,911,34,9,77,10,59,2,703,5,4,41,20,1,411,15,2,0,0,6,0,2,10,0,15,7,92,9,61,5,116,347,18,300,28,88,1,8,101,2,132,1,6,6,0,5,1,4,31,1,101,7,0,20,9,5,1,6,18,110,199,110,23,8,2,0,45,27,29,1,38,5
2020-04-08,2,23,3,20,3,8,30,4,102,9,5,13,27,11,71,10,9,960,38,10,79,10,65,4,761,5,4,44,21,2,437,17,2,0,1,6,0,3,9,2,18,7,99,13,64,5,136,371,20,305,32,94,1,11,107,2,147,2,6,6,0,6,2,6,35,1,108,8,0,25,10,5,1,6,19,114,211,126,26,8,2,0,46,30,30,1,41,5
2020-04-09,3,23,4,19,3,8,36,4,108,9,5,14,33,12,81,12,12,1014,40,10,84,10,68,5,802,5,4,47,21,4,473,16,3,0,1,6,0,3,10,2,19,8,106,15,78,5,140,403,21,334,40,98,1,12,110,2,156,2,6,8,1,8,2,6,39,1,116,9,0,27,10,7,2,7,21,120,221,132,26,9,2,0,53,34,30,1,42,8
2020-04-10,3,24,5,19,3,9,42,4,112,10,6,14,36,15,92,15,13,1052,40,11,88,10,73,5,850,5,4,49,22,5,504,17,4,0,1,6,0,3,10,2,20,9,108,15,79,7,150,443,23,358,42,103,1,12,113,2,161,2,8,8,1,9,2,7,44,1,124,10,0,28,12,7,3,8,24,125,235,149,26,10,2,0,72,35,37,2,49,9
2020-04-11,3,27,5,24,3,14,49,5,115,11,6,18,41,15,96,15,13,1113,42,11,89,10,78,7,894,6,4,53,24,5,529,20,4,0,1,6,2,3,15,2,23,9,112,15,80,7,161,490,23,375,49,107,1,12,116,2,175,2,8,8,1,10,3,8,51,1,134,11,0,34,13,10,4,8,25,133,243,155,26,10,2,0,74,36,40,3,52,10
2020-04-12,3,33,5,26,3,14,50,6,117,13,6,20,41,15,105,16,16,1152,45,11,94,10,81,9,943,7,5,61,28,6,535,19,5,0,1,6,2,3,14,2,24,10,114,16,83,7,176,503,23,417,53,110,1,13,117,2,198,2,8,8,1,10,5,8,58,1,137,15,0,36,17,11,4,9,27,154,257,168,27,10,2,0,75,39,50,3,54,11
2020-04-13,3,37,5,31,3,14,53,5,121,14,6,20,39,16,114,16,17,1197,49,12,96,12,84,10,1012,7,8,68,30,6,558,19,8,0,1,7,2,3,14,2,24,10,117,17,86,8,184,514,24,443,91,112,1,13,121,2,201,2,9,8,2,11,5,8,83,1,144,16,1,43,19,12,4,9,27,167,262,174,28,11,2,0,76,41,54,3,54,12
2020-04-14,3,46,5,32,3,15,57,5,127,14,6,20,44,18,115,16,19,1239,50,12,99,14,90,12,1053,7,8,69,31,7,576,20,11,0,1,7,4,3,14,3,24,10,121,17,86,8,191,540,24,469,110,116,1,13,122,2,205,2,10,8,2,11,5,8,97,1,146,17,2,43,20,13,4,10,27,171,273,187,28,11,2,0,78,44,54,3,61,13
2020-04-15,3,51,6,36,3,18,58,8,133,14,6,21,49,23,123,16,23,1281,52,12,108,16,92,12,1102,8,8,82,31,10,594,23,11,0,2,7,4,3,14,3,24,10,124,17,88,8,203,596,24,486,164,122,2,13,125,2,211,2,14,8,3,12,5,8,172,1,158,20,4,44,21,13,4,11,27,176,294,199,28,11,2,0,85,47,56,6,64,14
2020-04-16,3,57,5,45,3,19,59,8,148,14,6,23,60,23,136,16,26,1331,55,12,114,19,96,12,1212,10,6,92,33,10,615,25,12,1,2,7,4,3,16,3,24,11,127,19,92,8,221,644,29,512,276,126,2,13,127,2,213,3,14,8,3,17,5,8,196,1,162,20,4,48,26,14,5,11,28,204,310,203,29,11,2,0,89,53,66,6,67,14
2020-04-17,3,65,5,54,3,21,63,8,155,15,6,25,66,26,154,16,28,1383,55,13,119,23,95,12,1320,13,6,96,33,10,658,27,13,2,3,7,4,3,16,3,24,11,130,20,94,12,245,682,27,547,428,130,2,13,129,2,222,3,16,8,3,21,5,8,253,1,166,21,13,50,28,16,5,11,28,210,323,213,31,12,2,0,93,55,72,6,73,16
2020-04-18,3,70,5,64,3,22,68,9,164,15,7,26,71,26,161,16,36,1453,55,13,119,27,97,13,1403,14,6,98,39,10,701,30,15,2,3,7,4,3,15,4,26,11,131,20,94,13,291,724,30,572,983,132,2,13,129,2,229,3,19,8,3,27,5,9,302,1,168,21,14,60,33,17,7,11,28,221,340,231,31,12,2,0,112,57,77,7,80,17
2020-04-19,3,79,6,66,3,22,68,9,166,15,8,25,72,26,167,16,41,1466,56,14,123,33,97,13,1513,17,6,100,38,11,718,29,17,2,3,7,4,3,16,5,28,11,133,21,102,13,294,789,30,589,1834,135,2,13,129,2,232,3,20,8,6,27,5,9,477,1,176,21,18,65,36,18,9,12,29,224,350,237,31,12,3,0,112,65,79,8,84,17
2020-04-20,3,84,5,68,3,23,73,9,180,16,8,26,72,26,182,16,37,1577,57,15,122,37,99,13,1510,16,6,105,39,12,735,30,17,2,3,7,4,4,20,4,30,13,135,21,100,13,303,823,30,604,2073,139,2,13,131,2,235,3,23,9,4,29,5,9,1246,2,180,24,21,64,29,17,6,13,28,237,370,249,32,13,3,0,116,65,81,8,84,17
2020-04-21,3,88,5,70,3,23,84,9,184,16,7,28,74,26,185,16,37,1653,58,15,127,37,101,13,1557,16,6,113,39,12,768,29,20,2,4,7,5,4,23,4,31,13,139,23,102,13,320,853,30,621,2132,142,2,13,133,2,237,3,24,9,3,32,5,10,1635,2,186,25,22,66,30,17,6,11,28,251,385,257,34,16,3,0,117,69,82,8,92,20
2020-04-22,4,94,5,80,3,28,93,10,192,18,7,28,73,26,195,16,36,1713,62,17,128,44,106,13,1598,18,6,117,39,15,785,30,20,2,4,8,5,4,25,4,31,13,145,22,103,14,332,878,30,635,2137,143,2,14,134,2,241,4,25,9,3,32,8,11,1658,2,197,25,24,68,30,17,6,11,30,266,415,261,38,16,3,0,118,73,85,16,98,21
2020-04-23,4,100,5,98,4,29,95,11,201,18,8,29,76,27,208,16,37,1768,62,17,132,43,109,13,1673,18,6,119,40,15,868,32,20,2,4,8,5,5,24,4,33,14,148,22,104,15,344,936,38,666,2161,148,2,16,134,2,250,4,25,10,3,34,7,11,1661,2,206,25,47,70,30,20,6,11,30,290,447,272,42,16,3,0,124,75,88,23,105,21
2020-04-24,4,108,5,103,3,29,98,11,208,19,8,30,77,27,214,16,38,1817,74,18,137,44,108,13,1768,18,6,126,40,15,932,34,21,2,4,8,6,5,25,4,33,15,154,22,105,16,366,985,47,688,2169,149,2,16,134,2,251,4,26,12,4,35,8,12,1659,2,213,25,49,73,35,20,6,12,30,294,460,278,42,17,3,0,128,80,91,28,122,24
2020-04-25,4,108,5,107,3,30,101,11,216,20,12,32,77,27,219,16,39,1867,75,19,138,47,110,13,1839,19,6,128,41,15,975,34,23,2,4,8,11,5,27,4,35,15,157,22,108,18,374,1033,51,721,2172,153,2,18,135,2,256,4,26,11,4,37,8,12,1662,3,214,25,51,77,35,20,6,12,30,303,475,287,48,18,3,0,131,93,100,27,132,24
2020-04-26,4,108,6,110,3,30,106,11,225,20,12,33,77,28,223,16,39,1902,75,19,143,47,114,13,1942,19,6,137,43,15,1005,34,23,4,4,9,14,5,28,4,37,15,157,23,108,18,377,1104,51,737,2178,160,2,18,135,2,260,4,34,11,5,37,8,13,1662,3,220,25,54,78,35,20,6,13,30,310,485,293,50,18,3,0,133,94,104,29,133,24
2020-04-27,4,103,6,110,3,31,114,11,234,19,12,43,76,28,228,16,41,1938,75,19,148,49,116,14,2005,19,6,146,45,15,1048,35,22,4,4,10,16,5,29,4,39,15,158,24,110,18,395,1130,52,764,2188,159,2,18,136,2,262,4,34,11,5,37,8,12,1698,3,221,25,54,76,36,19,6,14,30,312,500,295,57,18,3,0,124,94,114,29,139,24
2020-04-28,4,103,6,113,3,32,118,11,254,19,14,48,78,28,235,17,41,1984,75,20,151,52,121,15,2090,20,6,148,45,15,1091,37,24,4,5,10,16,5,30,4,42,15,160,24,114,18,406,1166,56,784,2191,162,2,18,136,2,266,4,36,10,5,38,8,13,1706,3,226,25,63,80,36,19,6,14,30,324,542,299,59,18,3,3,131,95,119,31,145,24
2020-04-29,5,116,6,116,3,32,128,11,261,19,14,51,81,29,247,17,45,2030,76,20,153,54,129,15,2216,21,6,153,46,15,1150,37,24,4,5,11,16,5,30,4,43,16,165,24,115,18,418,1208,60,804,2196,165,2,18,138,3,279,4,41,10,5,37,8,12,1722,3,230,27,64,80,37,23,8,14,30,333,584,305,60,19,3,5,134,95,125,33,154,25
2020-04-30,4,121,7,126,3,32,144,11,281,21,14,57,88,29,253,17,45,2126,76,20,160,56,137,15,2441,22,6,154,46,15,1218,37,25,4,5,11,18,6,29,4,43,16,168,24,118,18,452,1251,63,828,2196,167,2,21,139,3,285,4,42,12,5,38,8,12,1732,3,236,27,67,81,39,27,10,14,30,347,608,308,74,22,3,6,146,98,128,34,164,24
2020-05-01,5,121,7,136,4,33,153,11,296,21,14,57,93,31,267,17,48,2217,76,20,163,56,138,16,2589,24,6,155,46,15,1297,37,25,4,5,10,18,6,29,4,43,16,170,24,121,18,471,1297,64,853,2276,171,2,26,142,3,293,4,45,15,5,40,8,12,1731,3,237,27,68,85,39,28,11,14,30,363,639,318,94,22,3,6,160,99,143,36,174,24
2020-05-02,5,123,8,142,4,34,156,11,318,21,14,63,99,31,274,17,50,2305,76,20,168,58,140,17,2698,24,6,159,48,16,1353,38,26,5,5,10,19,6,31,4,43,18,170,25,122,19,480,1331,64,883,2294,172,2,28,143,4,311,4,75,17,5,40,8,13,1724,3,243,27,69,89,40,32,11,14,30,379,679,324,109,22,3,6,166,100,149,36,183,24
2020-05-03,5,124,9,146,4,35,163,11,328,21,15,67,101,31,278,17,52,2338,77,20,175,58,150,20,2905,24,6,163,48,19,1380,38,26,6,5,10,19,6,31,5,45,18,172,25,125,19,490,1376,67,937,2329,172,3,29,143,3,316,4,75,17,5,40,8,13,1729,3,247,27,69,90,41,34,12,14,30,398,701,331,118,24,3,6,168,102,153,36,187,24
2020-05-04,5,133,9,149,4,35,174,12,334,21,14,70,103,31,287,17,56,2398,77,20,179,60,152,20,2988,26,6,169,49,19,1434,39,26,6,5,11,19,6,32,5,45,19,173,24,130,19,503,1429,71,961,2332,175,3,33,144,4,320,5,75,18,5,40,8,13,1828,3,251,27,71,90,41,36,12,14,30,405,716,347,126,25,3,6,172,103,161,41,193,24
2020-05-05,5,135,9,160,4,36,181,13,346,21,15,69,109,31,292,17,57,2428,77,21,184,67,155,21,3097,29,6,172,50,19,1480,39,26,6,6,11,19,6,33,6,46,19,176,24,133,19,510,1478,73,998,2335,177,3,38,144,4,328,5,83,21,5,44,8,13,1831,4,254,27,71,91,42,41,13,14,30,414,751,356,133,26,3,8,178,105,166,42,203,24
2020-05-06,5,139,12,165,4,36,201,13,361,21,15,71,110,31,297,17,60,2542,79,21,190,71,158,21,3237,30,6,181,50,20,1527,39,26,6,6,11,20,6,34,7,48,20,180,24,137,19,518,1527,73,1024,2347,184,3,42,144,4,332,5,83,22,6,44,8,13,1836,4,262,27,71,92,42,40,13,14,30,427,787,363,144,26,3,8,179,106,173,42,210,24
2020-05-07,5,138,12,169,4,36,205,16,372,21,16,74,110,32,311,18,65,2591,79,21,196,75,162,23,3377,30,6,184,52,20,1572,39,26,6,6,11,20,7,34,7,49,20,187,24,146,23,528,1583,73,1044,2350,185,3,42,145,5,345,5,83,23,5,44,8,13,1841,4,265,27,73,94,44,41,15,14,31,450,831,371,153,28,3,9,188,111,177,43,212,25
2020-05-08,5,139,12,172,4,42,216,16,404,23,16,80,120,33,313,19,69,2668,82,21,199,78,171,23,3615,30,6,187,52,20,1664,39,27,6,8,11,20,7,37,7,50,20,192,24,150,23,537,1665,78,1087,2366,190,3,62,176,8,356,5,84,24,5,45,8,13,1842,4,272,27,75,103,49,47,13,14,31,464,867,392,168,28,3,10,191,111,183,44,220,26
2020-05-09,6,144,14,190,5,42,229,16,436,23,17,90,122,33,319,19,71,2755,84,26,211,79,177,27,3710,30,6,189,53,21,1731,39,27,6,8,12,20,7,38,7,54,20,194,24,162,23,543,1710,81,1104,2381,193,3,66,244,8,369,5,84,25,6,46,9,13,1844,5,274,28,76,113,48,48,13,14,31,479,880,404,196,28,3,11,202,113,188,44,222,27
2020-05-10,6,144,14,192,6,42,234,17,452,23,18,93,123,34,325,19,72,2795,84,26,220,80,177,26,3777,31,6,189,59,21,1757,39,28,6,8,12,20,8,38,8,54,20,197,25,162,23,548,1757,83,1119,2387,194,3,67,268,10,390,5,84,25,5,46,9,14,1845,5,276,28,76,118,51,49,13,14,31,500,892,406,211,28,3,11,206,114,186,44,224,26
2020-05-11,6,146,15,193,6,43,258,17,479,24,19,98,125,35,336,19,77,2861,89,26,222,83,178,23,3881,31,6,191,63,21,1823,39,28,6,9,12,22,8,38,8,56,20,199,25,164,23,554,1806,84,1144,2404,195,3,84,313,19,422,5,87,27,5,47,9,14,1933,5,280,28,76,121,53,52,13,14,32,511,915,408,216,28,3,12,209,114,186,44,225,26
2020-05-12,6,154,15,199,6,46,266,20,496,24,19,104,125,35,343,19,79,2908,90,25,232,85,188,23,4002,32,6,195,67,21,1859,39,28,7,10,14,22,8,39,8,56,20,203,25,172,23,560,1836,87,1150,2412,203,3,86,314,22,433,5,87,31,5,49,9,14,1955,5,275,28,77,130,55,53,13,14,33,515,930,413,223,28,3,15,213,114,190,44,229,26
2020-05-13,6,155,15,208,6,47,276,21,509,24,21,114,129,36,354,19,86,2979,93,25,234,86,191,23,4113,32,6,198,68,21,1886,40,29,8,10,14,28,8,39,9,56,20,206,26,175,23,569,1858,88,1163,2419,205,3,90,316,25,442,5,91,32,5,52,10,14,1958,5,280,28,77,135,55,53,13,14,33,526,946,420,229,28,3,15,237,115,192,44,229,27
2020-05-14,7,164,15,212,6,51,296,21,542,24,20,122,136,37,367,19,89,3066,95,25,240,86,198,23,4227,32,6,206,70,22,1927,42,30,8,10,14,29,10,40,9,58,20,210,27,180,23,576,1883,93,1174,2431,207,3,109,317,28,468,5,93,31,5,56,10,15,1990,5,284,28,77,143,56,54,13,15,34,538,976,432,235,28,3,15,252,116,194,44,233,27
2020-05-15,8,164,15,223,8,54,300,22,558,24,22,131,144,38,397,20,92,3156,102,25,241,88,203,28,4330,34,6,212,73,22,1961,44,29,9,10,14,31,10,39,10,59,21,214,27,182,24,585,1921,95,1185,2436,210,3,115,326,53,489,5,97,31,5,57,11,15,2005,5,289,28,80,150,58,56,13,15,35,548,989,440,246,30,3,16,259,116,198,46,237,29
2020-05-16,8,165,15,229,8,54,318,22,578,24,23,138,149,39,415,20,94,3223,111,25,257,97,203,30,4420,34,7,220,75,24,2007,45,30,9,10,14,59,10,40,11,59,21,219,27,184,24,589,1945,98,1199,2449,212,3,121,327,53,500,5,97,34,5,65,11,15,2011,5,290,28,80,155,58,56,14,15,34,553,995,447,258,31,4,16,269,116,200,47,241,29
2020-05-17,8,167,15,232,8,54,328,22,591,25,23,139,152,39,420,19,94,3321,118,25,258,102,205,31,4493,34,7,220,75,24,2047,45,30,9,10,16,61,11,41,11,61,22,224,27,185,23,595,1960,98,1212,2500,216,3,133,332,55,504,5,97,35,5,65,11,15,2018,5,292,29,82,159,58,56,14,15,34,558,1004,450,264,35,4,16,275,116,201,47,249,29
2020-05-18,8,168,15,232,9,55,341,23,610,26,23,148,152,40,434,20,97,3410,121,27,263,121,208,32,4574,35,7,221,78,25,2082,46,30,9,10,15,61,13,42,11,61,22,226,27,190,24,605,1986,99,1226,2513,224,3,141,332,56,520,5,98,36,5,66,11,15,2021,5,296,30,84,161,58,57,14,15,34,595,1028,461,269,37,5,16,283,116,202,47,257,30
2020-05-19,8,171,15,244,13,55,343,23,639,26,23,155,156,41,453,21,98,3463,126,28,266,124,215,31,4706,35,7,226,78,26,2138,46,30,10,12,15,61,13,43,11,61,23,231,27,190,24,610,1999,100,1247,2524,229,3,148,332,56,531,5,101,38,5,64,11,16,2025,6,297,30,84,165,59,62,14,15,34,610,1042,469,272,36,5,16,285,116,206,47,257,31
2020-05-20,8,172,17,250,13,57,352,23,671,26,25,166,160,43,457,22,101,3512,134,30,277,124,217,32,4793,35,8,231,85,28,2167,46,30,10,12,16,63,15,44,11,62,23,235,28,197,25,620,2021,102,1252,2540,237,3,162,337,59,539,5,104,40,5,64,12,15,2029,6,298,30,84,166,60,63,14,16,35,620,1077,478,281,37,4,16,292,116,209,48,254,33
2020-05-21,8,176,17,263,13,55,362,23,699,26,25,178,167,43,467,22,103,3667,142,30,280,131,222,33,4885,35,7,241,86,29,2228,47,33,10,13,16,63,15,46,11,62,23,246,27,199,32,624,2056,105,1277,2557,245,4,163,337,65,554,5,104,42,5,66,12,16,2031,6,303,30,84,170,60,63,14,16,35,642,1141,499,293,40,5,17,309,116,211,47,259,33
2020-05-22,8,178,17,272,13,56,374,24,734,28,26,184,170,43,476,23,104,3762,146,32,282,133,229,34,4996,35,7,248,86,29,2279,47,37,10,13,16,64,20,48,11,62,23,252,28,200,33,626,2071,128,1295,2581,258,5,170,337,71,561,5,103,43,5,66,12,17,2033,6,308,30,84,178,61,63,14,16,36,655,1183,507,301,40,5,18,310,116,242,48,261,33
2020-05-23,8,184,17,274,13,58,381,24,750,28,26,195,177,43,477,24,104,3851,147,32,292,137,233,34,5097,35,7,250,92,30,2349,48,38,10,14,18,64,22,49,11,62,23,263,28,201,38,637,2087,132,1317,2608,274,6,178,346,71,578,5,104,44,5,87,13,17,2038,6,309,30,85,179,62,65,14,17,37,670,1204,514,306,42,5,19,319,116,248,51,269,36
2020-05-24,8,189,17,277,14,59,384,24,776,28,26,206,181,43,478,24,104,3927,151,32,296,155,240,34,5188,36,7,256,93,31,2403,48,40,10,14,18,65,25,52,11,62,23,267,28,204,37,641,2107,133,1334,2617,288,6,184,348,71,593,5,104,45,5,90,13,18,2042,6,310,31,85,183,63,65,15,18,40,682,1220,525,312,43,5,19,328,117,248,51,274,36
2020-05-25,8,191,18,281,14,64,390,25,802,28,26,223,188,43,609,24,104,3963,153,32,300,157,240,37,5310,36,7,257,93,31,2458,48,41,10,15,18,65,27,55,11,62,23,268,28,207,37,648,2126,134,1341,2619,302,6,190,348,71,605,5,104,45,5,91,13,18,2043,6,314,30,87,186,66,68,15,19,41,685,1236,529,318,45,5,19,336,117,250,52,276,36
2020-05-26,8,191,19,283,18,64,402,25,817,28,27,225,193,43,657,26,106,4060,156,32,302,159,246,37,5414,35,7,258,94,32,2492,48,41,10,15,19,69,28,55,12,63,23,282,28,214,37,653,2152,141,1347,2623,307,6,200,351,73,609,5,104,45,5,92,13,18,2046,6,316,30,87,187,66,70,15,19,40,697,1277,540,321,46,6,19,340,117,252,52,277,36
2020-05-27,8,201,19,316,18,64,403,25,826,29,27,231,197,43,682,34,110,4137,156,33,302,163,248,37,5486,36,7,261,98,33,2523,48,41,10,15,19,69,29,55,12,65,23,287,28,218,37,659,2162,144,1367,2628,310,6,201,351,74,617,5,104,46,5,94,13,18,2046,6,313,31,87,189,67,70,15,19,40,700,1315,544,326,46,6,19,344,118,256,52,280,37
2020-05-28,8,206,19,324,18,65,412,28,847,30,27,234,202,43,684,37,110,4211,162,33,310,165,251,39,5566,37,7,272,101,34,2555,51,42,10,15,22,69,29,56,13,66,23,290,29,222,37,667,2178,148,1397,2642,313,6,201,352,75,637,5,104,48,5,93,13,18,2048,6,318,33,88,193,67,72,15,20,40,705,1335,551,337,49,6,19,351,118,260,51,282,38
2020-05-29,9,212,20,330,18,71,419,28,862,30,27,252,206,43,739,38,110,4318,167,33,320,167,258,40,5674,39,7,277,101,34,2603,50,45,10,15,23,69,32,56,13,67,24,302,30,230,37,672,2202,152,1405,2657,328,6,203,355,77,651,5,105,50,6,95,14,18,2050,6,322,35,90,197,68,73,15,20,40,716,1380,562,339,51,6,19,359,118,266,54,285,39
2020-05-30,9,211,20,338,18,73,428,28,874,30,27,277,206,43,743,38,114,4369,167,33,331,171,259,40,5773,40,9,282,101,35,2642,50,60,10,15,23,69,34,57,14,67,25,306,30,243,38,678,2241,152,1428,2660,337,6,210,355,78,656,5,107,50,6,99,14,18,2050,6,323,35,91,199,71,73,15,20,41,723,1390,569,342,51,6,21,366,118,272,54,287,40
2020-05-31,10,212,20,339,18,73,429,29,893,31,28,285,211,43,793,40,114,4444,170,34,337,172,267,40,5862,41,8,284,101,35,2672,50,61,10,15,25,69,39,58,14,67,25,308,30,248,39,687,2267,156,1431,2666,337,6,211,357,78,663,5,107,52,6,99,14,18,2074,6,325,37,92,200,71,79,16,20,43,727,1420,573,343,52,6,21,373,118,274,55,294,41
2020-06-01,10,212,20,340,18,72,435,29,909,31,28,295,213,43,875,40,115,4508,174,34,337,175,280,40,5933,44,8,286,103,36,2698,50,61,10,16,25,69,43,60,14,67,25,309,30,249,39,692,2277,155,1438,2668,346,6,216,358,79,684,5,107,52,6,103,14,18,2086,8,327,39,93,201,72,81,18,20,43,736,1453,582,349,52,6,21,378,118,277,55,295,42
2020-06-02,10,212,20,340,18,75,438,28,919,31,28,298,215,43,881,41,116,4581,181,34,340,178,301,40,5996,44,8,292,102,36,2721,51,61,10,16,26,70,45,60,14,66,25,309,30,258,40,702,2282,157,1456,2674,356,6,217,361,79,688,5,107,52,6,103,14,19,2092,8,329,39,93,205,73,82,17,21,43,743,1475,584,352,52,7,21,383,118,281,55,300,45
2020-06-03,10,214,21,345,18,76,439,30,933,31,28,306,216,45,889,40,117,4669,184,34,344,182,310,40,6112,45,8,295,102,36,2739,51,64,10,17,26,70,46,60,14,67,25,318,30,265,40,709,2296,162,1463,2679,366,6,220,362,79,695,5,107,52,6,102,14,19,2095,9,332,39,95,209,73,85,17,24,46,752,1487,584,360,55,7,21,390,118,288,56,303,44
2020-06-04,11,219,21,347,18,77,447,30,948,34,28,313,218,45,891,45,118,4732,189,34,355,185,314,41,6216,45,8,300,105,38,2767,53,71,10,17,26,70,54,61,14,67,25,320,31,267,43,722,2313,163,1466,2686,376,6,223,366,80,720,5,108,54,6,104,14,19,2096,9,333,39,95,216,73,85,17,26,46,782,1505,594,367,55,7,21,398,118,293,56,304,48
2020-06-05,11,221,23,369,18,77,449,31,975,35,28,323,219,47,894,48,118,4789,190,34,360,184,318,41,6323,45,8,303,106,38,2811,53,73,10,17,29,70,57,61,15,67,25,325,30,271,43,730,2329,164,1486,2688,376,6,227,367,80,734,5,108,56,6,107,14,19,2099,9,335,39,95,222,73,91,18,26,47,803,1529,600,371,56,7,21,407,118,296,58,306,48
2020-06-06,11,222,24,372,18,78,450,31,985,36,29,336,224,47,894,48,118,4827,191,35,366,184,321,42,6406,45,9,306,108,41,2831,54,73,10,19,29,71,60,62,15,68,26,327,30,275,43,737,2340,164,1502,2689,382,6,230,373,80,766,6,108,56,6,109,14,20,2099,9,338,39,96,223,73,94,18,27,47,813,1540,607,376,58,8,20,413,118,296,58,308,48
2020-06-07,11,222,24,372,18,78,451,31,999,36,33,355,227,47,896,48,120,4858,193,36,368,189,326,42,6512,46,9,309,111,42,2860,56,73,10,18,29,71,68,63,15,68,28,331,30,277,44,747,2348,166,1511,2691,387,6,233,374,80,791,6,108,56,6,109,14,20,2106,9,339,39,97,231,74,95,18,27,49,817,1548,612,378,58,8,20,419,118,298,58,307,48
2020-06-08,11,224,24,374,18,80,453,31,1013,36,34,371,232,48,899,48,121,4910,193,37,369,190,333,43,6586,50,9,313,114,43,2891,58,76,10,19,30,74,69,63,15,69,29,334,30,280,46,755,2354,167,1516,2694,388,6,237,375,81,817,6,108,57,6,109,14,20,2108,9,341,39,97,232,74,97,19,27,49,821,1571,616,381,58,8,21,427,118,300,58,308,48
2020-06-09,11,227,25,375,18,80,455,32,1034,36,35,377,234,48,901,48,121,4939,194,38,378,191,336,43,6667,51,9,317,120,44,2918,60,77,10,19,30,73,69,64,16,69,29,337,30,284,46,757,2372,167,1522,2695,390,6,237,376,81,835,6,108,57,6,112,14,21,2109,9,344,39,98,232,75,98,19,28,49,827,1592,618,382,61,8,21,443,118,301,58,308,48
2020-06-10,12,229,26,377,22,81,460,32,1045,36,34,384,237,49,903,48,121,5011,195,39,384,191,342,43,6741,52,9,327,122,44,2975,60,78,10,19,31,73,72,64,16,69,29,337,30,285,46,762,2390,167,1529,2697,394,6,239,379,83,847,6,108,55,6,111,14,21,2110,9,346,40,99,234,77,102,19,28,49,839,1621,620,389,61,8,21,461,118,302,58,312,48
2020-06-11,12,233,26,382,23,82,462,36,1048,36,34,394,235,50,911,49,123,5057,210,40,387,191,348,44,6844,52,9,331,129,44,3011,61,87,10,19,33,73,74,71,16,69,30,338,32,287,47,772,2394,167,1563,2699,394,6,242,380,83,874,6,110,55,6,111,14,22,2121,10,348,40,100,238,78,102,19,29,49,845,1623,625,392,62,9,21,473,117,304,58,314,49
2020-06-12,12,232,26,381,23,84,463,37,1065,36,34,400,236,52,914,50,122,5112,220,40,389,191,353,44,6918,52,9,331,132,44,3078,61,87,10,19,32,73,84,72,16,69,31,344,32,297,47,779,2411,168,1576,2701,397,6,244,382,83,901,6,110,56,6,114,14,22,2115,9,352,41,100,242,79,102,19,29,49,847,1638,642,397,62,10,21,497,117,304,58,316,48
2020-06-13,14,238,28,382,23,84,466,38,1080,37,34,403,237,52,916,51,122,5144,222,40,394,209,360,44,7030,52,9,331,133,44,3130,61,92,10,20,33,73,87,74,16,70,31,346,32,305,48,786,2419,168,1586,2704,397,6,244,384,83,934,6,110,57,6,116,14,23,2123,9,352,42,101,246,79,102,21,29,49,855,1655,652,398,62,10,22,508,118,304,58,320,48
2020-06-14,15,240,28,385,23,85,467,39,1090,37,34,409,238,53,917,51,122,5175,222,40,398,210,364,45,7076,53,9,334,135,44,3185,61,93,10,20,34,73,87,77,16,70,31,347,32,312,48,794,2428,168,1595,2706,397,6,245,386,82,969,6,110,57,6,117,14,23,2125,9,353,43,101,249,79,103,21,29,49,863,1666,656,399,62,13,22,512,118,306,58,321,48
2020-06-15,15,241,28,390,23,85,469,38,1103,37,35,425,240,54,920,51,123,5220,222,40,402,213,370,45,7202,53,9,337,143,44,3250,61,93,10,20,34,73,90,77,16,71,32,348,34,314,48,804,2457,168,1600,2706,398,6,246,388,82,992,6,110,58,6,118,16,23,2126,9,353,44,101,252,79,104,21,29,49,870,1675,658,405,62,14,22,517,118,308,59,321,48
2020-06-16,17,241,29,392,23,86,469,38,1120,37,36,460,244,54,921,52,123,5271,222,40,403,215,374,45,7289,53,9,342,151,44,3316,61,94,11,20,34,73,92,79,16,71,33,350,35,317,48,807,2460,168,1607,2712,400,7,247,388,82,1026,6,110,58,6,118,17,24,2125,9,354,44,101,253,81,104,21,29,49,881,1706,665,406,62,14,22,525,118,311,59,329,49
2020-06-17,17,242,31,397,24,86,472,39,1129,37,36,502,252,54,923,53,122,5336,223,40,403,215,387,45,7365,53,9,344,150,44,3374,61,96,11,20,35,73,92,81,16,71,33,354,37,321,48,814,2462,169,1606,2712,402,8,253,392,82,1058,6,110,60,6,118,17,24,2128,11,359,45,101,257,81,104,21,30,50,891,1712,675,405,63,14,22,532,118,313,59,329,50
2020-06-18,18,246,37,402,24,87,472,40,1153,37,37,568,256,54,940,54,122,5404,227,40,410,215,392,45,7487,53,9,349,156,44,3508,62,105,11,21,35,73,101,95,16,71,33,356,40,324,48,822,2468,170,1619,2713,404,9,253,393,82,1118,6,110,61,6,118,17,25,2131,12,364,46,102,260,82,106,21,30,50,908,1722,682,408,67,14,22,549,119,316,59,331,50
2020-06-19,18,247,37,406,24,89,476,41,1166,38,37,606,266,54,954,56,122,5481,227,40,412,216,398,45,7590,53,9,353,158,44,3634,62,106,11,21,37,73,109,96,16,74,33,358,42,329,48,825,2478,172,1632,2715,406,9,255,397,82,1174,6,110,61,6,118,18,25,2135,12,366,49,103,266,82,109,21,30,51,918,1735,693,409,69,15,22,559,119,321,59,332,55
2020-06-20,18,248,39,402,24,89,477,43,1194,39,37,639,275,54,956,59,122,5555,228,42,419,217,404,45,7694,53,9,355,165,44,3744,62,107,11,22,37,73,111,97,16,74,33,364,42,330,48,831,2483,174,1639,2715,407,9,257,399,82,1214,6,110,63,6,118,18,26,2137,13,367,50,103,269,84,109,21,31,51,927,1743,698,416,71,16,22,571,119,323,59,333,55
2020-06-21,18,251,39,407,25,90,484,43,1201,41,37,653,279,55,961,60,122,5633,227,42,427,217,409,45,7794,53,9,357,169,45,3829,62,107,11,23,39,73,127,110,16,74,34,367,44,331,48,843,2490,174,1654,2715,413,9,258,400,82,1263,6,110,64,6,119,18,26,2139,14,369,51,105,271,84,109,21,31,51,942,1756,711,429,71,16,22,584,119,327,59,334,55
2020-06-22,19,253,40,410,25,90,493,45,1223,42,37,670,287,55,975,60,122,5734,228,42,433,218,414,45,7915,53,9,361,175,46,4020,63,107,11,23,39,74,136,122,16,74,34,369,45,337,50,854,2511,175,1665,2713,416,9,257,405,82,1292,6,110,65,6,122,19,26,2141,17,369,52,105,277,85,110,22,31,52,957,1780,726,436,71,16,22,594,120,330,60,337,55
2020-06-23,19,255,44,411,26,91,500,45,1248,42,37,688,288,55,983,60,125,5820,228,43,439,218,426,45,8029,54,9,363,177,46,4098,64,107,11,23,39,74,152,127,16,74,34,373,48,340,50,867,2516,176,1669,2713,426,9,258,410,83,1345,6,110,67,6,122,21,26,2144,17,371,51,105,280,86,110,27,32,52,960,1796,742,444,73,18,22,614,120,332,60,342,55
2020-06-24,19,257,45,412,28,91,506,47,1269,43,37,697,294,55,984,64,125,5964,228,43,441,219,433,45,8144,54,9,369,183,47,4189,65,107,12,23,39,74,162,129,16,74,34,381,52,344,50,878,2527,177,1680,2714,434,9,259,411,83,1392,6,110,69,6,123,21,26,2148,17,379,51,106,285,87,110,28,31,52,963,1809,756,449,73,19,22,629,120,338,60,344,55
2020-06-25,20,261,46,413,29,93,516,50,1301,46,37,703,300,55,1033,64,126,6111,230,43,449,221,438,45,8310,54,9,372,187,49,4337,68,108,12,23,39,75,169,144,17,75,36,390,55,351,51,889,2534,179,1682,2717,441,10,259,413,83,1465,6,111,71,6,124,22,26,2150,19,382,55,107,296,89,112,28,31,55,977,1839,771,454,73,20,22,649,120,343,60,345,55
2020-06-26,20,264,45,412,29,96,519,51,1322,46,37,712,307,56,1087,66,127,6287,231,43,458,223,448,45,8511,56,10,378,189,51,4491,69,108,12,24,42,76,176,147,17,76,37,393,55,358,52,901,2538,181,1695,2717,451,10,265,418,85,1527,7,111,72,7,126,22,26,2157,20,395,57,109,300,96,114,31,31,55,990,1863,788,462,74,21,22,698,122,346,62,350,57
2020-06-27,20,265,45,412,30,96,521,52,1350,47,37,722,319,56,1093,67,129,6429,233,44,461,225,458,45,8694,56,10,379,193,51,4661,71,111,12,26,43,76,184,153,17,76,38,405,57,371,54,912,2549,182,1705,2719,460,11,265,421,85,1553,7,113,73,8,127,22,26,2162,20,400,57,110,306,97,114,33,31,55,1008,1884,800,475,76,21,22,708,122,348,63,354,57
2020-06-28,20,269,46,415,30,98,523,53,1371,48,37,727,327,60,1197,70,130,6571,233,45,471,225,470,45,8840,57,10,382,194,58,4794,69,111,12,27,43,76,190,159,17,76,38,415,59,381,56,925,2567,184,1720,2721,464,11,266,425,85,1603,7,113,74,9,127,22,26,2164,20,407,59,112,310,100,115,34,31,56,1016,1896,809,486,77,21,22,725,122,350,63,363,57
2020-06-29,21,284,51,419,32,98,524,53,1388,50,37,728,336,60,1202,75,132,6694,233,45,482,226,476,46,8982,57,11,383,201,59,4922,72,111,12,28,42,76,197,165,17,76,38,422,60,396,56,937,2584,185,1736,2724,469,11,266,431,85,1646,7,114,73,9,127,22,28,2169,20,409,60,113,312,105,120,34,32,58,1026,1920,824,498,77,23,22,731,124,352,63,368,57
2020-06-30,21,293,53,420,33,99,528,52,1405,51,37,729,347,61,1205,76,135,6831,234,45,494,228,481,46,9148,57,14,387,208,59,5010,76,111,12,29,42,76,202,170,17,76,39,433,63,404,58,947,2600,187,1741,2726,480,11,270,437,85,1704,9,114,73,9,129,23,30,2170,20,412,62,113,314,107,122,35,33,58,1042,1953,834,507,77,24,22,738,124,353,65,376,58
2020-07-01,21,297,55,421,37,99,534,53,1448,51,38,739,356,62,1209,81,135,7013,236,48,518,229,503,46,9338,57,14,390,222,60,5224,76,113,12,29,43,76,204,177,17,80,39,443,65,416,58,962,2628,188,1752,2731,491,11,272,442,86,1784,9,115,73,11,130,23,30,2176,20,418,66,115,318,109,122,36,33,59,1052,1969,863,515,80,27,22,757,127,354,65,384,58
2020-07-02,21,297,55,421,37,99,534,53,1448,51,38,739,356,62,1209,81,135,7013,236,48,518,229,503,46,9338,57,14,390,222,60,5224,76,113,12,29,43,76,204,177,17,80,39,443,65,416,58,962,2628,188,1752,2731,491,11,272,442,86,1784,9,115,73,11,130,23,30,2176,20,418,66,115,318,109,122,36,33,59,1052,1969,863,515,80,27,22,757,127,354,65,384,58
2020-07-03,22,305,58,425,43,104,543,54,1511,58,39,761,390,66,1288,90,134,7392,245,49,541,234,529,46,9825,61,14,399,244,67,5605,78,120,12,29,44,78,220,199,18,83,45,480,67,442,58,983,2669,192,1805,2730,506,11,278,455,88,1918,11,116,76,11,139,23,32,2184,22,428,70,126,325,113,126,38,33,64,1079,2079,916,529,80,32,22,814,130,359,68,404,58
2020-07-04,23,308,58,431,49,106,544,56,1547,58,39,765,394,68,1295,94,135,7571,246,50,553,236,543,46,10023,61,16,400,248,68,5770,78,120,12,29,44,78,226,211,22,87,48,492,68,466,58,997,2700,193,1818,2730,508,12,280,455,88,1931,11,116,81,11,143,23,32,2188,23,432,73,127,332,118,127,38,33,65,1091,2110,925,541,82,34,22,823,131,360,69,412,58
2020-07-05,22,315,59,433,56,106,546,56,1576,59,40,765,400,68,1303,97,135,7724,248,50,568,242,559,46,10271,61,17,405,251,70,5924,78,123,12,29,45,78,231,215,23,87,51,497,70,477,62,1021,2723,195,1825,2732,516,12,281,463,89,1981,11,116,83,11,143,23,34,2191,23,440,73,128,337,124,134,38,33,68,1107,2131,939,552,85,34,22,839,132,362,70,421,58
2020-07-06,24,321,59,435,59,107,549,57,1599,59,40,766,414,68,1307,111,135,7883,251,51,582,244,572,46,10410,61,18,407,258,74,6019,79,123,12,30,45,78,236,220,23,88,51,500,71,493,62,1035,2752,197,1832,2734,523,12,282,466,89,2034,11,116,83,11,149,25,35,2197,23,442,73,128,345,127,136,41,34,68,1123,2143,967,567,86,35,22,860,135,363,71,428,59
2020-07-07,24,323,60,436,63,107,554,58,1637,59,41,772,422,68,1306,127,136,8048,253,51,588,246,585,46,10587,62,18,408,276,74,6158,79,123,12,30,45,78,239,223,24,91,52,508,72,496,64,1051,2788,199,1849,2734,536,12,287,472,89,2134,11,117,86,11,150,26,35,2201,24,449,78,129,347,130,137,45,34,69,1133,2175,974,568,89,38,22,881,135,363,72,436,59
2020-07-08,24,328,62,437,79,107,555,59,1674,60,44,780,431,68,1309,130,136,8277,253,53,617,250,605,48,10879,63,20,414,287,76,6287,83,123,12,32,46,79,245,228,26,92,53,529,74,520,65,1064,2836,202,1861,2736,543,12,290,475,89,2201,11,118,89,11,160,26,37,2205,24,461,80,132,351,132,138,54,35,70,1156,2241,997,585,92,42,22,895,140,365,72,452,60
2020-07-09,24,338,62,438,91,109,558,59,1721,60,46,784,436,70,1324,132,137,8518,253,54,645,260,614,51,11122,65,20,415,300,76,6396,84,123,12,32,47,79,252,234,27,95,53,551,79,536,66,1073,2859,206,1885,2737,548,12,294,486,89,2283,11,120,92,13,161,27,40,2206,27,477,81,133,359,136,142,56,36,72,1171,2269,1014,590,92,43,22,918,142,367,72,461,61
2020-07-10,25,348,63,445,111,109,567,60,1767,64,51,793,453,79,1350,141,138,8786,253,53,675,267,643,55,11433,66,20,425,322,79,6563,85,123,12,33,49,80,257,238,27,105,53,570,82,560,68,1097,2889,213,1907,2740,566,12,295,503,89,2378,12,121,96,13,166,28,41,2216,27,487,82,134,363,139,157,65,40,74,1196,2299,1032,601,93,45,23,945,144,372,74,474,62
2020-07-11,26,356,67,447,139,109,569,61,1821,67,51,800,473,81,1378,142,138,8979,256,53,698,271,667,55,11724,67,20,425,343,82,6781,86,123,13,33,50,80,259,240,28,109,53,589,83,568,71,1120,2952,216,1928,2745,582,13,299,506,89,2440,11,120,100,14,173,30,44,2222,28,492,90,137,371,144,160,67,41,74,1214,2327,1045,604,93,47,23,977,146,372,76,488,63
2020-07-12,26,366,68,448,167,111,570,63,1863,70,55,816,497,89,1385,142,141,9208,259,54,724,286,692,55,12035,67,21,428,346,81,6950,86,123,14,35,53,81,261,247,30,115,55,609,86,583,71,1152,3007,222,1948,2748,589,13,302,510,89,2513,11,121,104,14,193,32,46,2227,29,502,91,142,378,148,169,71,41,75,1225,2351,1053,609,102,49,23,1009,146,373,76,494,63
2020-07-13,28,385,69,452,192,112,573,62,1897,71,57,820,515,91,1395,143,140,9359,261,55,763,301,719,58,12301,68,21,431,365,82,7046,87,125,13,37,58,83,262,260,31,127,57,627,92,600,71,1189,3079,225,1971,2755,599,13,304,514,89,2579,12,127,106,14,217,34,48,2229,29,509,96,145,390,150,176,77,44,77,1244,2382,1066,621,115,49,23,1018,147,376,77,510,66
2020-07-14,28,391,78,452,201,112,572,62,1942,71,60,832,532,92,1405,155,140,9509,261,56,784,308,751,58,12574,71,21,436,380,83,7179,92,125,13,38,58,84,264,264,32,132,59,643,93,619,73,1208,3110,230,1996,2757,614,13,304,520,89,2647,13,129,106,14,219,35,50,2235,29,507,96,146,392,154,180,80,43,78,1252,2420,1071,628,119,50,23,1068,149,378,77,515,66
2020-07-15,30,399,87,453,220,113,572,64,1975,72,61,840,552,97,1411,155,140,9784,262,58,806,317,773,58,12823,72,24,447,385,83,7279,98,126,13,38,58,90,267,271,33,135,61,661,97,640,75,1226,3162,233,2007,2759,633,15,307,536,89,2724,13,130,110,14,235,38,52,2246,31,518,97,148,403,158,186,87,44,77,1271,2459,1084,641,128,51,24,1098,153,384,78,519,68
2020-07-16,30,410,90,460,234,115,575,65,2012,76,61,851,570,97,1418,160,146,9985,262,62,829,327,787,58,13099,74,24,448,411,85,7415,103,129,16,40,61,90,278,275,34,140,65,679,103,664,77,1243,3214,237,2027,2764,646,17,313,539,89,2777,13,132,112,14,237,39,53,2249,33,525,102,153,412,161,191,90,48,79,1294,2499,1094,655,130,52,24,1124,158,387,86,529,70
2020-07-17,30,425,97,462,250,120,575,66,2063,78,65,868,588,99,1433,160,149,10215,263,68,871,340,834,59,13412,81,24,453,432,88,7586,109,133,16,47,65,91,285,278,38,145,72,706,115,684,78,1277,3296,244,2055,2768,658,18,320,561,89,2867,14,133,115,15,243,39,55,2258,35,542,104,156,422,168,207,94,54,81,1319,2538,1117,662,134,53,24,1171,162,393,87,544,72
2020-07-18,32,440,100,464,260,124,574,67,2091,81,68,877,606,104,1451,162,151,10438,263,72,902,353,874,59,13778,83,29,458,454,88,7703,112,136,16,49,66,91,289,284,39,147,72,762,136,697,80,1305,3387,244,2073,2774,670,19,334,570,89,2939,14,133,118,15,259,39,58,2263,37,550,105,157,425,173,208,99,61,81,1341,2570,1139,677,140,53,25,1203,164,399,87,570,72
2020-07-19,34,451,101,473,268,126,575,68,2114,86,68,895,618,105,1458,164,153,10553,265,75,916,363,897,59,14001,86,29,465,461,89,7828,116,136,16,59,69,92,293,290,39,153,74,789,138,705,82,1322,3486,245,2089,2777,681,19,345,574,89,2987,14,133,119,16,264,41,59,2268,37,561,107,161,428,182,221,100,66,82,1358,2597,1159,682,142,53,25,1228,165,400,90,593,72
2020-07-20,35,471,102,478,274,135,575,68,2143,86,69,907,630,106,1467,165,152,10713,266,77,940,377,916,61,14246,91,30,466,472,89,7923,133,137,16,66,74,94,297,303,41,159,80,812,146,733,88,1344,3567,253,2119,2780,691,20,352,576,89,3018,14,136,119,16,267,43,62,2275,40,574,108,161,441,194,230,104,69,84,1379,2638,1171,685,150,56,25,1256,166,405,94,616,72
