"Date","Adams","Allegheny","Armstrong","Beaver","Bedford","Berks","Blair","Bradford","Bucks","Butler","Cambria","Cameron","Carbon","Centre","Chester","Clarion","Clearfield","Clinton","Columbia","Crawford","Cumberland","Dauphin","Delaware","Elk","Erie","Fayette","Forest","Franklin","Fulton","Greene","Huntingdon","Indiana","Jefferson","Juniata","Lackawanna","Lancaster","Lawrence","Lebanon","Lehigh","Luzerne","Lycoming","McKean","Mercer","Mifflin","Monroe","Montgomery","Montour","Northampton","Northumberland","Perry","Philadelphia","Pike","Potter","Schuylkill","Snyder","Somerset","Sullivan","Susquehanna","Tioga","Union","Venango","Warren","Washington","Wayne","Westmoreland","Wyoming","York"
2020-03-01,0,0,0,0,0,0,0,0,0,0,0,0,0,0,0,0,0,0,0,0,0,0,0,0,0,0,0,0,0,0,0,0,0,0,0,0,0,0,0,0,0,0,0,0,0,0,0,0,0,0,0,0,0,0,0,0,0,0,0,0,0,0,0,0,0,0,0
2020-03-02,0,0,0,0,0,0,0,0,0,0,0,0,0,0,0,0,0,0,0,0,0,0,0,0,0,0,0,0,0,0,0,0,0,0,0,0,0,0,0,0,0,0,0,0,0,0,0,0,0,0,0,0,0,0,0,0,0,0,0,0,0,0,0,0,0,0,0
2020-03-03,0,0,0,0,0,0,0,0,0,0,0,0,0,0,0,0,0,0,0,0,0,0,0,0,0,0,0,0,0,0,0,0,0,0,0,0,0,0,0,0,0,0,0,0,0,0,0,0,0,0,0,0,0,0,0,0,0,0,0,0,0,0,0,0,0,0,0
2020-03-04,0,0,0,0,0,0,0,0,0,0,0,0,0,0,0,0,0,0,0,0,0,0,0,0,0,0,0,0,0,0,0,0,0,0,0,0,0,0,0,0,0,0,0,0,0,0,0,0,0,0,0,0,0,0,0,0,0,0,0,0,0,0,0,0,0,0,0
2020-03-05,0,0,0,0,0,0,0,0,0,0,0,0,0,0,0,0,0,0,0,0,0,0,0,0,0,0,0,0,0,0,0,0,0,0,0,0,0,0,0,0,0,0,0,0,0,0,0,0,0,0,0,0,0,0,0,0,0,0,0,0,0,0,0,0,0,0,0
2020-03-06,0,0,0,0,0,0,0,0,0,0,0,0,0,0,0,0,0,0,0,0,0,0,1,0,0,0,0,0,0,0,0,0,0,0,0,0,0,0,0,0,0,0,0,0,0,0,0,0,0,0,0,0,0,0,0,0,0,0,0,0,0,0,0,1,0,0,0
2020-03-07,0,0,0,0,0,0,0,0,0,0,0,0,0,0,0,0,0,0,0,0,0,0,1,0,0,0,0,0,0,0,0,0,0,0,0,0,0,0,0,0,0,0,0,0,0,0,0,0,0,0,0,0,0,0,0,0,0,0,0,0,0,0,0,1,0,0,0
2020-03-08,0,0,0,0,0,0,0,0,0,0,0,0,0,0,0,0,0,0,0,0,0,0,1,0,0,0,0,0,0,0,0,0,0,0,0,0,0,0,0,0,0,0,0,0,0,4,0,0,0,0,0,0,0,0,0,0,0,0,0,0,0,0,0,1,0,0,0
2020-03-09,0,0,0,0,0,0,0,0,0,0,0,0,0,0,0,0,0,0,0,0,0,0,1,0,0,0,0,0,0,0,0,0,0,0,0,0,0,0,0,0,0,0,0,0,0,5,0,0,0,0,0,0,0,0,0,0,0,0,0,0,0,0,0,1,0,0,0
2020-03-10,0,0,0,0,0,0,0,0,0,0,0,0,0,0,0,0,0,0,0,0,0,0,1,0,0,0,0,0,0,0,0,0,0,0,0,0,0,0,0,0,0,0,0,0,1,8,0,0,0,0,1,0,0,0,0,0,0,0,0,0,0,0,0,1,0,0,0
2020-03-11,0,0,0,0,0,0,0,0,2,0,0,0,0,0,0,0,0,0,0,0,0,0,1,0,0,0,0,0,0,0,0,0,0,0,0,0,0,0,0,0,0,0,0,0,2,9,0,0,0,0,1,0,0,0,0,0,0,0,0,0,0,0,0,1,0,0,0
2020-03-12,0,0,0,0,0,0,0,0,2,0,0,0,0,0,0,0,0,0,0,0,0,0,1,0,0,0,0,0,0,0,0,0,0,0,0,0,0,0,0,0,0,0,0,0,2,13,0,1,0,0,1,1,0,0,0,0,0,0,0,0,0,0,0,1,0,0,0
2020-03-13,0,0,0,0,0,0,0,0,3,0,0,0,0,0,1,0,0,0,0,0,3,0,6,0,0,0,0,0,0,0,0,0,0,0,0,0,0,0,0,0,0,0,0,0,3,18,0,1,0,0,3,1,0,0,0,0,0,0,0,0,0,0,1,1,0,0,0
2020-03-14,0,2,0,0,0,0,0,0,3,0,0,0,0,0,2,0,0,0,0,0,3,0,6,0,0,0,0,0,0,0,0,0,0,0,0,0,0,0,0,0,0,0,0,0,3,20,0,1,0,0,4,1,0,0,0,0,0,0,0,0,0,0,1,1,0,0,0
2020-03-15,0,2,0,0,0,0,0,0,3,0,0,0,0,0,2,0,0,0,0,0,3,0,6,0,0,0,0,0,0,0,0,0,0,0,0,0,0,0,0,0,0,0,0,0,3,20,0,1,0,0,4,1,0,0,0,0,0,0,0,0,0,0,1,1,0,0,0
2020-03-16,0,6,0,0,0,0,0,0,5,0,0,0,0,0,2,0,0,0,0,0,5,0,7,0,0,0,0,0,0,0,0,0,0,0,0,0,0,0,1,1,0,0,0,0,8,30,0,1,0,0,10,1,0,0,0,0,0,0,0,0,0,0,1,1,0,0,0
2020-03-17,0,10,0,1,0,0,0,0,8,0,0,0,0,0,6,0,0,0,0,0,10,0,9,0,0,0,0,0,0,0,0,0,0,0,0,0,0,0,1,1,0,0,0,0,8,34,0,1,0,0,19,1,0,0,0,0,0,0,0,0,0,0,2,1,0,0,0
2020-03-18,0,13,0,2,0,1,0,0,9,0,0,0,0,0,9,0,0,0,0,0,10,0,14,0,1,0,0,0,0,0,0,0,0,0,1,1,0,0,1,1,0,0,0,0,8,42,0,1,0,0,34,2,0,0,0,0,0,0,0,0,0,0,2,1,0,0,2
2020-03-19,0,18,0,2,0,1,0,0,12,0,0,0,0,0,10,0,0,0,0,0,11,0,14,0,1,0,0,0,0,0,0,0,0,0,2,2,0,1,1,1,0,0,0,0,15,55,0,5,0,0,44,3,0,0,0,0,0,0,0,0,0,0,3,1,2,0,2
2020-03-20,4,28,0,3,0,5,0,0,24,0,0,0,0,1,17,0,0,0,0,0,11,0,23,0,1,0,0,1,0,0,0,0,0,0,4,2,0,1,2,2,0,0,0,0,19,68,0,10,0,0,67,3,1,0,0,0,0,0,0,0,0,0,3,1,4,0,6
2020-03-21,4,31,0,3,0,7,0,0,28,1,0,0,0,1,19,0,0,0,0,0,11,1,33,0,1,0,0,1,0,0,0,0,0,0,5,4,0,2,13,6,0,0,0,0,25,77,1,17,0,0,85,3,1,0,0,0,0,0,0,0,0,0,5,1,4,0,9
2020-03-22,5,40,0,3,0,13,0,0,34,1,0,0,0,1,23,0,0,0,1,0,11,1,43,0,2,1,0,1,0,0,0,0,0,0,6,6,0,3,19,7,0,0,1,0,31,110,1,21,0,0,96,3,1,1,0,0,0,0,0,0,0,0,7,2,4,0,10
2020-03-23,6,48,0,3,0,14,0,0,43,5,1,0,0,3,40,0,0,0,1,0,12,1,54,0,3,1,0,1,0,0,0,0,0,0,7,5,0,3,25,10,0,0,1,0,43,136,1,23,0,0,175,3,1,3,0,0,0,0,0,0,0,0,7,3,6,0,10
2020-03-24,6,58,1,3,0,16,0,1,69,6,1,0,1,7,40,0,1,0,1,0,13,4,84,0,5,2,0,3,0,0,0,0,0,1,15,10,0,3,27,21,0,0,2,0,45,159,3,33,0,0,252,4,1,5,0,1,0,0,0,0,0,0,9,4,11,0,18
2020-03-25,6,88,1,7,0,20,0,1,86,12,1,0,1,8,54,0,2,0,1,0,13,10,101,0,5,4,0,5,0,2,0,0,0,1,18,12,1,3,38,27,1,0,2,0,51,219,4,44,0,0,342,8,1,7,0,2,0,0,0,0,0,1,10,4,16,0,20
2020-03-26,7,133,1,13,0,36,1,2,110,19,1,0,2,9,84,0,2,0,3,1,15,13,156,0,5,8,0,5,0,3,0,1,0,1,28,21,1,4,63,36,1,0,3,0,67,313,4,56,0,0,475,15,1,9,0,2,0,1,0,0,0,1,12,6,24,0,21
2020-03-27,8,158,1,14,0,65,1,2,144,26,1,0,2,11,107,0,2,0,3,1,16,18,185,0,7,9,0,5,0,4,0,2,0,1,35,33,4,12,93,55,2,0,4,0,98,374,4,79,0,0,637,23,1,13,0,2,0,1,0,1,0,1,14,6,30,0,30
2020-03-28,8,219,2,22,0,65,2,3,152,41,1,1,3,15,116,1,2,0,4,2,22,23,226,0,7,10,0,7,0,6,1,2,0,1,51,45,8,15,109,65,2,1,6,0,106,411,5,94,1,1,803,27,2,16,1,2,0,1,1,0,0,1,23,6,41,0,37
2020-03-29,8,265,3,28,0,68,3,3,216,47,1,1,9,22,137,1,2,0,6,3,22,35,276,0,7,10,0,11,0,6,1,2,0,1,56,67,8,19,151,94,3,1,7,2,135,488,4,126,1,1,890,33,2,21,2,2,0,1,1,0,1,1,24,7,47,0,43
2020-03-30,8,290,3,44,0,82,6,3,249,49,2,1,13,24,146,1,4,0,6,4,24,36,303,0,13,11,0,12,0,7,1,2,0,3,62,97,10,27,231,150,4,1,7,1,182,540,10,184,1,1,1072,39,2,30,2,2,0,1,1,4,1,1,26,10,55,0,54
2020-03-31,9,325,5,52,2,110,4,7,288,60,2,1,17,26,159,3,4,0,7,4,36,45,338,0,14,14,0,19,0,9,1,6,0,3,78,123,13,28,272,212,6,1,8,2,236,570,9,245,1,1,1315,48,2,38,2,2,0,1,2,4,3,1,33,10,61,0,66
2020-04-01,12,356,5,54,3,151,4,8,319,64,3,1,23,27,183,4,4,0,8,5,38,59,390,0,15,14,0,21,0,9,1,6,0,2,85,157,13,36,374,282,7,1,8,1,278,649,13,312,6,1,1675,57,2,47,3,3,0,2,2,2,3,1,35,14,72,0,79
2020-04-02,18,419,7,55,3,168,4,8,373,69,4,1,26,28,210,4,4,0,11,5,41,67,470,0,17,15,1,23,0,11,2,6,0,2,108,203,16,45,479,384,7,1,9,1,321,735,15,378,8,3,2100,68,2,54,3,3,0,3,2,2,3,1,38,17,84,1,102
2020-04-03,19,476,11,65,3,201,4,9,450,75,4,1,34,32,226,4,5,1,15,5,45,79,542,0,17,20,1,26,0,11,3,7,0,5,119,232,19,54,584,484,8,1,10,2,397,875,16,466,8,4,2430,83,2,63,4,3,0,4,3,3,3,1,40,23,110,2,121
2020-04-04,21,552,12,69,4,235,5,10,517,84,6,1,46,39,250,4,7,1,20,5,54,99,616,0,19,23,2,27,0,12,4,9,0,7,146,291,22,87,804,648,10,1,14,4,484,982,19,588,9,5,3008,97,3,77,6,3,1,5,3,5,3,1,46,28,135,5,144
2020-04-05,22,605,12,84,4,276,5,10,580,87,7,1,50,43,269,5,7,1,22,7,58,118,708,0,19,27,3,30,1,12,4,13,0,7,172,371,23,106,877,741,9,1,18,9,528,1111,37,636,14,5,3189,114,3,90,8,4,1,6,3,6,3,1,50,33,147,5,171
2020-04-06,25,642,13,96,4,326,5,10,634,91,7,1,59,44,307,6,7,3,26,9,68,132,822,0,27,29,4,32,1,12,4,17,0,11,190,408,24,124,1006,849,10,1,18,9,572,1230,37,716,15,5,3728,125,3,103,8,6,1,6,8,6,5,1,53,35,157,5,189
2020-04-07,28,689,18,116,4,369,6,14,713,107,7,1,67,55,335,9,7,3,42,8,77,155,898,2,29,32,5,39,1,15,5,21,1,14,235,490,29,145,1146,982,12,1,26,6,610,1359,37,774,22,9,4272,136,3,119,9,7,1,11,10,7,5,1,57,40,177,5,218
2020-04-08,33,720,19,128,4,416,6,15,816,113,9,1,76,57,373,8,7,3,54,8,84,168,1034,2,29,35,5,43,1,17,6,21,1,18,266,561,32,169,1319,1134,15,1,27,10,671,1521,37,857,22,13,4777,148,3,136,9,7,1,14,10,8,5,1,59,47,183,5,233
2020-04-09,38,759,20,129,4,616,6,15,931,113,10,1,83,59,425,8,7,4,65,13,88,180,1222,2,32,45,5,52,1,21,8,21,1,23,312,596,37,187,1466,1241,17,1,30,10,716,1693,37,949,24,15,5029,163,3,149,9,7,1,16,10,11,5,1,63,49,190,6,250
2020-04-10,43,788,22,139,3,720,9,16,1022,123,11,1,93,61,485,10,8,6,81,13,96,199,1377,2,36,49,5,57,1,21,8,26,1,30,346,648,45,218,1562,1325,18,1,36,11,752,1889,37,994,29,16,5521,190,3,164,12,10,1,22,11,12,5,1,66,53,202,6,283
2020-04-11,44,836,26,143,5,930,10,18,1107,128,13,1,98,69,532,15,9,7,99,15,105,213,1510,2,39,50,5,59,1,23,10,40,1,38,392,698,46,232,1620,1372,20,2,38,10,774,2053,37,1039,31,16,6022,208,4,179,16,10,1,23,12,14,6,1,66,57,218,8,293
2020-04-12,48,857,27,145,5,1035,10,18,1170,133,13,1,102,70,562,15,9,8,106,15,110,229,1594,2,39,54,5,64,1,23,10,40,2,38,427,772,49,270,1684,1411,23,2,40,12,795,2164,37,1082,37,16,6386,212,4,188,20,12,1,25,13,19,6,1,68,63,223,9,307
2020-04-13,56,876,28,153,5,1150,11,19,1229,143,14,1,102,70,593,16,9,8,113,16,122,240,1750,2,39,57,5,66,1,23,11,43,2,39,459,828,51,284,1747,1446,28,3,43,17,816,2285,39,1130,40,17,6813,221,4,192,23,13,1,31,14,21,6,1,69,67,228,12,331
2020-04-14,63,893,28,156,5,1247,11,19,1273,143,14,1,103,70,636,16,9,8,125,16,124,249,1851,2,41,58,5,69,2,23,11,43,2,43,501,865,51,328,1803,1523,29,4,44,16,847,2354,44,1176,48,17,7130,256,4,200,24,13,1,32,13,23,6,1,70,70,231,11,371
2020-04-15,64,904,29,158,9,1335,12,19,1399,150,14,1,112,72,675,16,9,8,131,16,131,271,1935,2,42,58,5,78,2,23,12,43,2,47,527,914,55,349,1922,1567,30,4,47,15,872,2475,44,1251,56,17,7441,268,4,212,24,14,1,40,13,23,6,1,71,75,237,13,381
2020-04-16,67,925,32,168,11,1419,13,19,1490,154,14,1,113,73,722,17,9,8,146,16,137,287,2055,2,46,60,7,80,2,24,12,44,2,56,559,970,55,380,1999,1611,30,4,50,15,898,2544,48,1296,60,17,8045,276,4,236,24,14,1,49,13,25,6,1,73,77,240,14,393
2020-04-17,70,947,32,178,13,1537,14,20,1546,157,14,1,118,73,739,18,9,10,166,16,154,311,2226,2,48,66,7,89,2,24,12,45,2,63,592,1030,59,424,2092,1668,32,4,56,17,929,2684,48,1335,60,18,8563,290,4,244,25,15,1,58,14,26,6,1,75,81,249,16,443
2020-04-18,74,1009,36,278,14,1748,14,24,1689,160,17,1,136,73,796,18,9,11,184,16,176,343,2317,2,58,66,7,106,2,24,12,47,2,66,620,1113,60,458,2141,1712,36,4,57,19,943,2781,49,1396,67,20,9014,295,4,254,27,17,1,59,14,27,6,1,79,84,280,16,463
2020-04-19,80,1035,38,288,15,1898,13,25,1797,161,19,1,140,73,877,18,11,11,202,16,182,368,2460,2,58,66,7,111,2,24,13,51,2,70,636,1188,59,484,2203,1741,37,4,59,20,963,2913,48,1441,67,20,9214,301,4,261,27,18,1,63,14,27,6,1,82,84,284,17,481
2020-04-20,85,1042,38,298,15,1945,14,25,1886,161,19,1,144,73,915,18,11,11,208,16,186,386,2545,2,60,67,7,115,2,25,13,53,3,72,646,1236,59,502,2245,1767,40,4,59,20,970,3040,48,1469,73,20,9553,304,4,267,28,19,1,66,14,28,6,1,83,85,286,17,493
2020-04-21,91,1059,38,303,16,1988,14,31,1977,162,20,1,150,77,943,18,11,11,225,17,194,400,2654,2,60,69,7,143,2,25,13,55,3,72,666,1295,60,525,2295,1800,42,5,59,21,995,3154,47,1544,77,20,10028,314,4,277,30,19,1,71,15,29,6,2,86,86,291,17,517
2020-04-22,92,1088,39,317,16,2069,14,31,2067,164,21,1,154,77,950,19,11,13,239,17,207,422,2757,2,62,70,7,152,2,25,15,56,3,73,682,1326,61,535,2374,1848,43,5,59,22,1015,3294,47,1591,77,23,10028,317,4,283,31,19,1,71,15,30,6,2,87,86,300,17,531
2020-04-23,95,1149,43,319,20,2212,15,28,2321,164,20,1,155,76,989,20,11,14,245,19,229,445,2902,2,68,71,7,151,2,25,20,59,4,77,707,1359,61,544,2418,1880,44,5,60,24,1024,3395,47,1656,82,23,11226,327,4,290,31,20,1,72,14,30,7,1,92,87,307,17,546
2020-04-24,110,1177,43,337,21,2339,19,28,2469,168,20,1,160,77,1064,22,11,17,252,19,240,468,3055,2,72,75,7,164,2,25,20,62,4,77,735,1451,61,575,2478,1921,48,5,64,26,1037,3525,47,1716,84,25,11877,338,4,300,31,22,1,76,14,31,7,1,96,88,317,17,563
2020-04-25,113,1198,46,359,21,2406,21,28,2541,168,21,1,162,81,1134,22,11,18,257,19,250,492,3161,2,79,79,7,181,3,25,22,63,4,77,772,1501,61,592,2551,1962,53,5,64,26,1054,3627,47,1780,87,26,11877,347,4,311,32,25,1,77,14,31,7,1,99,92,360,17,578
2020-04-26,117,1211,46,366,21,2491,21,28,2541,170,21,1,163,81,1177,22,11,21,269,19,267,519,3281,3,77,79,7,205,3,25,22,63,4,78,793,1577,61,612,2601,2008,55,5,65,27,1065,3733,47,1813,90,26,12566,349,4,321,33,25,1,79,14,31,7,1,101,92,374,17,593
2020-04-27,122,1224,47,387,21,2526,21,28,2585,170,21,1,164,87,1214,22,11,25,277,19,282,529,3361,3,82,79,7,227,3,25,24,63,4,79,833,1633,63,621,2636,2035,57,5,65,30,1083,3817,48,1834,90,26,12868,352,4,324,33,25,1,81,14,31,7,1,107,93,377,18,606
2020-04-28,124,1235,50,388,22,2605,21,28,2675,174,22,1,169,93,1256,23,11,29,279,19,296,553,3463,3,86,79,7,237,3,26,26,62,4,81,854,1678,63,635,2685,2078,58,5,66,34,1097,4043,47,1970,92,27,13445,362,4,330,33,26,1,82,14,33,7,1,109,93,383,18,614
2020-04-29,130,1273,50,392,24,2637,23,29,2776,175,25,1,170,95,1304,23,14,30,283,19,324,558,3619,3,87,80,7,264,5,26,29,63,4,82,873,1703,64,648,2719,2111,61,6,65,36,1111,4177,47,2008,92,30,13803,369,4,343,33,26,1,81,14,33,7,1,113,95,386,19,624
2020-04-30,137,1289,51,405,24,2698,23,31,2907,178,28,1,175,96,1375,23,16,31,283,19,343,584,3696,3,87,80,7,284,5,26,38,63,4,83,913,1765,65,676,2796,2143,68,6,65,38,1127,4307,47,2050,93,30,14468,378,4,368,33,26,1,84,16,36,7,1,115,100,391,20,641
2020-05-01,140,1319,52,426,24,2748,23,33,3070,180,31,1,181,96,1432,23,16,32,289,19,349,601,3848,3,87,81,7,313,5,26,40,63,4,84,934,1820,65,694,2850,2173,71,6,65,37,1147,4406,48,2103,95,32,15137,383,4,375,33,26,1,84,16,37,7,1,116,102,393,21,651
2020-05-02,141,1333,52,435,24,2810,23,35,3182,180,32,1,182,96,1469,23,16,34,290,19,365,617,3999,4,90,82,7,325,6,27,48,63,6,84,968,1904,65,710,2896,2211,81,6,66,38,1165,4487,49,2182,98,33,15137,394,4,384,33,29,1,84,16,38,7,1,118,104,396,25,664
2020-05-03,145,1345,52,435,24,2886,24,35,3286,180,33,1,183,102,1502,23,21,32,291,19,373,634,4113,4,91,83,7,351,6,27,56,69,6,86,999,1936,65,735,2924,2240,85,6,66,39,1172,4552,50,2214,99,34,15137,405,4,395,33,29,1,85,16,38,7,1,119,109,401,25,679
2020-05-04,148,1365,52,458,24,2948,25,35,3356,180,34,1,185,105,1560,23,21,33,296,19,375,652,4198,4,91,83,7,377,6,27,57,70,6,86,1017,1991,65,756,2963,2255,86,6,66,39,1173,4645,50,2240,100,34,16040,408,4,398,33,30,1,86,16,38,7,1,120,109,403,27,702
2020-05-05,148,1375,53,466,26,3004,25,35,3505,184,34,2,185,106,1601,23,21,33,298,19,382,695,4269,4,93,84,7,396,7,27,59,74,6,86,1038,2018,67,766,2999,2280,86,6,67,42,1186,4687,50,2279,107,34,16410,412,4,405,33,30,1,86,16,38,7,1,120,109,405,27,716
2020-05-06,148,1394,55,471,27,3048,25,36,3508,185,35,2,186,113,1636,23,21,34,302,20,386,711,4373,4,95,84,7,406,7,27,60,75,7,86,1076,2041,68,774,3063,2306,90,6,69,45,1190,4827,50,2313,111,34,16697,415,4,419,33,32,1,87,16,39,7,1,121,110,409,27,722
2020-05-07,151,1439,55,472,27,3095,28,36,3613,190,37,2,189,116,1673,23,22,35,306,20,403,735,4497,5,101,84,7,425,7,27,109,75,7,92,1093,2070,69,785,3102,2332,99,6,70,48,1194,4915,50,2355,112,34,17047,419,4,422,33,32,1,86,16,40,7,1,120,113,411,27,740
2020-05-08,154,1455,55,479,28,3190,28,37,3750,192,40,2,192,117,1728,23,24,37,307,20,414,764,4680,5,113,84,7,452,7,27,117,75,7,93,1114,2122,69,797,3140,2347,109,6,70,50,1198,5037,50,2390,118,34,17517,422,4,430,33,32,1,86,16,40,7,1,121,113,413,28,753
2020-05-09,156,1486,55,482,29,3257,28,38,3852,194,42,2,195,117,1774,23,24,41,323,20,425,797,4836,5,120,85,7,478,8,27,119,76,7,93,1134,2185,69,805,3169,2356,127,6,73,50,1206,5116,49,2429,119,34,17881,427,4,437,33,32,1,81,16,40,7,1,124,116,415,30,767
2020-05-10,159,1503,55,491,29,3371,28,38,3966,195,44,2,198,119,1865,23,25,41,324,20,434,823,4976,5,124,85,7,493,8,27,181,76,7,93,1172,2223,70,811,3241,2416,131,6,73,52,1218,5260,49,2453,124,35,18211,432,4,451,33,32,1,81,16,40,7,1,124,117,417,30,773
2020-05-11,167,1511,55,491,29,3417,29,38,4028,195,44,2,198,119,1884,23,25,41,328,21,451,830,5046,5,123,85,7,513,8,27,187,76,7,93,1187,2256,70,815,3259,2426,132,6,75,52,1224,5292,49,2465,125,35,18313,433,4,453,33,32,1,81,16,41,7,1,124,117,418,30,784
2020-05-12,167,1526,55,493,29,3453,30,37,4116,198,44,2,198,122,1929,23,30,41,330,21,461,851,5084,5,124,85,7,522,8,27,190,76,7,94,1211,2295,71,825,3286,2449,132,8,77,52,1229,5442,49,2499,126,35,18537,441,4,459,33,32,1,81,16,41,7,1,126,117,419,31,793
2020-05-13,169,1545,56,509,29,3485,31,39,4166,197,45,2,205,126,1955,24,31,41,330,21,463,871,5157,6,125,85,7,545,8,27,197,78,7,94,1232,2325,71,849,3318,2467,139,8,78,53,1228,5513,50,2518,128,35,18779,451,4,478,33,32,1,81,16,42,7,2,127,107,419,31,803
2020-05-14,174,1551,56,512,30,3530,32,41,4248,199,45,2,206,128,2008,24,33,43,333,21,477,895,5252,6,127,87,7,563,11,27,200,82,7,94,1256,2364,71,856,3378,2477,139,8,81,54,1240,5583,50,2566,132,36,19093,454,4,490,33,32,1,82,16,43,7,2,129,107,422,31,817
2020-05-15,183,1582,57,516,30,3593,32,41,4325,202,49,2,206,129,2060,24,33,43,334,21,492,912,5409,6,129,87,7,580,11,27,204,84,7,94,1273,2428,72,863,3396,2491,141,10,83,57,1242,5697,50,2600,136,36,19349,458,4,506,33,32,2,82,16,44,7,2,129,107,423,28,828
2020-05-16,185,1595,58,518,32,3643,34,41,4391,202,53,2,210,129,2100,24,33,43,336,21,515,938,5555,6,134,88,7,601,11,27,208,84,7,94,1327,2470,72,873,3440,2513,146,10,91,57,1248,5797,50,2659,139,40,19606,460,4,512,33,32,2,83,16,46,7,2,130,108,423,29,835
2020-05-17,189,1603,58,517,32,3677,38,41,4439,203,54,2,214,131,2118,24,33,44,336,21,522,963,5619,6,137,89,7,621,11,27,214,84,7,94,1344,2508,72,874,3470,2526,147,11,91,57,1254,5872,50,2703,141,40,19606,460,4,525,33,33,2,83,16,47,8,2,131,108,427,29,851
2020-05-18,194,1641,58,533,32,3719,38,41,4516,203,54,2,214,133,2153,24,33,44,337,21,525,978,5689,6,145,91,7,631,11,27,214,84,7,94,1363,2552,72,877,3491,2532,149,11,94,57,1259,6012,50,2727,143,41,19953,461,4,529,33,36,2,85,16,51,8,2,133,108,432,30,857
2020-05-19,194,1658,58,534,32,3735,38,41,4573,206,54,2,214,132,2199,24,33,45,337,21,540,989,5754,6,147,92,7,644,12,27,214,86,7,94,1374,2593,73,880,3513,2554,149,11,96,57,1267,6063,50,2758,145,41,20132,469,4,534,33,36,2,85,16,50,8,2,130,110,431,30,866
2020-05-20,197,1687,58,539,32,3763,39,41,4662,208,54,2,219,133,2217,25,33,45,340,21,545,1012,5844,6,163,93,7,662,13,27,215,86,7,94,1400,2599,73,885,3550,2572,152,11,96,57,1278,6154,50,2779,150,42,20359,470,4,541,33,37,2,87,16,56,8,2,130,110,432,30,872
2020-05-21,204,1718,58,539,36,3784,44,43,4726,209,55,2,221,136,2267,25,33,48,342,21,565,1034,5969,6,177,93,7,677,14,27,221,88,7,94,1432,2690,73,887,3586,2594,152,11,97,57,1291,6268,51,2814,150,43,20700,473,4,548,33,37,2,90,16,61,8,3,130,112,434,32,883
2020-05-22,214,1739,58,550,36,3838,46,43,4764,209,55,2,224,138,2320,25,33,48,342,21,572,1049,6060,6,190,93,7,697,14,27,223,89,7,94,1451,2736,73,892,3613,2620,155,11,102,57,1295,6366,51,2842,155,43,21009,475,4,560,35,37,2,93,16,61,8,3,134,115,436,33,895
2020-05-23,222,1753,58,552,37,3845,46,44,4839,216,56,2,227,143,2364,28,34,49,342,21,584,1061,6114,6,210,94,7,711,14,27,227,89,7,94,1476,2790,74,900,3628,2631,158,11,103,57,1302,6464,50,2866,164,45,21234,476,4,576,38,37,2,95,16,52,8,3,135,117,437,33,904
2020-05-24,226,1777,58,554,37,3885,46,44,4867,219,57,2,229,146,2390,29,34,50,344,22,592,1099,6179,6,209,94,7,734,14,27,228,89,7,95,1491,2854,74,909,3651,2645,158,11,104,58,1304,6525,50,2911,170,47,21234,477,4,585,38,37,2,96,16,53,8,3,138,117,440,33,924
2020-05-25,227,1805,58,568,37,3903,48,44,4894,220,57,2,231,147,2428,29,34,51,343,22,598,1123,6210,6,217,94,7,740,14,27,228,89,7,95,1494,2896,74,912,3667,2651,160,12,105,58,1305,6576,50,2920,174,47,21234,477,4,592,38,37,2,96,16,54,8,3,138,118,441,33,930
2020-05-26,233,1816,59,570,37,3919,48,45,4916,220,57,2,231,148,2454,29,37,54,343,22,602,1137,6243,6,223,95,7,746,15,27,228,89,7,95,1503,2985,74,922,3676,2662,161,12,105,58,1305,6598,50,2933,177,48,21738,476,4,600,38,37,2,97,16,56,8,3,138,118,442,33,943
2020-05-27,236,1828,61,570,38,3952,48,46,4930,222,57,2,232,149,2504,29,37,54,346,23,611,1174,6289,6,235,95,7,756,15,27,228,90,7,95,1511,3031,74,936,3699,2677,161,12,106,58,1310,6738,50,2958,182,53,21975,476,4,601,39,37,2,98,16,56,8,3,138,118,442,33,956
2020-05-28,240,1851,62,579,38,3973,49,46,4966,226,57,2,232,150,2555,25,37,55,346,23,618,1212,6337,6,242,95,7,759,15,27,228,90,7,95,1516,3056,74,944,3719,2689,162,12,106,58,1311,6811,50,3022,186,54,22150,476,4,606,39,37,2,99,16,56,8,3,139,118,443,34,970
2020-05-29,241,1870,62,582,39,3988,49,46,5012,227,57,2,234,151,2607,26,38,55,346,30,621,1231,6379,6,253,95,7,762,15,27,228,90,7,95,1528,3105,76,950,3738,2711,162,12,107,58,1315,6906,50,3045,186,56,22405,476,4,616,39,37,3,109,17,57,8,3,139,119,444,34,991
2020-05-30,245,1897,62,589,39,4002,50,46,5050,229,57,2,235,152,2669,27,39,56,346,29,626,1258,6420,6,274,95,7,767,15,27,230,91,9,95,1543,3131,79,958,3747,2722,164,12,107,59,1318,7006,50,3062,190,57,22629,476,4,623,42,38,3,109,17,59,9,3,139,119,447,34,1000
2020-05-31,251,1911,62,590,39,4061,50,46,5082,230,57,2,235,153,2729,27,39,56,348,29,629,1277,6461,6,279,95,7,774,15,27,230,91,9,95,1547,3161,80,969,3765,2736,164,12,107,59,1319,7061,52,3083,192,59,22629,476,4,631,45,38,3,109,17,59,9,3,139,119,449,34,1007
2020-06-01,250,1919,62,590,40,4074,50,46,5100,230,58,2,237,154,2784,27,40,57,348,29,635,1303,6481,6,295,95,7,777,15,27,231,91,9,95,1551,3189,80,972,3770,2739,164,12,107,59,1320,7093,53,3082,194,61,22881,477,4,631,45,38,3,110,17,62,9,3,140,120,449,34,1013
2020-06-02,255,1928,62,591,40,4107,51,48,5116,232,59,2,241,154,2823,27,42,60,349,29,644,1359,6496,6,307,95,7,781,15,27,231,91,12,95,1555,3218,81,980,3780,2750,164,12,107,59,1325,7172,53,3108,198,62,23034,478,4,643,45,38,3,110,19,60,9,3,140,120,451,34,1028
2020-06-03,260,1952,64,594,41,4132,52,46,5137,235,59,2,239,154,2863,27,42,60,349,29,654,1385,6548,6,314,95,7,782,15,27,232,91,14,95,1556,3267,83,994,3802,2766,166,12,107,59,1326,7242,53,3120,199,62,23160,478,4,646,45,38,3,111,19,63,9,4,140,120,453,34,1037
2020-06-04,263,1965,64,599,42,4152,52,46,5158,240,59,2,250,154,2902,27,42,60,352,30,657,1404,6587,6,327,95,7,785,16,27,234,91,14,95,1569,3301,82,997,3817,2773,166,13,110,59,1333,7351,53,3124,201,64,23281,478,6,651,51,38,3,123,19,65,10,5,140,121,455,34,1038
2020-06-05,264,1973,64,598,43,4167,53,46,5197,239,59,2,245,154,2959,27,43,60,352,30,659,1434,6608,6,332,95,7,788,16,27,234,91,15,95,1575,3337,82,1000,3829,2782,166,13,110,59,1335,7416,53,3136,206,67,23407,478,8,653,53,38,3,124,19,70,15,5,141,123,456,34,1040
2020-06-06,269,1989,65,598,43,4184,53,46,5243,244,59,2,248,155,3014,27,44,60,361,30,665,1451,6659,6,363,95,7,792,16,27,236,91,16,96,1579,3404,84,1021,3846,2791,166,13,111,59,1338,7542,53,3144,208,67,23529,481,11,656,54,39,3,133,19,71,15,5,146,123,457,34,1049
2020-06-07,273,2003,65,603,44,4201,53,46,5261,247,59,2,249,156,3053,27,44,60,364,30,669,1481,6688,6,367,95,7,795,16,27,236,92,16,97,1583,3461,85,1062,3858,2793,167,13,111,59,1338,7582,53,3151,209,68,23529,482,11,656,55,39,3,148,19,73,15,5,147,126,459,34,1082
2020-06-08,275,2008,65,603,45,4218,53,46,5278,247,59,2,249,157,3102,27,44,61,364,30,672,1499,6698,6,378,95,7,798,16,27,236,92,16,99,1584,3503,85,1072,3871,2793,168,13,111,59,1341,7610,53,3168,209,68,23691,482,11,657,55,39,3,154,19,73,15,5,149,124,461,35,1086
2020-06-09,275,2027,65,608,45,4236,53,46,5304,249,60,2,253,157,3134,29,48,61,367,31,683,1525,6733,6,396,95,7,800,16,28,236,92,16,101,1587,3554,85,1086,3890,2798,168,13,113,59,1342,7672,53,3175,211,68,23822,482,11,659,57,39,3,154,19,74,16,5,150,124,467,36,1094
2020-06-10,278,2034,65,610,45,4251,53,46,5340,250,60,2,255,158,3161,30,48,62,368,31,688,1541,6754,6,408,95,7,807,16,28,237,92,16,102,1591,3600,87,1091,3895,2810,168,13,114,59,1344,7709,53,3193,211,68,23951,483,12,664,59,39,3,155,19,75,16,5,151,123,473,36,1102
2020-06-11,279,2055,65,610,46,4262,53,46,5365,255,61,2,255,158,3189,30,49,61,369,32,692,1561,6805,6,427,96,7,827,16,30,237,92,16,105,1595,3632,86,1106,3907,2813,168,13,114,59,1346,7754,55,3202,213,69,24107,482,12,668,59,39,3,164,20,79,16,5,151,125,474,36,1117
2020-06-12,284,2065,66,611,46,4281,54,46,5396,256,62,2,257,165,3247,30,50,61,371,35,709,1587,6837,6,439,95,7,837,16,30,237,93,18,105,1598,3682,86,1140,3926,2823,168,13,114,59,1347,7834,56,3217,219,70,24228,482,13,677,59,39,3,166,20,81,17,5,153,125,483,36,1141
2020-06-13,289,2076,66,611,46,4303,55,47,5419,257,61,2,257,167,3269,31,52,63,376,35,725,1606,6868,6,451,95,7,843,16,30,239,93,18,107,1600,3719,87,1162,3939,2824,171,13,114,59,1347,7865,64,3232,222,71,24338,482,13,681,59,40,3,169,20,81,17,5,155,126,487,36,1157
2020-06-14,290,2079,66,611,48,4319,55,47,5428,257,61,2,259,169,3295,31,55,63,378,36,728,1634,6888,6,459,95,7,842,16,30,239,93,18,108,1601,3752,87,1182,3953,2830,171,13,114,59,1347,7898,64,3240,224,72,24338,482,13,685,59,40,3,170,20,83,17,5,155,126,490,36,1162
2020-06-15,296,2086,66,613,52,4324,55,47,5439,257,61,2,259,171,3315,31,55,64,380,36,738,1655,6921,6,468,95,7,843,16,30,239,93,19,108,1602,3777,87,1190,3957,2835,171,13,115,59,1350,7930,65,3246,228,72,24475,482,13,691,60,41,3,171,20,88,17,5,156,126,492,36,1169
2020-06-16,298,2113,68,613,53,4341,55,47,5452,260,61,2,259,177,3343,31,57,64,385,35,746,1674,6936,6,472,95,7,849,17,30,239,95,19,108,1608,3802,87,1193,3973,2840,172,13,117,60,1356,7950,65,3250,231,73,24591,485,13,696,60,41,3,172,20,84,17,5,156,126,493,36,1183
2020-06-17,300,2113,68,615,59,4350,55,47,5466,263,61,2,262,172,3367,31,57,64,387,35,751,1693,6967,6,478,98,7,852,17,30,239,95,19,108,1611,3830,88,1200,3978,2841,172,13,117,60,1357,7990,67,3255,234,76,24655,486,13,698,60,41,3,172,20,83,17,5,158,126,498,36,1195
2020-06-18,304,2122,68,616,61,4359,55,49,5498,263,61,2,262,172,3397,31,61,65,389,35,758,1708,6981,6,497,100,7,855,17,30,239,97,20,109,1611,3867,89,1210,3997,2845,172,13,118,61,1363,8014,68,3270,252,77,24723,487,13,702,61,42,3,173,20,83,17,5,158,128,502,36,1209
2020-06-19,309,2139,69,619,63,4374,56,49,5510,263,62,2,264,176,3437,31,63,67,390,38,768,1725,7003,8,515,103,7,872,17,30,240,98,20,109,1617,3911,90,1226,4024,2850,172,13,118,61,1366,8046,68,3284,254,79,24841,487,13,703,61,46,3,178,20,84,17,5,162,129,510,36,1229
2020-06-20,311,2159,69,621,65,4388,58,49,5535,263,61,2,267,180,3457,31,66,70,391,40,774,1745,7023,8,524,103,7,876,18,33,240,98,20,109,1622,3949,90,1240,4072,2861,172,13,118,61,1370,8076,68,3304,256,82,24841,487,13,713,61,47,3,178,20,85,17,5,165,130,519,36,1255
2020-06-21,314,2175,69,624,66,4407,58,50,5547,268,61,2,267,180,3486,31,66,70,392,40,786,1762,7038,8,532,104,7,879,18,35,240,98,20,108,1622,3999,90,1251,4085,2864,173,14,119,61,1376,8103,68,3309,271,83,24841,489,13,714,61,47,3,178,22,88,17,5,168,130,530,37,1296
2020-06-22,317,2220,69,625,66,4419,58,50,5567,271,61,2,267,184,3513,31,67,71,397,42,792,1810,7051,9,535,104,7,882,18,35,240,98,20,108,1627,4029,92,1261,4091,2870,173,15,119,61,1378,8123,68,3312,279,83,25116,489,13,715,61,48,3,178,23,89,17,5,168,130,546,37,1351
2020-06-23,322,2239,70,630,69,4444,61,50,5580,273,62,2,268,195,3537,33,70,73,397,43,801,1851,7065,9,542,104,7,891,18,35,240,98,21,108,1630,4106,92,1272,4109,2873,173,15,119,61,1379,8159,68,3327,280,85,25335,489,13,719,61,48,3,178,23,89,17,5,171,131,552,37,1381
2020-06-24,321,2284,70,634,71,4453,69,51,5619,277,62,2,271,196,3559,33,70,73,398,48,809,1864,7079,10,551,104,7,896,18,35,242,98,21,109,1638,4152,94,1278,4130,2874,175,15,120,61,1384,8188,68,3339,281,85,25443,489,14,721,61,49,3,178,23,89,17,5,176,131,563,37,1400
2020-06-25,323,2321,70,637,72,4461,69,51,5649,280,64,2,271,197,3578,33,71,74,399,50,825,1893,7095,10,559,104,7,900,18,35,242,101,21,109,1648,4212,99,1291,4164,2883,176,15,126,61,1388,8244,68,3352,284,85,25443,489,14,730,61,52,3,178,23,89,17,5,184,133,578,37,1418
2020-06-26,324,2382,72,638,76,4474,69,56,5676,284,67,2,272,198,3607,33,72,75,399,51,830,1917,7117,12,572,106,7,902,18,35,245,101,21,110,1662,4280,99,1300,4187,2891,176,15,130,62,1391,8301,69,3360,288,86,25693,489,15,736,61,55,3,179,23,90,17,5,187,138,587,37,1428
2020-06-27,327,2472,73,642,77,4487,71,56,5704,291,73,3,273,200,3639,33,72,75,399,53,833,1932,7133,12,582,110,7,912,18,35,245,101,21,111,1680,4326,101,1309,4205,2898,176,15,132,62,1401,8351,70,3377,294,86,25782,492,15,739,63,57,4,181,24,90,18,5,197,137,607,37,1443
2020-06-28,328,2568,73,648,81,4498,71,56,5718,295,77,3,274,201,3658,35,72,75,399,53,840,1942,7154,13,589,111,7,913,18,39,245,102,21,111,1684,4388,102,1324,4214,2903,177,15,135,62,1405,8377,73,3389,299,86,25782,493,15,740,65,61,5,181,24,90,18,5,211,139,620,37,1456
2020-06-29,332,2651,73,651,81,4521,72,56,5729,302,78,3,278,201,3677,34,72,77,400,53,847,1971,7170,13,595,112,7,915,18,39,251,104,21,111,1694,4414,101,1331,4220,2906,179,15,136,63,1409,8413,73,3407,302,86,25991,494,15,741,65,61,5,182,25,92,18,5,216,139,640,37,1477
2020-06-30,339,2760,74,669,82,4527,71,57,5744,307,80,3,278,201,3711,34,72,78,400,53,852,2045,7201,15,607,116,7,925,18,41,252,108,22,111,1703,4442,102,1342,4235,2910,182,17,140,63,1421,8448,73,3413,304,86,26133,496,15,741,66,61,5,182,25,92,18,6,219,140,646,38,1515
2020-07-01,341,2870,76,678,87,4559,72,58,5777,311,83,3,280,205,3731,35,72,80,403,57,856,2059,7230,15,620,117,7,940,18,41,252,111,24,111,1707,4464,103,1350,4258,2915,187,18,140,63,1423,8483,74,3425,314,86,26257,496,16,747,66,61,5,182,25,91,19,7,230,140,675,38,1531
2020-07-02,342,3103,77,688,88,4563,74,58,5801,319,85,3,283,211,3751,36,75,80,405,59,866,2120,7253,15,626,127,7,950,18,41,252,112,24,113,1714,4504,107,1361,4280,2927,193,18,142,63,1428,8514,75,3441,316,86,26400,498,16,750,67,62,6,183,25,93,23,7,244,140,711,38,1555
2020-07-03,344,3280,78,706,89,4569,79,57,5829,330,90,3,284,218,3781,40,74,80,407,62,871,2161,7288,16,642,132,7,954,18,41,254,114,25,113,1719,4530,110,1375,4292,2939,196,20,143,63,1430,8562,75,3458,320,86,26536,500,17,753,67,63,6,185,26,94,23,7,259,142,744,39,1577
2020-07-04,349,3430,79,720,89,4571,81,57,5844,340,94,4,286,224,3800,42,74,80,408,62,881,2174,7303,19,646,135,7,955,18,42,254,114,28,113,1725,4572,114,1380,4303,2950,208,20,150,64,1434,8589,75,3463,323,86,26565,502,17,754,68,63,10,185,26,95,23,7,279,141,774,39,1595
2020-07-05,352,3557,78,737,89,4578,84,56,5883,346,96,4,287,227,3831,48,74,80,411,66,890,2194,7334,20,650,140,7,956,18,44,254,114,30,113,1733,4589,119,1383,4311,2956,214,20,154,64,1436,8610,76,3471,327,86,26565,503,17,754,68,63,10,185,27,95,27,7,295,141,801,39,1609
2020-07-06,352,3775,78,742,89,4581,87,56,5912,356,98,4,287,228,3839,48,75,81,411,70,894,2198,7349,20,661,147,7,958,18,47,254,114,30,113,1734,4602,124,1383,4317,2958,214,20,158,65,1439,8634,76,3475,327,86,26810,503,17,755,68,64,10,186,27,95,27,7,318,141,828,40,1613
2020-07-07,358,3979,79,770,90,4606,89,59,5948,370,104,4,288,230,3863,48,79,81,412,72,902,2220,7384,24,679,149,7,970,18,50,254,116,30,114,1740,4623,129,1389,4334,2964,217,20,159,66,1444,8682,76,3485,328,88,26901,504,17,759,68,64,10,190,27,96,28,7,339,141,863,40,1654
2020-07-08,361,4209,79,785,90,4623,90,59,5967,390,110,4,291,232,3892,49,82,86,413,74,912,2236,7427,28,691,160,7,984,18,52,254,119,33,114,1743,4673,141,1399,4354,2967,232,20,159,68,1451,8718,76,3500,334,89,26969,504,17,761,71,67,10,190,27,98,34,7,356,141,896,40,1692
2020-07-09,366,4367,80,796,91,4647,93,59,6003,396,113,4,293,235,3918,49,82,91,416,76,922,2247,7447,29,699,163,7,989,19,56,254,121,34,114,1749,4711,146,1404,4370,2979,234,20,161,70,1456,8749,76,3513,339,89,27228,504,17,765,72,69,10,190,27,97,35,7,366,141,917,41,1714
2020-07-10,377,4547,84,809,92,4663,99,59,6030,403,123,4,296,239,3954,60,85,95,417,77,930,2268,7495,29,704,178,7,993,19,61,256,121,37,114,1753,4783,159,1419,4391,2992,239,20,162,70,1462,8790,77,3527,342,90,27341,504,17,769,72,73,10,192,27,97,34,9,410,141,952,42,1791
2020-07-11,385,4762,84,823,92,4680,102,59,6064,410,132,4,297,241,3992,60,85,95,419,77,935,2279,7513,29,707,194,7,997,19,67,257,141,37,116,1756,4816,171,1429,4424,3002,240,20,166,72,1470,8828,77,3546,343,91,27367,504,18,773,72,76,10,193,29,98,35,9,430,141,975,44,1830
2020-07-12,396,4962,86,837,92,4692,104,59,6083,421,136,4,298,243,4012,62,90,97,419,77,947,2290,7548,29,712,196,7,1003,19,70,258,150,37,116,1761,4844,174,1441,4430,3017,242,20,169,72,1471,8856,79,3554,346,92,27367,504,18,776,72,81,10,195,29,99,36,10,447,141,994,45,1850
2020-07-13,398,5033,86,845,92,4700,105,59,6105,429,137,4,299,251,4016,63,93,96,420,78,951,2296,7569,30,718,202,7,1006,19,70,260,156,39,116,1764,4851,197,1448,4439,3024,247,20,175,74,1473,8876,79,3555,346,94,27575,505,18,776,72,81,10,196,29,100,38,10,454,141,1010,47,1858
2020-07-14,399,5364,88,870,93,4710,107,59,6137,444,137,4,301,253,4053,66,95,96,421,80,961,2309,7606,31,740,213,7,1016,19,72,260,169,41,116,1770,4876,200,1474,4450,3025,249,20,186,74,1474,8907,80,3558,351,95,27723,507,18,779,74,84,10,195,30,105,46,10,465,141,1033,48,1872
2020-07-15,399,5610,94,884,94,4744,113,61,6189,444,143,5,306,262,4108,66,96,100,424,101,982,2325,7651,31,747,220,7,1019,19,75,263,168,41,116,1771,4906,207,1476,4465,3036,252,20,203,74,1482,8972,81,3582,352,96,27867,508,19,782,74,86,10,195,31,108,49,11,494,143,1054,48,1908
2020-07-16,409,5750,96,893,95,4763,118,61,6228,456,153,5,309,262,4129,67,96,100,427,104,985,2342,7696,32,756,223,7,1033,19,77,263,174,41,116,1777,4951,209,1481,4495,3042,259,20,208,76,1487,8999,82,3601,355,96,28024,509,19,792,74,88,10,195,32,108,49,11,518,144,1089,48,1942
2020-07-17,410,5990,97,918,99,4781,126,61,6284,465,163,5,315,270,4196,67,98,101,428,105,995,2366,7762,33,763,235,7,1043,19,79,266,176,41,117,1788,4988,221,1484,4519,3047,263,22,216,79,1488,9060,84,3614,360,96,28159,509,19,795,75,91,10,195,32,109,52,11,535,148,1117,49,1963
2020-07-18,412,6125,97,949,100,4798,129,62,6320,474,164,5,319,277,4245,68,99,103,428,107,1008,2400,7815,35,769,255,7,1052,19,80,267,178,46,117,1796,5019,225,1489,4541,3062,264,25,223,81,1494,9091,84,3631,361,96,28196,511,19,813,79,92,10,195,32,110,51,12,540,148,1135,51,1975
2020-07-19,413,6263,114,958,105,4821,135,64,6353,479,167,5,321,279,4295,67,99,103,430,107,1016,2404,7863,37,781,262,7,1061,19,84,267,179,47,118,1805,5052,226,1498,4546,3068,268,25,231,81,1499,9148,84,3643,363,96,28196,513,19,818,79,94,10,195,32,111,51,13,559,148,1153,52,1985
2020-07-20,414,6435,119,968,105,4845,142,67,6387,481,172,5,324,288,4326,68,99,104,433,109,1024,2420,7903,37,787,272,7,1074,19,87,269,180,47,120,1808,5084,235,1500,4564,3071,274,25,245,82,1503,9182,86,3649,364,96,23925,514,19,824,81,94,10,195,32,114,51,13,580,149,1174,52,2006
