"Date","Accomack","Albemarle","Alexandria","Alleghany","Amelia","Amherst","Appomattox","Arlington","Augusta","Bath","Bedford","Bland","Botetourt","Bristol","Brunswick","Buchanan","Buckingham","Buena Vista","Campbell","Caroline","Carroll","Charles City","Charlotte","Charlottesville","Chesapeake","Chesterfield","Clarke","Colonial Heights","Covington","Craig","Culpeper","Cumberland","Danville","Dickenson","Dinwiddie","Emporia","Essex","Fairfax","Fairfax City","Falls Church","Fauquier","Floyd","Fluvanna","Franklin","Franklin City","Frederick","Fredericksburg","Galax","Giles","Gloucester","Goochland","Grayson","Greene","Greensville","Halifax","Hampton","Hanover","Harrisonburg","Henrico","Henry","Highland","Hopewell","Isle of Wight","James City","King and Queen","King George","King William","Lancaster","Lee","Lexington","Loudoun","Louisa","Lunenburg","Lynchburg","Madison","Manassas","Manassas Park","Martinsville","Mathews","Mecklenburg","Middlesex","Montgomery","Nelson","New Kent","Newport News","Norfolk","Northampton","Northumberland","Norton","Nottoway","Orange","Page","Patrick","Petersburg","Pittsylvania","Poquoson","Portsmouth","Powhatan","Prince Edward","Prince George","Prince William","Pulaski","Radford","Rappahannock","Richmond","Richmond City","Roanoke","Roanoke City","Rockbridge","Rockingham","Russell","Salem","Scott","Shenandoah","Smyth","Southampton","Spotsylvania","Stafford","Staunton","Suffolk","Surry","Sussex","Tazewell","Virginia Beach","Warren","Washington","Waynesboro","Westmoreland","Williamsburg","Winchester","Wise","Wythe","York"
2020-03-01,0,0,0,0,0,0,0,0,0,0,0,0,0,0,0,0,0,0,0,0,0,0,0,0,0,0,0,0,0,0,0,0,0,0,0,0,0,0,0,0,0,0,0,0,0,0,0,0,0,0,0,0,0,0,0,0,0,0,0,0,0,0,0,0,0,0,0,0,0,0,0,0,0,0,0,0,0,0,0,0,0,0,0,0,0,0,0,0,0,0,0,0,0,0,0,0,0,0,0,0,0,0,0,0,0,0,0,0,0,0,0,0,0,0,0,0,0,0,0,0,0,0,0,0,0,0,0,0,0,0,0,0,0
2020-03-02,0,0,0,0,0,0,0,0,0,0,0,0,0,0,0,0,0,0,0,0,0,0,0,0,0,0,0,0,0,0,0,0,0,0,0,0,0,0,0,0,0,0,0,0,0,0,0,0,0,0,0,0,0,0,0,0,0,0,0,0,0,0,0,0,0,0,0,0,0,0,0,0,0,0,0,0,0,0,0,0,0,0,0,0,0,0,0,0,0,0,0,0,0,0,0,0,0,0,0,0,0,0,0,0,0,0,0,0,0,0,0,0,0,0,0,0,0,0,0,0,0,0,0,0,0,0,0,0,0,0,0,0,0
2020-03-03,0,0,0,0,0,0,0,0,0,0,0,0,0,0,0,0,0,0,0,0,0,0,0,0,0,0,0,0,0,0,0,0,0,0,0,0,0,0,0,0,0,0,0,0,0,0,0,0,0,0,0,0,0,0,0,0,0,0,0,0,0,0,0,0,0,0,0,0,0,0,0,0,0,0,0,0,0,0,0,0,0,0,0,0,0,0,0,0,0,0,0,0,0,0,0,0,0,0,0,0,0,0,0,0,0,0,0,0,0,0,0,0,0,0,0,0,0,0,0,0,0,0,0,0,0,0,0,0,0,0,0,0,0
2020-03-04,0,0,0,0,0,0,0,0,0,0,0,0,0,0,0,0,0,0,0,0,0,0,0,0,0,0,0,0,0,0,0,0,0,0,0,0,0,0,0,0,0,0,0,0,0,0,0,0,0,0,0,0,0,0,0,0,0,0,0,0,0,0,0,0,0,0,0,0,0,0,0,0,0,0,0,0,0,0,0,0,0,0,0,0,0,0,0,0,0,0,0,0,0,0,0,0,0,0,0,0,0,0,0,0,0,0,0,0,0,0,0,0,0,0,0,0,0,0,0,0,0,0,0,0,0,0,0,0,0,0,0,0,0
2020-03-05,0,0,0,0,0,0,0,0,0,0,0,0,0,0,0,0,0,0,0,0,0,0,0,0,0,0,0,0,0,0,0,0,0,0,0,0,0,0,0,0,0,0,0,0,0,0,0,0,0,0,0,0,0,0,0,0,0,0,0,0,0,0,0,0,0,0,0,0,0,0,0,0,0,0,0,0,0,0,0,0,0,0,0,0,0,0,0,0,0,0,0,0,0,0,0,0,0,0,0,0,0,0,0,0,0,0,0,0,0,0,0,0,0,0,0,0,0,0,0,0,0,0,0,0,0,0,0,0,0,0,0,0,0
2020-03-06,0,0,0,0,0,0,0,0,0,0,0,0,0,0,0,0,0,0,0,0,0,0,0,0,0,0,0,0,0,0,0,0,0,0,0,0,0,0,0,0,0,0,0,0,0,0,0,0,0,0,0,0,0,0,0,0,0,0,0,0,0,0,0,0,0,0,0,0,0,0,0,0,0,0,0,0,0,0,0,0,0,0,0,0,0,0,0,0,0,0,0,0,0,0,0,0,0,0,0,0,0,0,0,0,0,0,0,0,0,0,0,0,0,0,0,0,0,0,0,0,0,0,0,0,0,0,0,0,0,0,0,0,0
2020-03-07,0,0,0,0,0,0,0,0,0,0,0,0,0,0,0,0,0,0,0,0,0,0,0,0,0,0,0,0,0,0,0,0,0,0,0,0,0,0,0,0,0,0,0,0,0,0,0,0,0,0,0,0,0,0,0,0,0,0,0,0,0,0,0,0,0,0,0,0,0,0,0,0,0,0,0,0,0,0,0,0,0,0,0,0,0,0,0,0,0,0,0,0,0,0,0,0,0,0,0,0,0,0,0,0,0,0,0,0,0,0,0,0,0,0,0,0,0,0,0,0,0,0,0,0,0,0,0,0,0,0,0,0,0
2020-03-08,0,0,0,0,0,0,0,0,0,0,0,0,0,0,0,0,0,0,0,0,0,0,0,0,0,0,0,0,0,0,0,0,0,0,0,0,0,2,0,0,0,0,0,0,0,0,0,0,0,0,0,0,0,0,0,0,0,0,0,0,0,0,0,0,0,0,0,0,0,0,0,0,0,0,0,0,0,0,0,0,0,0,0,0,0,0,0,0,0,0,0,0,0,0,0,0,0,0,0,0,0,0,0,0,0,0,0,0,0,0,0,0,0,0,0,0,0,0,0,0,0,0,0,0,0,0,0,0,0,0,0,0,0
2020-03-09,0,0,0,0,0,0,0,0,0,0,0,0,0,0,0,0,0,0,0,0,0,0,0,0,0,0,0,0,0,0,0,0,0,0,0,0,0,2,0,0,0,0,0,0,0,0,0,0,0,0,0,0,0,0,0,0,0,0,0,0,0,0,0,0,0,0,0,0,0,0,0,0,0,0,0,0,0,0,0,0,0,0,0,0,0,0,0,0,0,0,0,0,0,0,0,0,0,0,0,0,0,0,0,0,0,0,0,0,0,0,0,0,0,0,0,0,0,0,0,0,0,0,0,0,0,0,0,0,0,0,0,0,0
2020-03-10,0,0,0,0,0,0,0,1,0,0,0,0,0,0,0,0,0,0,0,0,0,0,0,0,0,0,0,0,0,0,0,0,0,0,0,0,0,3,0,0,0,0,0,0,0,0,0,0,0,0,0,0,0,0,0,0,0,0,0,0,0,0,0,0,0,0,0,0,0,0,1,0,0,0,0,0,0,0,0,0,0,0,0,0,0,2,0,0,0,0,0,0,0,0,0,0,0,0,0,0,0,0,0,0,0,0,0,0,0,0,0,0,0,0,0,0,1,0,0,0,0,0,0,0,0,0,0,0,0,0,0,0,0
2020-03-11,0,0,0,0,0,0,0,1,0,0,0,0,0,0,0,0,0,0,0,0,0,0,0,0,0,0,0,0,0,0,0,0,0,0,0,0,0,3,0,0,0,0,0,0,0,0,0,0,0,0,0,0,0,0,0,0,1,0,0,0,0,0,0,0,0,0,0,0,0,0,1,0,0,0,0,0,0,0,0,0,0,0,0,0,0,2,0,0,0,0,0,0,0,0,0,0,0,0,0,0,0,0,0,0,0,0,0,0,0,0,0,0,0,0,0,0,1,0,0,0,0,0,0,0,0,0,0,0,0,0,0,0,0
2020-03-12,0,0,0,0,0,0,0,2,0,0,0,0,0,0,0,0,0,0,0,0,0,0,0,0,0,0,0,0,0,0,0,0,0,0,0,0,0,5,0,0,0,0,0,0,0,0,0,0,0,0,0,0,0,0,0,0,1,0,0,0,0,0,0,0,0,0,0,0,0,0,2,0,0,0,0,0,0,0,0,0,0,0,0,0,0,0,0,0,0,0,0,0,0,0,0,0,0,0,0,0,0,0,0,0,0,0,0,0,0,0,0,0,0,0,0,0,1,0,0,0,0,0,0,0,0,0,0,1,0,0,0,0,0
2020-03-13,0,0,0,0,0,0,0,5,0,0,0,0,0,0,0,0,0,0,0,0,0,0,0,0,0,0,0,0,0,0,0,0,0,0,0,0,0,6,0,0,0,0,0,0,0,0,0,0,0,0,0,0,0,0,0,0,1,1,0,0,0,0,0,7,0,0,0,0,0,0,3,0,0,0,0,0,0,0,0,0,0,0,0,0,0,0,0,0,0,0,0,0,0,0,0,0,0,0,1,0,1,0,0,0,0,0,0,0,0,0,0,0,0,0,0,0,1,0,0,0,0,0,0,0,0,0,0,0,0,0,0,0,0
2020-03-14,0,0,0,0,0,0,0,7,0,0,0,0,0,0,0,0,0,0,0,0,0,0,0,0,0,1,0,0,0,0,0,0,0,0,0,0,0,10,0,0,0,0,0,0,0,0,0,0,0,0,0,0,0,0,0,0,1,1,0,0,0,0,0,8,0,0,0,0,0,0,5,0,0,0,0,0,0,0,0,0,0,0,0,0,0,0,0,0,0,0,0,0,0,0,0,0,0,0,1,0,2,0,0,0,0,0,0,0,0,0,0,0,0,0,0,0,1,0,0,0,0,0,0,0,0,0,0,0,0,0,0,0,0
2020-03-15,0,0,0,0,0,0,0,7,0,0,0,0,0,0,0,0,0,0,0,0,0,0,0,0,0,1,0,0,0,0,0,0,0,0,0,0,0,10,0,0,0,0,0,0,0,0,0,0,0,0,0,0,0,0,0,0,1,1,0,0,0,0,0,8,0,0,0,0,0,0,5,0,0,0,0,0,0,0,0,0,0,0,0,0,0,0,0,0,0,0,0,0,0,0,0,0,0,0,1,0,2,0,0,0,0,0,0,0,0,0,0,0,0,0,0,0,1,0,0,0,0,0,0,0,0,0,0,0,0,0,0,0,0
2020-03-16,0,0,2,0,0,0,0,9,0,0,0,0,0,0,0,0,0,0,0,0,0,0,0,1,0,2,0,0,0,0,0,0,0,0,0,0,0,10,0,0,0,0,0,0,0,0,0,0,0,0,0,0,0,0,0,0,1,1,1,0,0,0,0,8,0,0,0,0,0,0,5,0,0,0,0,0,0,0,0,0,0,0,0,0,0,0,0,0,0,0,0,0,0,0,0,0,0,0,1,0,3,0,0,0,0,0,0,0,0,0,0,0,0,0,0,0,1,0,0,0,0,0,0,4,0,0,0,0,0,0,0,0,0
2020-03-17,0,0,2,0,0,0,0,13,0,0,0,0,0,0,0,0,0,0,0,0,0,0,0,1,0,4,0,0,0,0,0,0,0,0,0,0,0,12,0,0,0,0,0,0,0,0,0,0,0,0,1,0,0,0,0,0,1,1,2,0,0,0,0,12,0,0,0,0,0,0,5,0,0,0,0,0,0,0,0,0,0,0,0,0,0,0,0,0,0,0,0,0,0,0,0,0,0,0,1,0,4,0,0,0,0,0,0,0,0,0,0,0,0,0,0,0,1,1,0,0,0,0,0,4,0,0,0,0,1,0,0,0,1
2020-03-18,0,0,2,0,0,0,0,14,0,0,0,0,0,0,0,0,0,0,0,0,0,1,0,1,0,5,0,0,0,0,0,0,0,0,0,0,0,14,0,0,0,0,0,0,0,0,0,0,0,0,1,0,0,0,0,0,1,1,2,0,0,0,0,13,0,0,0,0,0,0,5,0,0,1,0,0,0,0,0,0,0,0,0,0,0,1,0,0,0,0,0,0,0,0,0,0,0,0,1,0,4,0,0,0,0,3,0,0,0,0,0,0,0,0,0,0,1,2,0,0,0,0,0,4,0,0,0,0,1,0,0,0,1
2020-03-19,0,1,4,0,0,0,0,17,0,0,0,0,1,0,0,0,0,0,0,0,0,1,0,3,0,6,0,0,0,0,0,0,0,0,0,0,0,16,0,0,0,0,0,0,0,0,0,0,0,1,1,0,0,0,0,0,1,1,3,0,0,0,0,14,0,0,0,0,0,0,5,0,0,1,0,0,0,0,0,0,0,0,0,0,0,1,0,0,0,0,0,0,0,0,0,0,0,0,1,0,11,0,0,0,0,3,0,0,0,0,0,0,0,0,0,0,1,2,0,1,0,0,0,4,0,0,0,0,1,0,0,0,1
2020-03-20,1,1,3,0,0,0,0,17,0,0,0,0,1,0,0,0,0,0,0,0,0,1,0,3,0,6,0,0,0,0,0,0,0,0,0,0,0,16,0,0,0,0,0,1,0,0,0,0,0,1,1,0,0,0,0,0,1,1,3,0,0,0,0,19,0,0,0,0,0,0,9,0,0,0,0,0,0,0,0,1,0,0,0,0,1,1,0,0,0,0,0,0,0,0,0,0,0,0,1,0,12,0,0,0,0,5,0,0,1,0,0,0,0,0,0,0,1,2,0,1,0,0,0,5,0,0,0,0,4,0,0,0,3
2020-03-21,1,1,5,0,0,0,0,22,0,0,0,0,1,0,0,0,0,0,0,0,0,1,0,3,0,7,0,0,0,0,0,0,0,0,0,0,0,22,0,0,0,0,0,1,0,0,0,0,0,2,1,0,0,0,0,0,1,1,7,0,0,0,1,20,0,0,0,0,2,0,14,0,0,0,0,0,0,0,0,1,0,0,0,0,2,3,0,0,0,0,0,0,0,0,0,0,0,0,1,0,14,0,0,0,0,6,0,0,1,0,0,0,0,0,0,0,1,2,0,1,0,0,0,5,0,0,0,0,4,0,0,0,3
2020-03-22,1,2,5,0,0,1,0,26,0,0,1,0,1,0,0,0,0,0,0,0,0,1,0,4,0,8,0,0,0,0,2,0,1,0,0,0,0,31,0,0,0,0,1,1,0,0,0,0,0,2,2,0,0,0,0,0,1,1,8,0,0,0,1,32,0,0,0,0,2,0,15,1,0,0,0,0,0,0,0,1,0,0,0,0,2,3,0,0,0,0,0,0,0,0,0,0,0,0,1,0,18,0,0,0,6,0,0,0,1,2,0,0,0,0,0,0,2,5,0,1,0,0,0,17,0,0,0,0,5,0,0,0,5
2020-03-23,1,2,6,0,0,1,0,34,0,0,1,0,1,0,0,0,0,0,0,0,0,1,0,4,0,9,0,0,0,0,2,0,1,0,0,0,0,43,0,0,0,0,1,1,0,0,0,0,0,2,2,0,0,0,0,0,2,1,11,0,0,0,1,34,0,0,0,0,2,0,15,2,0,0,0,0,0,0,0,1,0,0,0,0,2,5,0,0,0,0,0,0,0,0,0,0,0,0,1,0,18,0,0,0,0,8,0,0,1,2,0,0,0,0,0,0,2,6,0,1,0,0,0,17,0,0,0,0,5,0,0,0,5
2020-03-24,1,2,8,0,0,1,0,36,0,0,1,0,1,0,0,0,0,0,0,0,0,1,0,5,1,10,0,0,0,0,2,0,1,0,0,0,0,46,0,0,0,0,1,1,0,0,0,0,0,2,3,0,0,0,1,0,1,1,14,0,0,0,2,37,0,0,0,0,2,0,18,2,0,0,1,0,0,0,0,2,0,0,1,0,3,8,0,0,0,0,1,0,0,0,0,0,0,0,1,0,23,0,0,0,0,11,0,0,1,3,0,0,0,0,0,0,2,6,0,1,0,0,0,17,0,0,0,0,5,0,0,0,6
2020-03-25,2,4,9,0,0,1,0,46,0,0,3,0,1,0,0,0,0,0,0,0,0,1,0,6,3,11,0,0,0,0,2,0,2,0,0,0,0,76,1,0,0,0,1,1,0,2,1,0,0,2,3,0,0,0,1,0,2,2,20,0,0,0,2,41,0,0,0,0,2,0,20,3,0,2,1,0,0,0,1,3,0,0,1,0,4,8,0,0,0,1,1,0,0,0,0,0,0,0,2,0,32,0,1,0,0,13,1,0,2,3,0,0,0,3,0,0,3,6,0,1,0,0,0,23,0,0,0,0,5,0,0,0,8
2020-03-26,2,6,14,0,1,1,0,54,0,0,3,0,1,0,0,0,0,0,0,0,0,1,0,9,4,12,0,0,0,0,2,0,2,0,0,0,0,79,1,0,1,0,3,1,0,2,1,0,0,2,3,0,0,0,1,1,2,3,21,0,0,0,2,49,0,0,0,0,2,0,28,4,0,2,1,0,0,0,1,3,0,0,1,0,8,9,0,0,0,1,1,0,0,0,1,1,0,0,2,0,36,0,1,0,0,14,1,0,2,3,0,0,0,3,0,0,3,11,0,1,0,0,0,26,1,1,0,0,5,0,0,0,9
2020-03-27,2,8,18,0,1,1,0,63,0,0,3,0,1,1,0,0,0,0,0,0,0,1,0,11,5,12,0,0,0,0,2,0,4,0,0,0,0,124,0,0,4,0,3,1,0,4,1,1,0,3,3,0,1,0,1,5,2,5,28,0,0,0,2,55,0,1,0,0,2,0,43,5,0,2,2,0,0,0,1,4,0,1,1,0,12,8,1,2,0,1,1,0,0,0,1,1,3,0,2,2,44,0,1,0,0,17,1,1,2,4,0,0,0,3,0,1,3,11,0,1,0,0,0,29,2,1,0,0,5,0,0,0,9
2020-03-28,2,16,20,0,1,2,0,75,0,0,3,0,1,1,0,0,0,0,0,0,0,1,0,12,7,12,0,0,0,0,2,0,4,0,0,0,0,156,0,0,6,0,3,1,0,4,1,1,0,6,5,0,1,0,1,7,3,5,31,0,0,1,3,65,0,2,0,1,2,0,54,6,0,2,3,4,0,0,2,4,0,1,2,1,13,10,1,2,0,1,1,0,0,0,1,2,4,1,2,2,56,0,1,0,0,20,2,0,2,4,0,0,0,3,0,1,3,11,0,1,0,0,0,35,2,1,0,0,6,0,0,0,9
2020-03-29,3,17,25,0,1,2,0,84,0,0,3,0,2,1,0,0,0,0,0,0,0,1,0,12,17,12,0,0,0,0,2,0,5,0,0,0,0,188,0,0,6,0,3,5,0,8,1,1,0,6,6,0,1,1,1,7,4,5,40,0,0,1,3,70,0,2,0,1,2,0,61,6,0,3,3,5,1,0,4,4,0,1,2,1,17,14,1,2,0,1,1,0,0,0,1,2,4,1,2,4,72,0,1,0,0,25,2,2,2,4,0,0,0,4,0,1,3,11,0,1,0,0,1,49,2,2,0,0,7,1,0,1,9
2020-03-30,6,19,26,1,1,3,0,86,0,0,2,0,5,1,0,0,0,0,0,0,0,1,0,13,18,21,0,0,0,0,3,0,4,0,0,0,0,224,1,0,6,0,3,5,0,10,1,1,0,7,6,0,1,3,1,9,5,6,44,1,0,3,3,73,0,3,1,1,2,0,61,8,0,4,3,7,1,0,2,4,0,1,2,1,18,17,1,2,0,1,1,0,0,2,1,2,4,3,2,5,79,0,1,0,0,25,2,6,2,5,0,0,0,6,1,1,6,20,0,3,0,0,2,52,2,2,0,0,7,3,0,1,11
2020-03-31,7,21,30,1,2,3,0,104,0,0,2,0,5,1,1,0,2,0,1,0,1,1,0,14,23,43,0,0,0,0,3,0,4,0,0,0,0,244,1,0,7,0,3,5,1,12,1,1,0,7,7,0,1,3,1,13,6,6,62,1,0,4,4,89,1,3,1,1,2,0,87,9,0,5,3,8,1,0,2,4,0,1,2,1,23,27,1,3,0,1,2,1,0,2,1,2,12,4,2,7,94,0,1,0,0,26,3,6,2,5,0,0,0,7,1,1,7,24,0,4,1,0,2,65,3,2,2,0,8,3,0,1,14
2020-04-01,7,21,32,1,2,5,0,119,1,0,3,0,6,1,1,0,2,0,2,0,1,2,0,16,31,59,0,0,1,0,5,0,4,0,0,0,0,288,0,0,7,0,3,5,1,15,1,1,0,8,7,0,1,3,1,14,6,10,78,2,0,4,5,95,1,4,1,1,2,0,105,12,0,7,3,9,1,0,2,4,0,1,2,1,29,33,1,3,0,1,4,1,0,4,1,3,13,3,2,8,106,0,1,0,0,33,4,6,2,9,0,0,0,8,2,1,8,28,0,5,1,1,2,88,3,2,2,0,9,5,0,2,16
2020-04-02,10,23,33,2,4,6,0,128,2,0,3,0,8,1,1,0,2,0,2,0,1,4,0,17,39,73,1,0,1,0,6,1,7,0,0,0,0,328,0,0,8,0,4,6,1,16,2,1,0,8,9,0,1,3,1,16,8,15,87,2,0,5,8,97,1,4,1,1,2,0,121,12,0,9,3,12,1,0,2,5,0,1,2,3,33,37,1,3,0,1,4,1,0,4,1,3,16,3,2,8,117,0,1,0,0,52,4,9,2,11,0,1,0,9,2,2,9,27,1,6,1,1,2,111,3,2,2,0,9,5,0,2,17
2020-04-03,8,26,56,2,5,6,0,135,4,0,3,0,8,1,1,0,3,1,2,1,1,4,0,17,50,89,2,0,1,0,7,1,9,0,0,1,0,372,0,0,9,0,5,9,3,20,4,1,0,8,8,0,1,4,1,29,12,22,112,3,0,7,11,104,1,6,1,1,2,2,130,12,0,9,2,13,2,0,2,7,0,1,2,6,37,43,2,3,0,1,4,2,0,8,1,3,17,4,2,10,131,1,1,0,1,76,9,4,2,11,0,1,0,10,2,4,11,29,0,10,3,2,2,128,4,3,3,1,9,9,1,2,17
2020-04-04,8,27,68,2,6,6,0,150,7,0,4,0,14,1,1,0,4,1,2,1,1,4,1,21,65,106,2,0,1,0,8,2,12,0,0,2,0,387,0,0,10,0,5,10,4,24,7,1,0,9,10,0,2,4,1,39,12,22,174,3,0,9,18,111,1,8,1,1,2,3,150,13,0,10,2,14,2,0,2,8,0,6,2,8,48,55,2,3,0,1,5,2,0,10,2,3,26,4,3,16,159,1,1,0,0,96,5,10,3,15,0,1,0,10,2,5,18,38,1,20,3,3,2,160,4,3,2,2,10,10,0,2,19
2020-04-05,11,32,74,2,6,6,0,181,8,0,4,0,15,1,1,0,4,4,2,1,1,4,1,23,72,108,2,0,1,0,8,2,12,0,0,2,0,426,0,0,10,0,7,10,4,27,7,1,0,10,15,0,3,4,2,40,12,25,194,3,0,10,18,117,1,8,2,1,2,3,167,14,0,10,3,14,2,0,2,12,0,6,2,9,51,59,2,3,0,1,5,2,0,10,2,3,26,4,3,18,175,1,1,0,1,99,5,10,3,16,0,1,0,12,2,5,24,41,1,22,3,4,2,170,4,5,2,2,12,11,1,2,20
2020-04-06,11,34,93,2,6,6,1,203,9,0,5,0,15,1,1,0,4,4,2,1,1,4,1,22,77,108,2,0,1,0,8,2,13,0,0,2,0,488,0,0,11,0,9,10,4,31,7,1,1,12,17,0,4,4,2,41,13,27,207,3,0,10,22,118,1,10,2,1,2,3,188,14,0,11,4,17,4,0,2,12,0,7,2,12,54,60,2,3,0,1,5,2,0,10,3,3,27,4,3,18,193,1,1,0,1,105,5,11,3,15,1,1,0,13,2,5,26,43,1,28,3,4,3,178,5,5,3,3,13,13,1,3,21
2020-04-07,11,38,126,2,7,8,3,237,10,0,8,0,18,1,1,1,6,4,3,4,2,4,1,23,80,128,2,0,1,2,9,6,15,0,1,2,0,532,0,0,18,0,9,11,4,43,8,1,2,15,22,0,4,5,2,43,19,27,267,4,0,13,23,119,1,10,2,1,2,3,209,14,2,20,4,20,4,0,2,12,0,16,2,12,57,72,2,3,0,3,7,3,0,10,3,4,36,4,3,21,236,2,1,1,2,110,8,12,3,16,1,1,0,13,3,5,29,49,1,30,3,5,4,200,6,10,3,3,14,14,3,3,25
2020-04-08,11,41,143,2,8,8,3,254,13,0,12,0,18,1,1,1,9,4,4,4,2,5,1,23,99,145,3,1,1,2,10,6,15,0,2,4,0,570,0,0,17,0,12,12,5,46,8,1,2,16,24,0,4,5,2,53,22,36,291,4,0,13,23,122,1,11,2,1,3,3,238,16,2,20,5,20,5,0,2,16,0,16,3,11,60,77,2,3,0,3,7,3,0,9,3,4,41,4,3,24,263,2,1,1,2,119,9,14,3,20,1,1,0,13,5,5,31,48,1,31,3,6,4,207,8,12,2,5,16,15,4,6,25
2020-04-09,11,43,149,2,8,9,4,280,13,0,12,0,18,1,1,1,9,4,4,4,3,5,1,27,101,158,3,2,1,2,13,6,19,0,2,5,0,690,0,0,20,1,16,13,6,54,10,1,2,16,24,0,4,6,4,53,29,39,319,5,0,13,24,123,2,13,2,1,3,3,258,17,2,21,5,25,5,0,2,25,2,17,3,11,64,84,2,3,0,3,9,5,0,12,4,5,44,4,3,25,299,3,1,1,3,126,9,15,3,21,1,1,0,15,8,5,36,54,1,31,3,6,4,219,9,15,3,5,16,16,5,6,25
2020-04-10,12,43,174,2,9,9,5,312,15,0,15,0,21,1,2,1,10,4,7,6,3,7,2,28,109,179,3,4,1,2,14,8,20,0,3,5,0,777,1,0,23,0,15,13,6,62,10,1,2,18,26,0,4,7,5,62,31,57,342,5,0,14,24,125,2,14,2,1,3,3,274,20,2,27,5,29,7,0,2,48,3,18,4,13,68,88,4,3,0,3,14,5,0,13,4,6,48,4,5,26,337,4,1,1,5,139,13,16,3,31,1,1,3,15,9,5,43,60,1,35,3,8,4,224,10,17,5,8,17,16,8,7,25
2020-04-11,15,46,188,4,9,10,7,349,17,0,15,0,22,1,3,2,14,4,9,6,3,8,2,31,115,203,3,6,1,2,17,8,20,0,6,7,0,946,1,0,25,1,19,14,6,63,11,1,2,20,26,0,4,8,7,64,38,79,368,8,0,14,28,126,2,13,2,1,6,3,296,25,3,31,6,34,10,0,2,53,3,31,4,12,75,90,4,4,0,4,13,6,0,17,4,6,49,5,8,26,390,4,1,1,5,148,13,17,3,44,1,1,3,16,9,5,47,67,1,40,3,8,4,236,15,24,5,8,17,19,8,7,27
2020-04-12,15,46,198,4,9,10,7,366,17,0,15,0,23,1,3,2,14,4,9,6,3,9,4,31,121,209,3,6,1,2,19,8,20,0,6,7,0,1008,1,2,25,1,21,14,6,65,12,1,3,20,32,0,4,8,7,65,38,81,379,8,0,14,31,126,2,14,2,1,6,3,309,25,3,31,6,34,10,0,2,55,3,32,5,12,78,90,4,4,0,5,13,6,0,17,4,6,51,5,9,26,389,4,1,1,5,154,14,20,3,43,1,1,3,17,9,5,50,72,1,48,3,8,4,243,15,24,5,8,17,19,8,7,29
2020-04-13,15,49,235,4,9,10,7,390,17,0,16,0,24,1,3,2,16,4,10,6,3,9,4,33,126,211,3,10,1,2,20,8,21,0,6,7,0,1164,1,2,28,1,23,14,7,66,13,1,4,20,38,0,5,10,7,72,39,87,397,8,0,14,33,126,2,14,2,1,7,3,324,27,4,33,6,41,10,0,3,57,3,32,5,13,88,99,4,4,0,5,14,6,0,19,4,6,54,5,13,27,434,4,1,1,5,167,18,21,3,49,1,1,3,17,11,5,51,87,2,51,3,8,4,251,17,28,6,8,20,20,13,7,33
2020-04-14,15,50,247,4,9,10,7,401,17,0,16,0,24,1,9,12,18,4,11,7,3,9,4,36,136,241,5,16,1,2,24,8,22,0,7,8,0,1207,1,2,28,1,40,15,7,71,14,1,4,20,39,0,5,15,7,73,52,95,432,8,0,14,60,128,2,16,2,1,7,3,344,27,4,33,7,49,13,0,3,57,3,33,5,15,93,99,4,4,0,5,15,6,0,19,4,6,59,5,13,27,508,4,1,1,7,175,18,21,3,56,2,3,3,23,11,6,56,95,2,57,3,8,4,252,19,28,6,8,20,20,14,7,35
2020-04-15,15,53,254,4,10,10,7,420,18,0,16,0,23,1,9,12,22,4,11,9,3,9,5,38,140,254,6,17,1,2,25,8,22,0,7,7,0,1298,0,0,29,1,62,15,7,73,15,1,4,20,40,0,5,16,7,75,53,101,453,8,0,14,60,132,2,17,2,1,6,3,367,29,3,34,8,53,14,0,3,57,3,34,5,16,95,99,4,4,0,5,17,6,0,19,4,6,59,5,15,27,536,4,1,1,7,177,17,22,3,67,2,3,3,27,11,6,60,108,2,59,3,10,4,256,20,27,6,8,19,21,15,7,35
2020-04-16,19,54,275,4,13,10,7,453,19,0,16,0,23,1,10,12,23,4,9,11,3,9,8,38,143,267,6,18,1,2,29,7,22,0,7,7,2,1375,0,0,32,1,64,15,9,72,15,1,4,20,41,0,5,16,7,77,61,119,497,8,0,14,63,135,2,18,2,1,6,3,378,30,3,34,8,62,16,0,3,61,3,34,5,16,97,105,4,5,0,5,18,7,0,19,5,6,62,5,15,26,582,5,1,1,7,188,19,24,3,69,2,4,3,28,11,6,62,120,3,65,3,9,4,258,21,27,6,9,19,21,18,7,37
2020-04-17,28,56,321,4,13,10,7,485,19,0,17,0,23,1,10,12,24,5,9,11,3,10,8,40,147,291,6,19,1,2,32,8,22,0,7,7,2,1476,2,0,35,1,64,15,9,76,15,1,4,20,52,0,7,18,7,78,70,214,532,10,0,14,69,138,2,18,2,1,7,3,385,33,3,38,8,72,21,0,3,62,3,40,5,17,100,108,5,5,0,5,19,10,0,21,6,6,63,7,17,28,644,8,1,1,8,201,20,24,5,83,2,6,3,33,11,7,69,128,4,70,3,11,4,265,22,28,7,9,19,22,17,8,38
2020-04-18,33,56,354,4,13,10,7,520,22,0,17,0,23,1,12,12,25,5,9,13,3,11,8,41,154,310,6,23,1,2,39,10,24,0,7,7,2,1633,3,0,36,1,66,15,12,81,15,1,4,21,55,0,8,18,8,79,79,233,559,10,0,16,83,139,2,18,2,1,7,3,413,33,3,38,8,82,21,0,3,64,3,42,5,17,102,109,5,5,1,6,20,13,0,21,6,6,65,9,17,28,700,8,1,1,8,211,20,24,5,100,2,6,4,39,12,9,72,143,5,81,3,11,4,271,24,27,7,10,19,25,18,8,38
2020-04-19,42,57,383,5,14,10,7,575,22,0,18,0,24,1,12,12,26,5,9,13,3,11,8,41,162,311,6,23,1,2,43,10,27,0,7,7,2,1809,11,0,39,1,66,15,15,81,17,1,4,21,55,0,8,18,8,83,84,236,584,10,0,16,86,141,2,18,2,1,7,3,425,33,3,38,8,93,25,0,3,65,3,42,5,17,102,111,7,5,2,8,20,13,0,21,6,6,65,9,17,28,742,8,1,1,9,231,22,24,5,100,2,6,4,39,12,16,74,152,5,91,3,11,4,273,24,29,7,10,19,25,18,10,44
2020-04-20,52,61,421,5,14,10,7,593,24,0,18,0,24,1,12,12,26,5,9,14,3,11,8,41,166,331,6,26,1,2,51,10,28,0,8,11,2,1925,21,24,41,1,68,16,12,81,17,1,4,21,58,0,8,21,10,90,91,252,598,10,0,16,86,141,2,18,2,1,7,3,446,33,3,38,8,96,30,0,3,65,3,44,5,18,102,113,7,5,2,8,21,14,0,21,6,6,65,8,17,28,793,8,1,1,9,236,24,24,5,106,2,6,4,41,13,17,77,161,8,92,4,12,4,281,24,29,8,10,19,25,18,10,44
2020-04-21,52,66,462,5,15,10,7,625,28,0,19,0,25,1,12,12,27,5,10,17,3,11,8,41,176,346,6,36,1,2,65,10,29,0,8,12,2,2077,22,24,49,1,68,16,12,83,17,1,4,21,62,0,8,23,12,92,93,264,621,10,0,16,88,146,2,19,2,1,7,3,468,35,3,43,12,110,31,0,3,68,3,48,6,20,101,118,7,5,2,8,21,14,1,24,7,6,82,8,19,28,867,8,1,1,53,246,25,25,5,122,2,6,5,45,13,18,79,164,10,111,4,23,4,288,26,29,8,10,15,27,18,10,43
2020-04-22,59,68,474,5,15,10,10,663,30,0,20,0,26,1,13,12,27,5,10,20,3,11,8,44,180,356,6,37,1,2,73,10,29,0,8,12,2,2256,25,25,56,1,69,17,14,86,17,1,4,21,63,0,9,24,12,97,97,318,684,10,1,16,90,147,2,20,2,1,7,3,475,37,3,43,12,117,34,0,3,69,3,50,7,20,101,126,8,5,2,8,22,16,1,24,9,6,93,9,19,28,924,9,2,1,53,250,31,27,5,145,2,8,5,53,13,19,83,170,10,126,4,23,4,313,27,29,8,12,14,29,18,11,43
2020-04-23,76,71,512,5,15,9,12,686,33,0,21,0,26,1,13,12,31,5,10,21,3,12,8,44,186,402,7,41,1,2,84,10,31,0,12,18,3,2362,26,25,64,1,72,17,15,87,20,1,4,21,63,0,10,30,13,99,99,346,718,10,1,19,91,149,2,21,3,1,7,3,498,38,3,47,14,127,38,0,3,71,3,50,7,20,105,136,12,6,2,8,22,22,1,27,11,6,98,9,29,29,1027,9,2,1,66,259,34,28,5,163,2,8,5,58,13,71,94,180,10,136,4,25,4,328,30,30,9,14,14,30,20,11,43
2020-04-24,100,72,547,5,15,9,12,722,34,0,23,0,27,1,14,12,31,5,10,21,3,12,8,45,197,423,7,41,1,2,90,10,31,0,12,18,3,2534,26,24,73,1,72,19,15,87,21,1,4,21,69,0,10,30,16,99,100,355,729,12,1,19,91,150,2,23,3,1,8,3,529,38,3,48,14,137,44,0,3,74,3,50,7,20,107,141,15,6,2,10,22,30,2,27,11,6,100,9,34,29,1110,10,2,1,66,267,39,33,5,176,2,8,5,65,13,75,97,193,10,138,4,28,4,331,36,30,10,14,14,31,20,11,43
2020-04-25,146,73,575,5,15,9,12,764,36,0,24,0,27,1,14,13,34,5,10,21,3,12,7,48,200,440,7,43,1,2,95,10,32,0,12,18,4,2745,26,26,80,1,72,19,16,93,23,1,4,22,69,0,10,30,16,101,103,370,764,13,1,21,91,151,2,25,5,1,8,3,564,39,4,48,14,154,44,0,4,85,4,51,7,20,109,169,20,8,2,11,25,82,2,27,11,6,103,11,37,30,1184,10,3,2,79,287,39,33,5,184,3,8,5,72,13,75,101,198,10,141,4,28,4,335,42,30,10,17,15,33,20,11,44
2020-04-26,187,76,591,5,15,9,17,790,36,0,24,0,27,1,14,13,35,5,11,21,3,13,7,49,208,457,7,45,1,2,103,10,33,0,14,18,6,2889,26,26,87,1,72,19,16,93,23,4,4,22,70,0,10,30,17,104,105,371,792,14,1,22,93,153,2,27,5,1,8,3,596,40,4,50,14,158,45,0,4,94,4,51,7,20,111,179,24,8,2,11,26,84,2,27,11,6,108,11,41,30,1265,10,3,2,89,301,39,33,5,184,3,9,6,74,13,115,107,213,10,147,4,28,4,345,43,34,10,20,15,33,20,11,44
2020-04-27,195,77,627,5,15,9,17,836,36,0,25,0,27,1,14,14,45,5,11,21,4,13,7,50,214,457,7,45,1,2,113,10,33,0,15,20,6,3002,27,26,96,1,73,19,16,95,24,4,4,22,72,0,10,36,17,108,108,383,817,15,1,24,93,154,2,28,5,1,8,3,628,41,4,51,14,165,50,0,4,98,4,54,7,20,112,184,28,8,2,11,26,87,2,30,11,6,114,11,41,31,1353,10,3,2,132,304,41,33,5,193,3,11,6,78,13,115,119,218,10,147,4,30,5,355,44,34,11,20,15,33,21,11,44
2020-04-28,223,80,653,5,15,9,17,865,39,0,25,0,27,1,13,16,55,5,11,22,4,13,7,51,220,488,7,47,1,2,126,11,33,0,15,20,6,3278,27,26,105,1,73,20,18,97,27,4,4,22,74,1,9,36,17,108,109,406,835,16,2,24,96,155,2,30,5,1,9,3,688,41,4,51,14,175,53,2,4,100,4,54,7,21,112,188,35,8,2,11,27,89,2,30,11,6,149,11,41,31,1449,9,3,3,141,312,41,35,5,216,3,12,7,79,13,115,126,221,11,152,4,30,5,359,47,34,11,21,18,36,22,11,45
2020-04-29,229,81,700,6,15,11,18,912,41,0,27,0,28,1,14,16,55,5,12,25,9,13,7,52,232,501,8,49,1,2,129,11,34,0,15,22,6,3448,27,26,109,2,73,21,19,101,28,4,4,23,74,1,10,38,17,109,113,411,846,16,2,24,96,155,2,30,5,1,9,3,727,41,4,52,14,196,60,2,4,100,4,55,7,23,114,192,36,8,2,12,27,91,2,31,12,6,150,12,46,33,1527,9,3,3,143,323,47,57,5,220,3,16,7,95,13,115,131,225,12,154,4,30,6,365,51,36,11,22,18,36,22,11,45
2020-04-30,264,103,754,6,15,12,20,967,43,0,30,0,28,1,14,16,58,6,12,27,11,13,7,56,242,531,8,54,1,3,141,13,35,0,16,23,7,3611,27,26,111,2,73,21,20,105,33,4,4,23,76,2,10,39,18,115,118,426,876,16,2,24,99,158,2,32,5,2,9,3,746,43,4,53,14,216,61,2,4,100,8,56,8,23,118,198,64,9,2,12,31,100,2,31,13,6,158,13,49,33,1645,9,3,5,144,339,51,73,6,240,3,26,7,108,13,125,143,240,12,169,4,31,6,385,52,36,11,21,18,37,22,11,46
2020-05-01,303,103,802,6,16,13,20,1004,44,0,33,0,28,1,14,16,94,6,12,32,12,13,8,58,256,557,9,54,1,3,162,13,35,0,16,23,8,3897,29,26,128,3,74,21,23,115,34,9,4,24,78,2,10,39,18,119,132,456,898,16,2,25,99,160,2,34,5,3,10,4,832,45,4,58,14,222,68,2,4,103,7,56,8,23,120,204,82,9,2,13,36,104,2,33,13,6,170,14,51,34,1781,9,3,5,142,364,53,80,7,249,4,26,7,120,13,125,155,251,12,175,4,31,6,396,57,38,13,23,20,41,22,11,46
2020-05-02,353,105,848,6,16,13,21,1044,45,0,34,0,28,1,15,16,137,6,13,32,13,13,9,58,263,593,10,57,1,3,177,13,37,0,18,23,8,4046,29,26,128,3,76,22,23,115,37,10,4,24,78,2,10,39,19,122,133,470,926,19,2,27,99,161,3,34,9,3,10,5,881,46,4,62,15,258,76,2,4,104,7,56,8,23,123,211,94,9,2,13,37,107,2,35,14,6,173,14,55,35,1900,9,3,6,143,382,54,80,7,259,5,26,7,134,13,125,174,262,13,178,4,31,6,413,61,39,14,25,21,46,22,11,46
2020-05-03,400,108,899,6,16,14,21,1106,46,0,34,0,28,2,15,16,137,6,13,31,15,17,9,63,279,601,10,57,1,3,191,12,37,0,18,24,11,4340,32,35,133,3,76,23,23,121,39,12,4,25,79,2,10,39,19,123,137,478,954,19,2,27,99,163,3,35,9,4,10,6,931,46,4,64,15,266,82,2,4,106,7,56,8,25,125,221,134,9,2,13,37,109,2,35,14,6,183,15,55,35,2026,9,3,6,145,403,57,81,7,265,5,26,7,145,13,127,186,271,13,190,4,31,6,413,61,39,14,26,22,49,22,12,47
2020-05-04,425,110,940,6,16,14,21,1139,47,0,35,0,28,2,15,16,137,6,13,32,19,17,10,63,284,601,10,57,1,3,196,12,37,0,23,46,16,4615,33,36,140,3,76,23,23,126,45,25,4,27,80,4,12,41,19,128,141,497,964,19,2,31,99,167,3,35,9,5,10,6,961,49,4,64,16,273,88,2,4,106,7,59,9,26,132,239,139,9,2,14,39,113,2,39,15,6,183,15,55,40,2146,9,3,6,145,419,57,81,7,269,5,27,7,149,13,127,195,288,13,190,4,32,6,439,63,39,14,31,23,50,22,12,47
2020-05-05,429,110,983,6,18,15,21,1169,47,0,36,0,29,2,15,16,171,6,13,34,19,17,11,64,293,646,12,58,1,4,201,12,37,0,25,46,17,4834,33,36,147,3,76,23,23,132,45,25,4,26,80,5,13,41,18,128,145,525,985,19,2,31,100,166,3,36,10,5,10,5,998,50,4,65,17,289,96,2,4,106,7,61,9,26,133,251,140,9,2,14,41,113,2,40,16,7,187,15,58,40,2223,9,3,6,143,438,57,82,8,282,5,31,7,165,13,128,206,308,13,205,4,32,6,445,68,40,16,30,27,56,22,12,48
2020-05-06,433,111,1022,6,18,15,21,1200,54,0,37,0,30,2,15,16,201,8,13,35,21,17,11,63,306,681,15,62,0,4,209,12,38,0,25,46,17,5016,34,36,148,3,76,23,23,144,48,31,4,26,81,5,13,43,18,131,153,544,1000,20,2,33,101,166,3,38,11,5,10,5,1025,50,4,68,18,310,101,2,4,107,7,61,9,26,134,257,143,9,2,14,42,120,3,42,17,7,189,16,62,40,2304,9,3,6,144,453,59,84,8,302,6,30,7,190,13,128,223,321,14,207,4,32,6,449,71,41,20,31,29,60,22,12,50
2020-05-07,463,112,1060,6,17,15,21,1248,55,0,37,0,29,2,16,16,225,8,13,36,25,17,11,65,311,707,16,64,0,4,217,12,38,0,25,47,18,5045,35,36,149,3,78,24,23,147,52,32,4,27,81,5,13,44,19,131,154,552,1025,20,2,33,103,167,4,38,11,6,10,5,1043,51,4,68,18,332,106,2,4,109,7,61,9,26,137,270,149,9,2,14,43,122,4,41,17,7,193,17,63,42,2398,9,3,7,187,473,60,88,8,310,6,30,7,213,13,128,230,334,14,208,4,32,6,454,75,41,20,33,29,61,22,12,51
2020-05-08,463,116,1110,6,17,15,21,1281,55,0,37,0,30,2,17,16,225,8,13,37,26,19,11,66,316,741,16,65,0,4,239,13,39,0,25,47,18,5338,39,37,153,3,78,25,23,150,55,33,4,27,81,5,14,44,20,135,155,574,1032,21,2,33,105,170,4,38,11,6,10,5,1070,53,5,68,20,355,114,2,4,111,10,61,10,26,144,274,149,9,2,14,43,123,4,41,17,7,194,18,65,42,2474,9,3,6,187,494,62,91,8,320,6,30,7,236,13,129,233,344,15,209,4,32,6,469,78,42,20,35,31,61,22,12,55
2020-05-09,496,119,1142,6,17,15,22,1332,64,0,38,0,29,2,17,16,246,8,13,38,28,21,12,66,325,765,16,65,1,4,253,13,39,0,25,47,22,5610,39,37,168,3,79,26,25,162,58,34,8,27,81,5,14,44,22,138,163,578,1054,22,2,33,108,169,5,38,11,6,10,4,1127,55,6,68,20,358,116,2,5,118,10,64,10,26,152,290,159,9,2,14,44,128,4,41,17,7,202,18,66,42,2548,9,3,7,188,512,62,93,9,339,6,31,7,242,13,131,239,354,15,215,5,32,6,478,82,42,21,37,31,64,22,13,55
2020-05-10,508,120,1193,6,17,15,22,1368,64,0,38,0,29,3,18,16,246,8,13,38,33,21,11,66,328,787,16,66,1,4,264,13,38,0,27,48,23,5892,39,37,172,3,79,27,26,164,61,45,8,27,81,12,15,46,22,144,170,579,1067,22,2,37,110,173,5,41,11,6,10,4,1159,55,6,68,21,381,120,2,5,122,10,65,10,26,159,304,163,10,2,14,46,128,4,45,17,7,202,18,66,44,2740,9,3,8,189,530,62,93,9,344,6,31,7,245,13,131,248,374,15,215,5,33,7,491,85,49,21,38,39,66,22,13,56
2020-05-11,524,123,1224,6,17,16,22,1399,64,0,38,0,30,3,19,16,246,8,13,38,34,21,11,68,340,789,16,66,1,4,276,13,39,0,28,49,24,6200,39,37,180,3,79,28,26,166,61,55,8,27,81,15,15,47,22,146,171,583,1083,25,2,39,112,173,5,42,12,6,10,5,1195,56,6,69,21,428,135,2,5,134,10,66,10,26,164,308,170,10,2,14,47,129,4,48,17,7,208,18,66,45,2991,9,3,10,190,546,79,106,9,360,6,32,7,250,13,131,257,384,18,216,5,34,7,505,86,49,21,38,42,66,22,13,57
2020-05-12,530,124,1240,6,17,17,22,1416,64,0,38,0,30,3,20,16,301,8,13,38,34,21,11,68,343,837,16,67,1,4,291,16,41,0,30,49,26,6470,40,37,180,3,78,28,26,175,66,56,8,27,82,16,16,48,24,147,174,584,1106,27,2,44,113,174,6,44,12,7,10,5,1210,56,6,70,21,430,139,2,5,138,10,66,12,26,166,319,171,10,2,14,48,129,5,53,17,7,210,21,68,45,3078,9,3,10,200,565,79,108,9,364,6,32,7,260,13,131,261,396,18,219,6,38,7,509,87,48,21,41,42,69,22,14,59
2020-05-13,545,126,1305,6,17,20,22,1460,66,0,40,0,30,3,20,16,347,8,13,39,39,21,11,68,354,862,16,71,1,4,320,18,41,0,30,50,29,6666,43,39,190,4,79,30,25,182,72,64,5,28,82,18,16,49,25,148,183,607,1146,28,2,45,113,174,6,44,12,7,10,5,1283,59,6,72,22,459,152,2,5,138,10,66,12,28,171,327,174,11,2,14,50,140,6,53,17,7,213,22,69,46,3181,9,3,10,200,592,80,116,11,373,6,32,7,271,15,132,270,413,21,221,6,38,6,519,88,49,21,42,42,73,23,15,60
2020-05-14,593,130,1349,6,17,21,22,1499,70,0,40,0,30,3,20,16,348,8,13,41,40,21,11,68,362,909,16,73,2,4,329,18,43,0,33,50,29,6951,45,39,200,4,79,30,26,191,80,65,5,28,86,18,16,49,27,156,198,615,1174,28,2,48,114,174,7,44,12,7,10,5,1339,59,6,73,23,515,170,3,5,146,11,66,12,28,179,338,184,15,2,14,50,143,6,57,17,7,217,23,72,48,3351,10,3,10,203,611,83,120,11,381,6,32,7,278,15,134,282,426,23,221,6,53,6,528,90,49,21,42,42,75,23,15,61
2020-05-15,648,133,1396,6,17,22,23,1534,74,0,40,0,30,3,20,16,366,8,13,42,42,22,11,71,379,946,17,74,2,4,343,18,43,0,36,50,30,7159,46,40,205,4,79,30,27,195,82,66,5,28,86,19,16,50,27,158,208,620,1198,30,2,49,115,179,7,45,13,7,10,5,1374,59,7,73,23,533,176,3,5,152,11,66,12,26,184,349,193,15,2,16,51,145,6,58,18,7,219,23,72,49,3421,10,3,11,201,665,83,120,10,388,6,32,7,285,15,135,291,442,34,255,6,67,6,535,94,49,22,42,42,79,23,15,62
2020-05-16,668,136,1460,6,18,24,23,1560,82,0,40,0,30,3,20,16,411,8,13,42,45,22,11,71,380,978,19,76,2,4,365,23,44,0,36,50,31,7386,47,42,211,4,81,30,27,209,89,77,5,28,87,20,19,50,27,158,215,631,1226,34,2,49,115,179,7,47,14,7,10,5,1430,59,7,73,24,574,183,4,5,164,12,66,12,26,187,350,196,17,2,16,53,158,6,58,23,7,222,24,73,49,3563,10,3,12,204,741,84,120,11,387,8,32,7,297,15,135,304,458,33,260,6,80,6,539,96,49,22,42,43,80,23,16,62
2020-05-17,688,138,1476,7,18,25,23,1590,84,0,40,0,31,3,20,16,411,8,13,42,48,22,11,71,384,988,19,76,2,4,374,23,44,0,36,52,31,7643,47,44,213,4,81,30,29,211,93,80,5,28,87,21,19,50,27,161,220,632,1252,36,2,51,115,186,7,48,14,7,10,6,1446,59,7,73,24,594,187,5,5,167,12,66,12,26,193,350,198,18,2,16,56,161,6,58,24,7,225,24,73,49,3666,10,3,12,261,758,85,120,11,389,8,32,7,303,15,135,312,467,34,264,6,80,6,548,99,49,22,42,43,80,23,16,62
2020-05-18,690,139,1510,9,20,25,25,1638,85,0,41,0,31,3,20,16,417,9,13,42,49,23,14,72,387,1002,18,76,2,4,388,23,44,0,38,55,31,7843,47,44,223,4,82,30,32,217,96,82,5,28,88,21,19,50,27,163,225,633,1272,43,2,53,119,187,7,48,15,7,10,6,1486,60,7,74,24,628,198,8,5,169,12,66,12,26,206,361,198,18,2,18,60,161,8,60,24,7,228,24,77,52,3759,10,3,12,263,779,86,128,11,397,8,32,7,319,15,137,319,484,33,269,6,91,6,557,99,49,24,42,43,84,23,16,63
2020-05-19,701,141,1544,9,20,25,24,1688,87,0,41,0,31,3,21,18,419,11,13,44,50,24,14,72,396,1043,19,77,2,4,452,25,44,0,45,58,35,8020,47,44,243,4,82,30,32,223,101,82,5,28,88,21,19,54,29,164,232,647,1299,46,2,58,119,189,7,48,15,7,10,6,1527,60,7,75,27,680,202,16,5,178,12,66,13,27,209,370,204,20,2,18,67,165,9,75,26,7,237,25,83,56,3934,10,3,12,265,811,88,135,13,401,8,33,7,329,15,137,339,501,32,269,6,98,6,559,103,50,28,43,43,96,23,16,63
2020-05-20,709,142,1577,10,21,25,24,1728,88,0,41,0,31,3,21,18,419,11,13,45,64,24,15,72,401,1100,19,80,3,4,494,25,45,0,47,58,35,8163,47,44,251,4,82,30,32,234,101,82,5,29,88,22,20,55,29,165,238,675,1321,50,2,61,120,189,7,48,15,7,10,6,1579,61,7,75,27,699,207,20,5,178,12,66,13,27,211,370,205,21,2,18,69,166,10,80,26,7,241,25,86,56,4054,10,4,12,263,835,88,135,13,414,8,33,7,345,15,137,351,514,33,274,6,99,6,564,105,50,29,42,43,104,23,16,63
2020-05-21,709,142,1627,9,22,25,25,1763,85,0,41,0,31,4,21,18,438,12,13,45,64,25,16,72,412,1132,19,82,3,5,526,25,45,0,47,58,36,8580,51,46,261,4,83,30,34,245,107,82,5,30,89,22,20,55,29,167,244,695,1339,53,3,62,121,189,7,49,16,8,10,6,1700,64,7,75,27,743,223,21,5,185,12,67,13,26,215,377,206,21,2,19,73,166,12,84,26,7,245,26,99,56,4183,10,4,12,263,888,89,135,12,434,8,33,8,355,15,138,366,540,34,278,6,100,6,584,110,51,33,43,43,110,24,16,65
2020-05-22,711,142,1657,10,22,25,26,1795,86,0,41,0,31,4,21,18,439,12,13,45,66,25,19,74,419,1152,21,83,3,5,555,25,46,0,47,60,36,8734,51,46,267,4,84,31,34,249,109,85,5,30,89,24,21,55,29,169,246,704,1375,59,3,66,122,191,7,50,19,10,9,6,1807,67,7,77,27,764,228,25,5,192,12,67,13,26,224,388,206,22,2,19,73,172,12,84,27,7,251,26,104,56,4315,10,4,12,267,934,90,140,13,444,8,32,7,358,15,137,373,552,34,283,6,100,6,591,110,51,36,43,43,121,24,17,67
2020-05-23,722,143,1703,13,22,25,26,1804,89,0,41,0,31,4,21,18,443,12,13,46,66,27,19,74,426,1193,21,83,3,5,574,26,46,0,48,60,41,8945,52,47,269,4,84,32,38,255,113,87,5,30,90,24,21,55,29,172,252,709,1411,63,3,67,124,192,7,52,20,10,9,6,1831,67,7,77,27,792,230,24,5,193,12,69,13,27,234,393,210,22,2,19,77,186,13,87,28,7,253,29,108,60,4408,10,4,12,276,979,90,141,14,452,8,32,7,365,15,141,386,569,35,290,6,114,6,598,110,51,38,46,43,128,24,17,67
2020-05-24,727,148,1733,13,21,25,26,1873,90,0,41,0,31,4,21,18,442,12,13,47,74,27,19,80,433,1193,21,83,3,5,594,26,46,0,48,60,43,8989,52,47,282,4,84,32,38,262,118,88,5,30,90,26,22,55,29,174,252,716,1446,67,3,66,124,196,7,54,20,10,9,6,1821,69,8,77,32,806,239,24,5,200,12,69,13,27,237,399,213,22,2,19,80,188,14,86,32,7,262,29,108,60,4468,10,6,12,275,1012,90,140,14,453,8,32,7,372,15,143,401,581,35,295,6,114,6,603,111,51,38,48,43,143,24,17,68
2020-05-25,731,149,1754,13,21,26,26,1897,93,0,41,0,32,4,21,18,443,12,13,49,77,27,19,82,449,1200,22,83,3,5,614,27,48,0,48,62,44,9482,57,48,285,5,85,33,39,271,123,95,5,30,93,30,23,55,29,181,275,727,1492,77,3,66,125,197,7,56,24,10,9,6,2047,69,8,77,32,849,261,24,5,205,12,69,14,29,245,432,216,23,2,19,81,197,14,88,35,7,272,29,108,60,4702,11,7,13,275,1040,94,140,16,467,8,32,7,376,15,143,422,599,35,300,6,114,6,618,117,51,39,50,43,145,24,18,69
2020-05-26,758,161,1785,16,23,26,26,1935,100,0,43,0,32,4,21,19,445,13,15,53,84,27,23,90,459,1213,22,85,3,5,638,31,48,0,55,62,44,9839,59,49,300,5,87,34,39,272,136,104,5,30,93,31,25,57,30,183,301,742,1546,84,3,73,125,200,7,60,24,10,9,6,2186,73,10,79,37,956,277,27,5,211,14,69,15,35,250,450,221,23,2,20,86,199,14,96,35,7,281,29,122,71,4992,12,7,13,278,1089,96,146,17,478,8,32,7,378,15,143,463,642,36,303,7,135,6,638,117,51,41,54,43,147,24,21,71
2020-05-27,780,168,1824,16,23,27,31,1988,102,0,45,0,32,4,21,18,445,13,16,55,86,27,23,97,472,1263,23,85,3,5,645,32,48,0,61,70,43,10069,59,53,302,5,87,35,39,296,135,106,5,30,94,32,27,58,30,183,309,746,1579,92,3,78,125,200,8,60,25,10,9,6,2274,75,10,80,38,966,280,29,5,212,14,70,16,35,254,451,225,23,2,21,91,208,15,101,35,7,282,29,129,79,5074,14,7,13,275,1112,96,146,17,483,8,32,7,394,15,144,474,657,36,308,8,138,6,646,129,51,41,61,43,156,24,21,71
2020-05-28,807,170,1887,17,23,27,31,2039,105,0,47,0,32,4,24,18,453,13,16,56,88,27,23,102,481,1331,24,86,3,5,656,32,50,0,68,76,46,10503,63,53,303,5,88,35,41,319,142,107,5,30,93,32,28,63,30,190,316,757,1624,95,3,81,126,202,10,62,26,10,9,7,2318,76,11,80,38,971,281,31,5,214,14,72,16,36,257,452,227,25,2,24,92,213,18,112,38,7,284,30,129,81,5157,18,6,13,275,1133,97,147,16,490,8,32,7,414,15,146,487,672,36,308,9,142,7,662,141,51,41,63,44,168,24,21,72
2020-05-29,827,180,1941,19,25,27,31,2089,105,0,47,0,32,4,25,18,453,13,17,58,90,27,23,105,494,1400,25,86,3,5,666,35,51,0,71,78,46,10738,63,55,308,6,90,35,42,331,147,107,5,30,95,34,31,69,30,192,320,765,1678,99,3,85,127,202,10,62,26,10,9,7,2429,76,12,80,39,1004,287,31,5,214,14,73,16,36,257,470,228,25,2,25,97,214,18,118,39,7,294,32,129,121,5270,19,6,13,276,1202,102,152,16,505,8,34,7,429,15,146,500,681,36,311,10,151,7,680,146,51,41,63,44,176,24,21,72
2020-05-30,863,187,1960,20,25,27,31,2107,109,0,51,0,32,4,25,18,456,13,18,64,91,27,23,108,520,1461,25,91,4,5,674,37,51,0,77,78,46,10906,65,55,312,6,91,36,42,344,158,112,5,31,96,37,34,73,30,197,322,774,1754,104,3,87,128,202,10,65,30,10,9,7,2529,78,13,80,40,1046,299,31,5,217,15,73,17,36,258,490,230,25,2,28,101,219,18,127,40,7,307,32,134,126,5412,19,6,13,275,1249,104,155,18,511,8,34,7,444,15,146,524,702,39,314,10,154,7,699,155,51,43,63,44,187,24,21,72
2020-05-31,909,187,1974,20,25,27,31,2116,109,0,57,0,32,4,25,18,459,13,18,67,96,27,23,116,521,1548,27,95,4,5,691,37,55,0,80,79,48,11110,65,55,315,6,92,36,42,349,164,123,5,31,99,38,34,73,30,207,326,779,1820,113,3,90,128,205,13,68,30,10,9,7,2575,79,13,80,41,1092,305,31,5,217,15,77,17,36,273,503,237,25,2,29,102,220,19,134,44,8,308,35,134,126,5533,19,6,13,276,1316,105,160,18,518,8,34,7,448,15,147,556,713,45,315,10,154,9,708,157,51,46,65,44,189,25,23,74
2020-06-01,917,199,1981,23,25,27,31,2123,112,0,60,0,32,4,27,18,461,13,18,69,97,27,24,125,535,1568,28,96,4,5,713,38,56,0,83,82,48,11219,67,55,323,6,92,36,42,359,166,124,5,31,99,38,34,74,30,210,327,797,1858,114,3,92,128,206,13,69,31,10,9,7,2611,79,13,80,41,1105,317,32,5,218,15,78,17,36,282,521,241,25,2,33,106,225,19,138,44,8,313,35,137,129,5663,19,6,13,287,1397,106,167,18,541,8,34,7,458,15,147,571,722,47,316,10,161,9,745,157,51,47,68,44,191,25,23,77
2020-06-02,939,200,2000,24,26,27,31,2133,115,0,62,0,34,4,28,18,465,13,18,76,100,27,25,128,541,1627,28,96,4,5,720,38,57,0,83,82,48,11426,67,55,326,7,92,36,42,371,172,127,5,31,101,40,34,100,30,212,335,799,1919,136,3,96,132,210,13,70,31,10,9,7,2636,81,15,80,41,1135,327,37,5,218,15,80,17,38,291,530,243,25,2,39,110,230,19,141,45,8,325,36,143,135,5724,20,6,14,287,1434,110,171,19,545,8,34,7,465,15,149,586,733,49,317,11,161,9,752,166,52,47,70,44,196,25,23,77
2020-06-03,953,204,2016,24,28,27,31,2142,115,0,62,0,34,4,30,18,467,13,18,76,105,27,27,128,548,1661,29,96,4,5,727,39,58,0,84,86,48,11596,67,55,329,7,92,36,42,378,172,131,5,31,103,42,34,150,30,212,331,809,1933,145,3,98,133,211,13,70,31,10,9,7,2659,81,15,80,41,1154,332,38,5,219,15,80,17,38,292,539,245,25,2,40,111,231,21,143,45,8,322,36,143,135,5837,21,6,14,287,1455,113,176,19,548,8,36,7,465,15,150,590,738,50,318,11,165,9,752,204,53,47,76,45,198,25,29,77
2020-06-04,966,213,2031,24,28,27,31,2150,122,0,63,0,34,4,31,18,469,13,18,76,122,27,28,131,554,1721,31,97,4,5,732,39,58,0,90,89,52,11815,67,56,334,6,94,37,42,384,178,140,5,31,103,46,34,213,31,214,336,814,1946,152,3,103,133,211,21,72,31,10,9,7,2794,84,16,80,41,1166,339,39,5,219,15,82,17,39,299,552,247,25,2,40,115,231,22,152,45,8,325,36,146,142,5932,21,6,15,287,1488,113,176,18,555,8,36,7,470,15,150,593,742,52,320,10,173,9,770,217,53,47,80,45,215,27,30,77
2020-06-05,969,217,2045,24,28,27,33,2173,124,0,72,0,35,4,32,18,475,13,20,79,122,27,28,131,563,1761,31,97,4,5,740,41,60,0,93,86,53,11904,67,56,339,6,94,38,42,388,186,140,5,32,105,46,35,229,31,215,338,817,1983,155,3,110,137,211,21,72,31,10,9,7,2837,85,17,87,41,1190,343,41,5,220,14,85,17,39,309,560,249,25,2,44,119,233,23,159,47,8,325,37,146,142,6030,21,6,15,289,1527,119,190,18,561,8,37,7,472,15,152,615,750,53,322,10,174,9,784,220,53,48,80,45,225,27,30,79
2020-06-06,970,221,2070,26,31,27,33,2195,125,0,76,0,39,4,32,18,477,13,20,83,125,27,28,131,577,1797,31,97,4,6,745,41,60,0,98,88,53,12056,68,56,345,6,94,39,42,393,192,143,5,32,105,48,38,239,31,215,340,823,2033,159,3,114,142,211,22,73,32,10,9,7,2939,92,17,88,41,1214,351,47,5,222,14,91,17,43,314,562,251,25,2,48,117,237,27,163,47,8,335,44,148,146,6121,24,7,18,291,1592,122,197,18,572,8,38,7,476,15,152,634,765,52,323,10,175,10,798,222,53,49,81,45,232,27,33,82
2020-06-07,983,251,2095,26,31,27,33,2225,132,0,79,0,40,4,39,18,481,13,20,90,130,28,28,137,592,1831,33,98,4,6,764,41,60,0,98,89,53,12455,69,56,355,6,94,40,42,410,208,147,5,32,107,53,43,254,32,226,348,832,2096,166,3,116,142,216,24,78,32,10,10,8,3094,92,17,88,41,1228,355,48,5,224,14,91,17,44,320,583,255,25,2,48,117,244,28,165,50,9,343,45,148,148,6207,27,7,17,293,1621,122,199,19,580,8,38,7,480,15,153,695,803,53,323,10,175,10,801,222,57,49,81,46,232,27,36,86
2020-06-08,983,255,2102,26,32,27,33,2256,136,0,79,0,40,4,41,18,481,13,20,93,141,28,28,139,596,1866,35,101,4,6,767,45,60,0,98,89,53,12603,69,56,363,8,95,40,42,409,196,147,5,33,107,54,44,255,32,227,347,833,2128,169,3,118,145,217,24,78,32,10,10,8,3147,94,17,88,41,1248,359,50,5,224,14,94,17,44,322,589,255,25,2,50,117,245,28,167,50,9,343,47,151,150,6278,28,7,15,293,1651,122,199,20,589,8,40,7,484,15,153,707,815,58,325,10,175,10,810,220,57,49,82,46,235,27,36,86
2020-06-09,983,258,2115,26,33,27,33,2265,137,0,81,0,40,4,41,18,484,13,20,97,149,28,29,141,605,1942,35,104,4,6,772,45,60,0,99,91,53,12695,69,56,365,8,95,41,42,413,193,148,5,33,108,55,44,277,32,228,351,837,2146,174,3,118,149,224,23,79,32,10,9,8,3174,94,18,89,41,1254,359,50,5,224,14,95,17,45,323,596,256,25,2,50,118,246,28,170,50,9,351,47,151,153,6336,28,7,16,289,1667,126,204,19,596,8,41,7,487,15,153,712,824,58,325,10,175,9,815,222,57,50,83,48,238,27,38,86
2020-06-10,984,260,2125,26,34,27,33,2280,139,0,83,0,40,4,43,18,497,13,22,99,153,28,29,142,617,1995,35,106,4,6,773,45,61,0,101,93,53,12746,69,56,370,8,98,41,42,415,194,154,5,33,106,60,44,300,32,231,354,842,2162,182,2,120,150,224,24,83,32,10,9,8,3180,94,18,89,41,1262,360,52,5,224,14,96,17,45,328,605,257,25,2,51,119,247,28,174,54,9,354,48,153,153,6376,30,7,16,290,1686,125,207,19,602,8,42,7,492,15,154,723,831,58,330,10,175,9,823,225,58,51,83,48,248,27,38,86
2020-06-11,984,269,2127,26,34,27,33,2299,139,0,82,0,44,4,44,18,517,12,22,100,158,28,29,144,622,2041,36,106,4,6,774,46,61,0,101,94,52,12812,68,56,374,8,98,42,43,416,197,165,5,34,109,63,45,303,32,233,357,846,2170,188,2,120,150,225,24,83,32,11,9,8,3229,95,18,89,41,1271,361,53,5,225,14,96,18,45,337,619,259,25,2,58,119,249,29,176,56,10,364,48,155,158,6396,30,7,16,290,1709,128,222,19,606,8,42,7,499,16,155,729,841,55,333,11,176,9,832,225,58,53,83,49,250,27,42,89
2020-06-12,987,272,2128,27,37,27,34,2307,141,0,86,0,44,4,44,18,518,12,22,101,159,28,30,146,636,2109,37,111,4,6,774,46,63,0,105,94,52,12863,68,56,376,8,101,42,43,423,199,171,5,35,112,63,45,306,32,234,362,850,2193,193,2,129,150,230,24,87,32,11,9,8,3280,98,19,91,42,1282,369,54,5,226,14,96,18,44,351,630,259,25,2,63,124,250,31,178,59,11,370,50,161,158,6439,30,7,16,290,1733,132,232,19,614,8,43,7,505,18,155,739,862,57,337,13,177,9,847,228,58,53,84,49,260,27,42,90
2020-06-13,989,275,2134,28,38,27,34,2321,143,0,91,0,47,4,46,18,519,12,23,106,165,29,30,148,650,2150,37,115,4,6,777,47,63,0,107,95,52,12939,67,56,380,9,101,43,44,428,201,193,5,36,114,66,45,336,35,234,368,847,2234,198,2,138,154,231,24,87,33,11,9,8,3321,98,20,92,42,1299,372,54,5,226,14,96,18,45,357,643,261,26,2,65,124,251,31,180,60,11,375,51,161,162,6509,30,8,17,291,1789,134,247,19,621,8,43,7,509,18,155,752,877,60,341,13,178,9,869,229,58,53,85,49,263,27,42,91
2020-06-14,993,286,2151,28,38,27,34,2338,146,0,91,0,47,4,46,18,519,12,25,109,171,30,30,152,659,2181,38,115,4,6,780,47,65,0,108,97,53,13017,67,56,385,9,102,43,44,433,208,204,6,37,114,66,45,343,37,238,371,855,2264,199,3,138,156,233,24,88,33,11,9,8,3384,98,21,92,42,1309,378,54,5,226,14,96,18,46,371,660,262,26,2,67,130,251,31,185,69,11,375,51,162,163,6580,30,8,17,291,1814,134,250,19,627,8,44,7,510,18,155,813,887,60,344,13,181,9,890,230,58,53,87,50,264,27,42,93
2020-06-15,996,290,2160,28,39,27,34,2346,146,0,91,0,47,4,46,18,521,12,25,111,173,32,30,154,672,2194,38,115,4,6,783,49,66,0,110,98,53,13092,67,56,386,10,102,43,44,435,211,205,6,38,116,66,45,344,37,241,374,856,2289,202,3,141,156,233,24,88,33,11,9,8,3404,99,21,92,42,1314,384,54,5,229,14,95,18,46,381,668,262,27,2,67,131,252,32,191,70,12,386,51,170,167,6608,30,8,17,292,1832,134,250,19,629,8,44,8,511,20,155,837,893,60,345,13,183,9,899,231,58,54,87,50,265,27,42,93
2020-06-16,1007,293,2168,30,38,28,34,2363,152,0,94,0,50,4,54,18,534,12,28,113,175,33,30,160,678,2259,40,117,4,6,787,50,66,1,110,101,53,13103,67,58,393,10,102,43,44,435,213,206,6,38,116,66,45,342,38,246,375,859,2311,210,3,144,158,236,24,91,33,11,9,8,3439,99,21,96,42,1317,388,56,5,231,14,97,18,46,390,681,264,27,2,68,133,256,32,192,70,12,387,53,171,168,6621,30,9,17,294,1848,141,270,18,631,8,47,8,516,22,155,849,900,60,347,13,183,9,909,233,58,55,87,53,269,27,42,94
2020-06-17,1018,293,2175,30,38,28,34,2372,157,0,96,0,51,4,59,18,542,12,28,116,177,34,30,161,684,2316,40,117,4,6,790,50,66,1,113,106,53,13153,68,58,398,10,103,46,44,440,215,208,6,38,116,68,46,343,39,248,378,864,2332,212,3,149,158,236,24,93,33,11,9,8,3458,101,21,96,42,1320,390,58,5,231,14,97,18,47,399,698,265,27,2,68,135,256,33,194,73,12,395,54,171,169,6654,30,9,17,294,1872,148,277,18,636,9,48,8,522,26,154,858,906,61,348,13,184,9,923,233,58,58,87,54,273,27,42,94
2020-06-18,1018,302,2186,30,39,28,34,2382,164,0,94,0,51,4,72,18,552,12,28,119,178,34,30,164,697,2375,43,119,4,6,790,50,68,1,114,107,54,13209,67,58,399,10,103,46,44,444,218,211,6,40,116,69,48,344,39,251,380,870,2342,214,3,150,158,237,24,95,33,11,9,8,3499,102,21,99,42,1337,393,58,5,233,14,97,18,48,402,704,267,27,2,74,136,259,36,196,76,12,402,55,173,170,6684,31,9,16,295,1895,149,277,18,641,9,48,8,530,28,154,862,917,62,349,13,185,9,936,234,58,61,87,54,276,27,42,94
2020-06-19,1022,304,2198,30,41,28,35,2396,166,0,95,1,55,4,90,18,552,12,30,121,187,35,30,164,709,2456,44,126,4,6,792,50,68,1,118,112,54,13244,67,58,401,10,103,48,44,446,219,217,6,41,115,74,48,344,39,252,387,874,2368,224,3,151,159,238,24,95,33,11,9,8,3504,102,21,105,42,1352,402,59,5,234,14,97,18,48,410,707,267,28,2,80,136,261,36,197,76,12,405,59,173,179,6756,31,9,16,301,1929,161,291,18,646,9,49,8,534,30,154,874,921,62,353,13,185,9,950,235,58,61,87,54,278,27,42,97
2020-06-20,1024,321,2217,30,41,29,36,2405,167,0,98,1,58,4,90,18,552,12,32,125,187,37,31,166,721,2541,44,131,4,6,794,50,72,1,121,112,54,13341,68,59,403,10,104,48,44,449,223,222,7,42,115,77,48,343,39,258,397,885,2383,227,3,151,161,239,24,96,35,12,9,9,3543,108,21,108,42,1353,407,59,5,234,15,107,18,48,430,723,268,28,2,80,137,261,36,198,82,14,405,61,173,191,6807,36,9,17,317,1960,171,308,18,651,9,50,8,536,33,154,891,920,65,356,13,185,9,956,236,59,60,88,54,279,27,43,98
2020-06-21,1031,334,2227,30,41,29,36,2418,169,0,99,2,58,4,91,18,552,12,32,126,188,37,31,169,733,2557,45,131,4,6,795,50,73,1,121,112,54,13419,68,59,404,14,105,50,45,456,227,223,7,42,115,79,49,343,39,264,403,889,2413,226,3,151,161,242,24,96,36,12,9,9,3585,109,22,108,43,1363,410,59,5,234,15,110,18,49,438,737,270,28,2,79,137,263,38,198,85,16,406,62,173,213,6879,36,10,16,317,1985,171,313,18,653,9,50,8,540,32,154,902,924,66,365,13,185,9,988,254,60,63,91,54,286,27,44,99
2020-06-22,1032,340,2236,31,42,29,36,2424,171,0,99,2,59,4,92,18,553,12,32,126,189,37,31,172,759,2577,46,131,4,6,795,51,73,1,123,116,54,13499,68,59,409,14,105,50,45,460,232,224,7,42,116,80,55,346,39,271,405,893,2426,227,3,152,163,245,24,96,37,12,9,10,3612,109,28,108,43,1366,414,60,5,235,15,110,18,49,447,746,271,28,4,99,138,263,39,199,87,16,419,62,173,215,6904,36,10,17,317,2008,177,324,21,657,9,50,8,542,33,154,909,930,67,377,13,186,9,1006,265,60,63,91,54,292,27,44,101
2020-06-23,1033,352,2248,31,42,31,36,2431,171,0,103,2,67,4,92,18,553,14,33,124,193,37,31,176,774,2651,48,132,4,6,802,51,72,1,127,118,54,13579,68,58,413,14,108,52,46,461,234,227,7,42,118,81,55,347,41,271,410,896,2448,228,3,155,165,245,24,96,36,12,9,10,3632,110,28,113,43,1367,416,61,5,237,15,112,18,50,452,747,271,28,4,102,141,264,40,201,88,16,421,66,175,207,6962,37,10,18,318,2031,195,343,23,660,9,50,9,546,34,154,917,936,68,380,13,187,9,1020,266,60,66,92,54,297,27,46,106
2020-06-24,1034,359,2258,31,42,31,36,2438,174,0,104,2,69,4,93,18,553,14,32,125,196,40,31,182,792,2710,48,139,4,6,803,51,73,1,130,123,54,13588,69,57,417,15,107,53,46,461,235,233,7,45,118,81,55,350,41,276,410,901,2463,230,3,163,165,247,24,96,37,12,9,10,3683,111,30,116,43,1370,416,70,5,237,15,116,18,50,463,771,270,28,4,106,141,264,39,211,88,16,426,71,176,215,7038,39,11,19,295,2071,200,359,24,663,9,50,9,547,34,155,924,949,68,385,14,191,11,1038,266,60,67,92,54,300,27,46,106
2020-06-25,1037,367,2271,31,42,32,37,2445,178,0,106,2,69,4,96,18,555,14,34,126,200,39,30,193,800,2735,47,142,3,6,803,51,73,1,129,124,54,13611,69,57,415,14,107,53,46,464,236,238,8,46,118,81,57,351,41,281,412,907,2500,232,3,163,168,248,24,96,38,12,9,10,3739,112,30,122,43,1374,417,70,5,238,15,116,18,52,466,795,269,28,4,107,142,266,39,212,95,16,442,74,178,222,7064,39,11,20,295,2089,200,359,27,674,9,50,9,552,35,155,931,954,68,389,14,193,13,1053,269,60,70,92,55,301,27,48,106
2020-06-26,1037,374,2287,31,42,35,38,2449,179,0,107,2,69,4,96,18,555,14,41,128,198,39,30,196,846,2784,48,142,3,6,806,51,77,1,131,127,56,13653,69,56,416,15,109,54,46,465,238,243,8,47,118,84,57,352,42,296,415,913,2543,237,3,163,169,251,23,98,40,10,9,10,3806,114,29,132,43,1379,419,70,5,238,15,122,18,55,474,822,269,38,4,107,143,266,40,219,102,17,449,75,178,227,7107,39,11,20,296,2133,199,360,28,685,9,50,9,552,33,155,945,965,68,393,14,194,13,1082,269,62,73,93,55,302,27,47,108
2020-06-27,1039,382,2303,31,42,35,38,2454,179,0,107,2,69,4,99,31,556,14,41,128,203,39,30,200,854,2842,49,143,3,6,807,50,79,3,141,133,56,13728,70,56,417,15,109,60,47,479,239,244,8,44,118,84,60,355,49,305,416,925,2560,243,3,169,177,252,23,97,40,10,9,10,3890,117,30,132,43,1382,422,70,5,240,15,126,18,57,490,842,269,38,4,109,145,267,41,221,107,19,455,77,182,228,7166,39,11,20,296,2159,200,363,29,701,9,51,9,558,33,155,975,974,68,397,14,195,15,1092,278,63,74,100,55,310,27,47,110
2020-06-28,1039,393,2312,31,42,35,39,2464,183,0,109,2,73,4,102,31,556,14,43,128,206,39,30,209,879,2856,49,143,3,6,808,50,80,3,141,133,56,13778,70,56,417,16,109,66,47,488,246,252,13,45,119,84,65,355,49,310,420,933,2579,249,3,169,177,254,23,97,42,11,9,10,3932,118,30,134,43,1387,428,72,5,240,15,136,18,57,500,855,269,38,4,109,145,267,42,221,108,19,459,77,182,229,7204,39,11,20,296,2184,206,368,30,707,9,51,10,558,35,155,981,983,68,398,14,195,15,1123,285,63,77,104,55,311,27,49,114
2020-06-29,1039,394,2317,31,44,35,39,2466,183,0,114,2,86,4,102,31,556,14,44,128,209,40,31,211,887,2869,49,143,3,7,808,50,82,4,140,133,57,13840,70,56,417,17,110,72,50,491,247,253,14,48,119,84,65,354,50,316,423,936,2584,250,3,169,178,258,23,97,42,11,9,10,3968,118,31,139,43,1385,427,74,5,240,15,143,18,57,513,889,269,39,4,110,146,267,42,226,117,19,471,79,186,235,7210,45,11,20,296,2195,234,403,30,713,11,59,10,559,36,155,985,985,72,403,14,195,15,1145,285,63,81,105,56,314,27,49,115
2020-06-30,1042,401,2325,31,44,36,40,2479,185,0,118,2,121,4,103,31,556,15,45,128,214,39,31,212,895,2897,49,143,5,7,808,51,86,4,142,136,58,13850,70,56,420,17,110,88,51,493,246,253,15,49,119,84,67,359,53,328,429,939,2591,260,3,174,179,263,23,97,42,11,11,10,4000,118,31,147,43,1397,431,78,6,240,15,145,18,57,523,915,269,37,4,111,149,269,46,234,122,19,482,82,187,238,7285,45,11,20,298,2209,254,439,30,720,12,68,10,562,36,156,993,988,73,414,15,194,15,1176,284,64,82,108,60,317,28,50,115
2020-07-01,1043,407,2325,33,44,36,40,2484,184,0,119,2,123,4,106,31,559,16,45,125,221,39,32,216,925,2914,51,144,5,7,811,52,87,4,142,137,59,13864,70,52,420,18,112,91,52,505,249,256,15,49,120,86,66,361,54,336,429,937,2603,264,3,176,181,265,23,97,42,11,11,10,4047,119,34,145,43,1414,430,78,6,242,15,147,18,57,535,934,269,37,4,111,150,275,47,239,122,19,497,82,191,239,7331,46,12,20,298,2213,253,438,31,720,12,69,10,567,39,157,994,990,74,420,16,200,15,1203,290,64,84,108,61,326,28,53,115
2020-07-02,1042,412,2327,33,44,36,41,2496,189,0,125,2,125,4,107,31,560,16,45,128,224,39,32,218,959,2939,54,145,5,7,812,52,89,5,143,140,59,13886,71,53,421,18,114,92,51,512,250,261,17,49,121,87,67,366,57,339,435,941,2615,273,3,182,181,268,24,99,42,11,12,11,4083,119,36,146,43,1417,431,80,6,246,15,149,18,57,541,987,271,37,4,112,152,278,47,249,123,19,513,82,194,238,7390,46,13,20,298,2227,260,436,32,730,13,70,10,582,40,160,1001,1000,74,425,16,205,16,1225,292,65,86,108,61,330,28,53,116
2020-07-03,1042,420,2338,34,45,37,43,2500,190,0,131,2,133,5,107,31,566,16,48,128,225,41,33,220,972,2974,54,145,5,7,814,57,91,5,148,141,59,13965,70,54,427,19,116,92,52,517,254,263,17,49,126,87,67,366,59,354,442,957,2629,280,3,184,186,270,24,99,42,11,12,11,4113,119,37,159,43,1430,434,81,6,248,15,154,18,60,549,1000,271,36,4,114,152,281,48,256,132,19,526,84,213,243,7442,48,14,21,298,2248,274,465,32,739,13,78,10,584,42,162,1010,998,74,441,16,208,16,1254,294,65,89,108,61,330,29,54,120
2020-07-04,1043,456,2357,35,45,37,43,2519,192,0,137,2,133,5,109,31,566,15,51,128,227,40,33,230,1003,2972,55,145,5,8,817,57,93,5,148,141,59,14072,71,54,431,20,120,92,53,518,255,265,18,49,126,88,72,368,63,360,443,963,2663,284,3,185,190,279,24,100,43,11,12,13,4175,127,37,162,43,1435,435,82,6,248,15,155,20,60,568,1067,271,36,4,114,153,281,48,271,134,19,539,84,213,244,7484,48,14,22,298,2262,278,476,33,743,14,78,10,587,42,163,1027,1008,77,443,17,209,16,1300,295,66,91,108,64,332,30,54,124
2020-07-05,1044,460,2376,35,45,37,43,2533,193,0,137,2,134,5,112,33,566,15,51,129,232,41,33,237,1015,3015,56,148,5,8,822,57,99,5,148,143,59,14153,71,55,442,20,120,96,54,521,255,272,18,50,127,89,73,368,63,369,447,966,2681,288,3,186,193,293,24,100,44,11,15,13,4207,130,37,162,44,1451,444,86,6,248,15,158,20,60,584,1072,272,37,4,114,153,283,48,275,137,19,549,84,213,244,7570,48,14,23,299,2276,283,479,33,746,14,78,11,598,42,163,1036,1011,79,451,17,209,16,1350,297,67,92,116,72,334,30,56,129
2020-07-06,1044,467,2380,36,45,38,43,2533,194,0,140,2,139,5,113,33,571,15,51,129,233,41,33,237,1026,3026,57,150,5,8,823,57,99,5,151,143,59,14205,71,55,446,21,121,104,55,520,255,276,18,50,127,90,75,368,65,376,449,966,2685,293,3,188,194,297,24,100,44,11,16,13,4216,131,39,164,45,1452,445,87,6,249,15,163,21,60,592,1105,272,37,4,114,153,285,48,290,137,19,549,84,214,245,7582,48,14,26,299,2288,287,492,33,744,14,80,11,598,42,163,1038,1012,80,457,17,210,17,1392,299,67,94,116,74,334,32,58,131
2020-07-07,1042,472,2399,38,46,38,44,2550,200,0,140,2,145,5,116,34,570,16,53,129,235,41,33,239,1046,3059,58,151,5,9,829,58,99,5,152,145,59,14191,72,54,450,21,123,104,58,524,260,281,18,53,128,91,76,367,68,390,452,967,2708,301,3,191,199,306,24,100,47,11,16,13,4252,132,39,169,46,1458,447,98,6,249,15,167,21,62,613,1162,272,37,4,114,154,290,48,311,139,19,572,86,216,246,7638,48,14,30,300,2301,292,502,33,751,14,83,11,600,42,165,1048,1022,81,470,17,211,22,1455,300,68,102,118,75,334,32,57,131
2020-07-08,1042,498,2408,39,48,38,44,2558,201,1,140,2,148,7,117,36,571,16,54,131,239,41,33,241,1088,3078,59,151,5,9,831,59,101,5,154,145,59,14253,72,54,455,20,125,104,61,529,263,282,18,52,128,91,76,370,70,409,456,972,2721,315,3,191,204,313,25,99,47,11,15,13,4282,133,39,169,46,1464,449,101,6,250,15,170,22,62,634,1194,272,37,4,115,154,293,48,313,146,19,593,86,219,254,7664,48,15,31,299,2321,296,525,33,758,15,83,11,601,42,166,1053,1029,84,487,17,212,23,1520,302,70,113,118,77,334,33,57,135
2020-07-09,1042,512,2419,39,49,38,44,2567,200,1,142,2,150,8,116,38,572,15,54,132,241,41,33,251,1117,3108,58,151,5,9,837,59,102,5,154,147,64,14284,72,53,460,20,126,106,66,534,264,282,18,64,129,91,78,373,73,424,459,975,2725,330,3,192,209,323,26,102,54,12,15,12,4319,134,39,169,46,1464,451,104,7,252,15,172,22,62,659,1289,272,37,4,114,155,295,48,314,146,20,605,86,234,254,7687,48,16,31,304,2333,301,542,33,763,15,84,11,604,42,168,1060,1038,85,504,17,210,23,1547,303,74,114,124,78,334,34,57,140
2020-07-10,1042,520,2439,39,49,38,46,2582,204,1,144,3,151,10,123,39,574,18,56,135,244,41,35,260,1162,3135,58,152,5,9,841,59,104,5,154,147,63,14356,72,51,471,20,128,105,69,536,264,283,18,65,129,91,80,374,76,454,467,976,2784,339,3,193,215,332,26,104,54,12,17,13,4349,134,40,177,46,1472,455,107,7,253,16,177,22,63,679,1360,273,38,4,117,158,296,48,320,148,20,627,87,236,255,7742,51,16,31,308,2361,309,552,32,771,18,87,11,606,43,170,1077,1048,90,526,17,211,24,1663,304,76,117,171,78,336,36,57,144
2020-07-11,1042,533,2453,40,49,40,47,2597,205,1,156,3,152,12,127,39,576,18,63,137,245,41,36,270,1204,3169,60,156,5,9,852,59,113,5,154,146,63,14403,72,53,476,20,130,106,70,543,277,287,18,67,129,91,80,375,80,469,469,978,2822,350,3,198,222,336,26,105,54,13,17,16,4373,135,40,187,47,1482,457,112,7,257,17,182,25,68,693,1448,274,40,4,120,159,298,48,331,159,20,662,91,237,258,7769,51,16,32,311,2386,311,557,34,778,21,87,11,609,43,173,1076,1056,95,535,18,211,26,1759,308,80,121,183,78,340,38,57,149
2020-07-12,1042,552,2455,52,50,40,47,2615,208,1,162,3,155,13,130,39,577,21,65,140,249,41,36,276,1253,3189,60,157,5,9,853,59,135,6,156,146,63,14482,72,53,492,20,134,106,75,551,279,288,18,67,130,92,84,376,83,488,476,979,2860,350,3,201,224,341,27,105,54,13,19,17,4407,137,41,191,47,1485,458,112,7,257,17,191,25,73,719,1548,274,40,4,120,160,299,48,332,171,20,686,92,237,262,7809,51,16,32,311,2415,324,582,35,782,23,95,14,611,43,181,1082,1060,95,554,18,212,28,1821,312,87,123,183,78,354,41,59,160
2020-07-13,1041,563,2456,52,51,40,48,2626,213,1,167,3,156,13,138,42,577,23,66,142,251,41,38,285,1326,3216,61,158,5,9,857,61,138,6,156,146,64,14556,73,53,497,24,138,106,77,553,285,289,18,69,131,92,87,381,87,544,483,988,2891,350,3,209,226,361,28,105,56,16,20,19,4431,138,41,194,48,1493,462,112,7,262,17,197,25,74,815,1588,274,47,4,120,161,302,48,335,173,22,714,92,238,265,7847,53,17,32,312,2432,328,588,35,795,23,96,16,615,45,184,1083,1065,98,573,19,214,30,1978,313,88,125,183,82,356,40,59,168
2020-07-14,1045,578,2465,52,53,40,48,2660,213,1,170,3,160,14,143,46,577,22,70,145,255,41,38,310,1379,3278,61,161,5,9,863,61,138,6,160,146,66,14574,74,53,497,25,139,114,78,558,287,290,18,76,131,93,87,382,89,568,486,992,2925,363,3,210,237,378,30,104,58,20,22,19,4458,138,42,193,49,1494,461,117,7,263,17,199,25,76,856,1606,274,47,4,124,165,303,52,338,175,23,761,97,238,265,7890,55,18,32,310,2457,341,611,36,799,26,101,16,616,45,186,1088,1075,99,612,21,216,33,1993,314,89,126,185,85,357,47,59,176
2020-07-15,1045,583,2486,53,55,42,48,2677,218,1,174,3,161,14,143,48,577,25,71,147,263,42,38,318,1441,3324,61,163,5,9,872,61,148,7,162,146,66,14653,74,54,498,25,139,115,80,565,288,292,18,79,135,95,88,384,89,592,491,996,2947,381,3,212,240,388,31,105,59,22,26,21,4519,143,42,200,48,1497,463,123,7,267,18,201,27,76,900,1742,275,47,4,135,167,310,52,348,187,23,794,100,238,276,7947,55,18,33,309,2473,342,612,41,803,26,100,17,619,46,186,1094,1085,106,633,21,219,34,2137,317,90,129,186,87,361,48,62,180
2020-07-16,1045,583,2507,54,56,43,48,2691,219,2,176,5,164,15,143,51,578,25,70,151,267,42,39,318,1509,3359,61,163,5,10,873,60,151,8,163,148,68,14687,74,54,503,25,139,117,83,570,288,296,18,80,135,97,88,386,97,607,504,999,2964,387,3,216,245,390,31,106,61,22,26,20,4557,143,43,205,49,1499,464,128,7,269,18,204,27,76,940,1888,276,47,4,136,168,309,53,352,190,23,827,100,238,277,7978,56,19,33,309,2498,349,617,41,808,27,107,20,633,49,193,1108,1096,108,647,21,227,35,2272,318,95,133,186,88,361,49,64,181
2020-07-17,1048,593,2523,54,59,45,48,2704,221,2,177,5,165,15,146,52,579,26,73,154,268,42,39,333,1560,3402,61,163,6,10,885,60,157,9,164,148,67,14731,73,54,511,27,142,117,83,575,290,296,18,86,138,99,92,386,97,625,508,1001,2987,391,3,224,251,396,31,107,60,22,27,23,4576,147,42,221,51,1511,468,129,7,271,18,207,28,84,984,2020,277,49,4,142,171,312,54,353,197,24,872,102,239,280,8034,57,20,35,311,2521,350,622,42,814,28,109,20,637,63,195,1124,1101,112,676,21,229,36,2396,322,100,137,184,91,366,51,64,191
2020-07-18,1051,608,2540,54,59,49,49,2726,225,2,178,5,165,18,150,54,579,29,74,157,275,43,39,341,1612,3427,61,163,6,11,890,60,169,9,166,151,68,14798,73,54,522,27,145,117,87,582,294,299,18,88,138,100,92,387,98,645,511,1004,3005,393,3,225,259,402,32,107,60,23,32,23,4596,149,42,226,52,1521,470,132,7,273,18,211,28,84,1029,2134,278,50,4,143,174,314,57,359,204,25,925,102,239,283,8104,59,20,35,311,2541,350,621,46,818,28,108,25,644,69,200,1136,1112,116,701,22,233,39,2464,326,104,142,185,91,371,52,65,200
2020-07-19,1052,616,2547,55,60,52,49,2733,226,2,181,5,165,21,154,53,582,29,77,157,279,43,39,343,1685,3447,61,163,7,11,895,60,188,10,167,151,69,14878,73,54,528,28,145,117,89,588,296,300,18,93,139,103,93,387,102,701,514,1006,3037,393,3,228,265,437,32,108,62,23,32,23,4647,151,42,236,51,1527,472,132,8,277,18,216,28,88,1151,2155,278,52,4,142,176,316,57,369,217,26,966,103,239,288,8152,60,21,36,311,2563,355,637,46,817,29,111,25,645,69,201,1148,1119,116,725,25,234,43,2610,326,111,142,187,94,374,52,69,216
2020-07-20,1053,628,2559,55,60,60,54,2737,229,2,191,5,166,23,157,54,584,29,80,157,279,43,39,361,1758,3472,64,164,7,11,900,60,196,10,168,151,71,14934,73,55,530,28,146,117,93,597,296,304,18,99,139,104,96,388,105,723,518,1009,3058,393,3,231,277,452,32,108,63,23,35,23,4670,155,43,251,51,1530,473,132,10,280,20,220,28,90,1206,2214,279,55,5,150,179,317,57,370,232,27,1009,103,241,291,8190,61,21,34,313,2588,363,659,47,829,30,113,25,650,73,204,1154,1128,117,757,26,235,45,2720,334,112,142,187,94,377,54,72,226
