"","Alameda","Alpine","Amador","Butte","Calaveras","Colusa","Contra Costa","Del Norte","El Dorado","Fresno","Glenn","Humboldt","Imperial","Inyo","Kern","Kings","Lake","Lassen","Los Angeles","Madera","Marin","Mariposa","Mendocino","Merced","Modoc","Mono","Monterey","Napa","Nevada","Orange","Placer","Plumas","Riverside","Sacramento","San Benito","San Bernardino","San Diego","San Francisco","San Joaquin","San Luis Obispo","San Mateo","Santa Barbara","Santa Clara","Santa Cruz","Shasta","Sierra","Siskiyou","Solano","Sonoma","Stanislaus","Sutter","Tehama","Trinity","Tulare","Tuolumne","Ventura","Yolo","Yuba"
"Alameda",0,814.973,184.192,471.194,178.261,190.703,49.917,584.513,197.78,277.679,240.807,448.162,921.677,518.955,436.197,421.191,327.384,388.922,591.931,240.758,42.368,246.043,261.512,187.384,572.76,362.634,174.544,75.939,687.505,643.434,189.835,395.787,674.939,137.794,187.882,676.222,784.632,24.452,259.071,357.165,43.906,506.991,64.181,109.116,355.917,63.141,499.501,73.06,83.988,215.305,195.35,284.041,483.662,351.686,206.048,550.959,137.544,175.329
"Alpine",814.659,0,838.435,1281.726,796.361,943.284,825.89,1395.045,865.807,572.821,993.388,1258.694,142.786,525.37,410.382,668.606,1079.965,1141.503,223.787,608.503,852.9,695.997,1072.044,662.805,1192.116,708.813,736.795,870.337,198.824,177.252,893.341,964.526,182.845,840.472,648.593,195.653,45.766,836.235,580.35,531.826,815.123,381.11,777.912,779.79,1108.498,768.355,1252.082,856.459,881.628,792.522,916.888,1036.622,1236.243,500.996,772.282,337.145,877.007,897.218
"Amador",184.727,839.592,0,555.135,25.079,181.976,156.216,677.859,42.91,267.481,232.08,541.427,946.296,444.855,442.331,410.993,318.657,380.195,616.55,230.56,208.524,150.876,401.637,177.186,491.544,264.602,302.158,172.482,712.124,668.053,96.457,263.954,699.558,77.287,294.782,700.841,809.251,206.303,283.69,470.509,199.794,620.335,193.146,238.081,347.19,188.833,490.774,143.146,183.773,67.316,155.58,275.314,474.935,341.488,87.65,628.955,115.699,135.91
"Butte",471.221,1282.308,554.9,0,585.933,390.815,473.764,126.696,540.748,745.014,355.385,24.16,1389.012,927.551,903.532,888.526,255.751,327.892,1059.266,708.093,430.756,713.378,252.837,654.719,449.789,747.298,643.347,435.943,1154.84,1110.769,524.276,502.837,1142.274,478.73,656.685,1143.557,1251.967,458.75,726.406,825.968,491.423,975.794,532.984,577.919,208.048,531.944,303.413,473.034,418.095,628.17,419.792,288.1,229.353,819.021,673.383,1019.762,440.022,417.099
"Calaveras",178.691,799.451,25.063,585.555,0,212.396,161.117,708.279,67.685,227.555,262.5,571.847,906.155,390.143,402.405,371.067,349.077,410.615,576.409,190.634,216.932,125.797,401.569,134.623,516.527,231.454,296.122,172.414,671.983,627.912,156.942,288.937,659.417,107.707,288.746,660.7,769.11,200.267,242.047,464.473,193.758,614.299,187.11,232.045,377.61,182.797,521.194,142.044,183.705,42.237,186,305.734,505.355,301.562,62.571,588.814,146.119,166.33
"Colusa",191.167,944.723,182.843,390.829,213.876,0,154.093,513.553,168.691,378.33,39.442,382.533,1051.427,609.15,553.18,521.842,154.351,215.889,721.681,341.409,187.44,346.694,233.386,288.035,399.727,428.897,353.111,151.398,817.255,773.184,118.697,282.927,804.689,106.673,366.449,805.972,914.382,193.338,388.821,535.732,224.275,685.558,244.099,289.034,182.884,239.786,326.468,122.062,162.689,256.113,29.001,111.008,310.629,452.337,291.352,734.086,67.965,44.961
"Contra Costa",49.735,826.289,156.906,473.12,161.806,153.652,0,586.439,160.729,288.995,203.756,450.088,932.993,530.271,447.513,432.507,290.333,351.871,603.247,252.074,53.537,257.359,263.438,198.7,535.709,373.95,204.102,49.887,698.821,654.75,152.784,358.736,686.255,100.743,217.44,687.538,795.948,56.611,270.387,386.723,90.408,536.549,95.09,140.025,318.866,90.777,462.45,36.009,61.178,195.46,158.299,246.99,446.611,363.002,217.364,580.517,100.493,138.278
"Del Norte",584.577,1395.664,677.978,127.263,709.011,513.893,587.12,0,663.826,858.37,478.463,137.516,1502.368,1059.582,1016.888,1001.882,378.829,450.97,1172.622,821.449,544.112,826.734,366.193,768.075,447.77,879.329,756.703,549.299,1268.196,1224.125,647.354,634.868,1255.63,601.808,770.041,1256.913,1365.323,572.106,839.762,939.324,604.779,1089.15,646.34,691.275,331.126,645.3,259.683,586.39,531.451,751.248,542.87,411.178,351.047,932.377,786.739,1133.118,563.1,540.177
"El Dorado",198.139,866.968,43.028,541.023,67.819,167.864,161.065,663.747,0,294.857,217.968,527.315,973.672,443.725,469.707,438.369,304.545,366.083,643.926,257.936,194.412,193.616,387.525,204.562,482.456,263.472,360.083,158.37,739.5,695.429,49.829,254.866,726.934,63.175,322.158,728.217,836.627,200.31,311.066,497.885,231.247,647.711,251.071,296.006,333.078,246.758,476.662,129.034,169.661,110.056,141.468,261.202,460.823,368.864,130.39,656.331,101.587,121.798
"Fresno",278.131,573.755,266.987,745.198,225.055,377.347,289.362,858.517,294.359,0,427.451,722.166,680.459,471.785,176.709,146.503,514.028,575.566,350.713,37.197,316.372,124.691,535.516,91.499,755.435,273.062,247.338,333.809,446.287,402.216,321.893,527.845,433.721,272.658,205.445,435.004,543.414,299.707,50.338,221.149,293.198,407.083,249.804,251.682,542.561,240.247,686.145,287.706,345.1,221.216,350.951,470.685,670.306,75.866,200.976,363.118,311.07,331.281
"Glenn",241.099,994.655,232.775,361.238,263.808,39.459,204.025,483.962,218.623,428.262,0,347.692,1101.359,659.082,603.112,571.774,124.76,157.679,771.613,391.341,237.372,396.626,278.881,337.967,370.136,478.829,403.043,201.33,867.187,823.116,157.685,251.571,854.621,156.605,416.381,855.904,964.314,243.27,438.753,585.664,274.207,735.49,294.031,338.966,153.293,289.718,296.877,171.994,212.621,306.045,68.436,65.08,281.038,502.269,341.284,784.018,117.897,84.396
"Humboldt",448.167,1259.254,542.05,24.048,573.083,383.314,450.71,137.424,527.898,721.96,342.285,0,1365.958,963.236,880.478,865.472,275.614,347.755,1036.212,685.039,407.702,690.324,229.783,631.665,469.652,788.104,620.293,412.889,1131.786,1087.715,511.426,522.7,1119.22,465.88,633.631,1120.503,1228.913,435.696,703.352,802.914,468.369,952.74,509.93,554.865,227.911,508.89,323.276,449.98,395.041,659.586,411.875,275,249.216,795.967,650.329,996.708,427.172,427.835
"Imperial",923.078,143.437,946.854,1390.145,904.78,1051.703,934.309,1503.464,974.226,681.24,1101.807,1367.113,0,579.729,518.801,777.025,1188.384,1249.922,335.289,716.922,961.319,804.416,1180.463,771.224,1246.475,763.172,845.214,978.756,237.981,319.875,1001.76,1018.885,250.147,948.891,757.012,250.432,188.389,944.654,688.769,638.533,923.542,487.817,886.331,888.209,1216.917,876.774,1360.501,964.878,990.047,900.941,1025.307,1145.041,1344.662,609.415,880.701,443.852,985.426,1005.637
"Inyo",518.26,527.16,444.96,927.272,390.226,608.091,517.8,1059.53,443.036,471.247,658.195,962.295,581.29,0,294.343,567.032,744.772,645.627,362.232,506.929,556.501,338.978,775.645,398.945,666.828,183.525,652.204,598.597,345.52,394.293,476.277,439.238,348.792,503.402,564.002,331.986,503.028,539.836,500.181,517.213,533.327,466.468,526.679,571.614,719.327,522.366,800.146,513.783,609.888,389.413,581.695,701.429,835.55,399.422,359.309,422.503,541.814,562.025
"Kern",437.578,407.239,441.422,904.645,399.49,551.782,448.809,1017.964,468.794,175.95,601.886,881.613,513.943,294.813,0,271.735,688.463,750.001,184.197,211.632,475.819,299.126,694.963,265.934,929.87,478.256,359.714,493.256,279.771,235.7,496.328,702.28,267.205,447.093,271.512,268.488,376.898,459.154,204.884,224.723,438.042,240.567,400.831,402.709,716.996,391.274,860.58,479.378,504.547,395.651,525.386,645.12,844.741,104.125,375.411,196.602,485.505,505.716
"Kings",420.891,670.11,409.747,887.958,367.815,520.107,432.122,1001.277,437.119,145.95,570.211,864.926,776.814,568.14,273.064,0,656.788,718.326,447.068,179.957,459.132,267.451,678.276,234.259,898.195,411.996,390.098,476.569,542.642,498.571,464.653,670.605,530.076,415.418,345.818,531.359,639.769,442.467,195.444,366.255,435.958,503.438,392.564,394.442,685.321,383.007,828.905,430.466,487.86,363.976,493.711,613.445,813.066,172.221,343.736,459.473,453.83,474.041
"Lake",327.412,1080.968,319.088,255.566,350.121,155.003,290.338,378.29,304.936,514.575,119.573,275.754,1187.672,745.395,689.425,658.087,0,124.988,857.926,477.654,323.685,482.939,365.194,424.28,264.464,565.142,489.356,287.643,953.5,909.429,288.464,296.399,940.934,242.918,502.694,942.217,1050.627,329.583,525.066,671.977,360.52,821.803,380.344,425.279,47.621,376.031,191.205,258.307,298.934,392.358,183.98,52.288,175.366,588.582,427.597,870.331,204.21,181.287
"Lassen",388.919,1142.475,380.595,327.562,411.628,216.51,351.845,450.286,366.443,576.082,157.681,347.75,1249.179,645.549,750.932,719.594,124.183,0,919.433,539.161,385.192,544.446,426.701,485.787,229.08,465.296,550.863,349.15,1015.007,970.936,277.694,220.835,1002.441,304.425,564.201,1003.724,1112.134,391.09,586.573,733.484,422.027,883.31,441.851,486.786,119.617,437.538,243.756,319.814,360.441,453.865,202.625,111.907,247.362,650.089,489.104,931.838,265.717,209.42
"Los Angeles",592.001,223.762,615.777,1059.068,573.703,720.626,603.232,1172.387,643.149,350.163,770.73,1036.036,334.87,361.766,187.724,445.948,857.307,918.845,0,385.845,630.242,473.339,849.386,440.147,1104.225,545.209,514.137,647.679,99.1,52.223,670.683,876.635,86.748,617.814,425.935,95.707,193.421,613.577,357.692,304.039,592.465,153.323,555.254,557.132,885.84,545.697,1029.424,633.801,658.97,569.864,694.23,813.964,1013.585,278.338,549.624,109.358,654.349,674.56
"Madera",241.159,609.277,230.015,708.226,188.083,340.375,252.39,821.545,257.387,37.381,390.479,685.194,715.981,507.307,212.231,180.893,477.056,538.594,386.235,0,279.4,87.719,498.544,54.527,718.463,270.274,210.366,296.837,481.809,437.738,284.921,490.873,469.243,235.686,201.337,470.526,578.936,262.735,51.873,256.667,256.226,442.605,212.832,214.71,505.589,203.275,649.173,250.734,308.128,184.244,313.979,433.713,633.334,111.388,164.004,398.64,274.098,294.309
"Marin",42.325,853.412,208.391,431.03,216.7,187.162,49.361,544.349,194.239,316.118,237.266,407.998,960.116,557.394,474.636,459.63,323.843,385.381,630.37,279.197,0,284.532,221.165,225.827,569.036,401.012,214.428,56.947,725.972,681.855,186.104,392.322,715.14,134.07,227.793,714.664,823.089,28.959,297.514,397.073,62.531,546.902,104.049,148.982,352.2,103.026,495.729,69.336,43.645,253.664,191.571,280.317,477.41,390.134,244.53,590.922,133.703,171.855
"Mariposa",246.552,697.709,150.841,713.619,125.778,345.768,257.783,826.938,193.463,125.813,395.872,690.587,804.413,338.876,300.663,269.325,482.449,543.987,474.667,88.892,284.838,0,503.983,60.013,723.901,182.444,248.984,302.2,570.311,526.194,290.353,496.571,559.479,241.125,239.982,559.003,667.428,268.187,140.331,345.142,261.665,530.804,254.974,253.31,511.035,250.678,654.564,255.947,313.571,124.835,319.363,439.152,636.245,199.871,104.718,487.17,279.42,299.998
"Mendocino",260.849,1071.936,401.534,252.686,401.945,233.844,263.392,366.005,387.382,534.642,279.328,229.654,1178.64,775.918,693.16,678.154,365.905,427.443,848.894,497.721,220.383,503.052,0,444.347,611.513,647.523,432.948,225.495,944.492,900.375,379.43,585.648,933.66,327.396,446.313,933.184,1041.609,247.479,516.034,615.593,281.051,765.422,322.569,367.502,394.677,321.546,538.206,262.662,207.727,472.184,262.582,322.794,475.558,608.654,463.05,809.442,277.818,278.596
"Merced",189.234,663.464,178.09,656.301,134.677,288.45,200.465,769.62,205.462,91.568,338.554,633.269,770.168,398.865,266.418,235.08,425.131,486.669,440.422,54.647,227.474,60.035,446.619,0,666.537,242.479,191.619,244.836,536.02,491.903,232.989,439.207,525.188,183.761,182.617,524.712,633.137,210.823,106.04,310.851,204.301,496.513,197.61,195.945,453.671,193.314,597.2,198.583,256.207,130.754,261.999,381.788,578.881,165.58,110.637,452.879,222.056,242.634
"Modoc",572.898,1193.994,491.688,447.493,516.687,400.489,535.824,451.794,483.416,755.382,365.059,467.681,1248.124,666.916,930.232,898.894,265.425,229.218,1104.451,718.461,569.174,723.791,610.684,665.086,0,486.597,734.819,533.057,1012.377,1155.931,433.976,242.46,1015.622,487.136,748.184,998.818,1169.677,575.086,771.59,917.464,606.01,1067.293,625.791,670.724,239.559,621.495,262.032,503.797,544.428,507.206,406.506,297.778,298.592,829.393,548.47,1116.907,449.584,413.355
"Mono",361.815,710.525,264.613,746.925,231.005,427.744,361.355,879.183,262.689,268.204,477.848,787.195,764.655,183.447,477.708,408.044,564.425,465.28,545.597,271.425,399.99,182.422,647.34,242.435,486.415,0,431.406,418.109,528.844,577.571,295.871,259.085,532.089,322.99,422.404,515.285,686.144,383.339,322.753,488.441,376.817,649.489,370.126,415.059,538.922,365.83,619.686,388.849,429.48,221.705,401.228,521.017,652.61,343.166,178.86,605.855,361.285,381.863
"Monterey",175.002,737.478,301.903,643.556,295.972,352.826,204.614,756.875,359.903,247.983,402.93,620.524,844.182,652.767,358.702,391.495,489.507,551.045,514.436,211.062,214.702,249.658,433.847,192.301,734.856,432.102,0,248.958,610.007,565.89,351.924,558.142,599.175,299.89,117.368,598.699,707.124,192.008,220.277,230.126,161.94,379.955,124.686,69.955,518.02,115.146,661.549,235.156,256.327,332.905,357.391,446.137,643.23,321.968,294.521,423.975,299.523,337.675
"Napa",74.295,867.851,169.813,436.526,170.224,148.584,46.646,549.845,155.661,330.557,198.688,413.494,974.555,541.592,489.075,474.069,285.265,346.803,644.809,293.636,57.782,299.042,226.768,240.337,530.716,415.877,245.712,0,740.482,696.365,147.784,354.002,729.65,95.75,259.077,729.174,837.599,76.554,312.024,428.357,107.478,578.186,136.684,181.617,313.88,132.388,457.409,31.016,23.617,219.138,153.251,241.997,439.09,404.644,228.799,622.206,95.383,133.535
"Nevada",685.872,198.613,709.648,1152.939,667.574,814.497,697.103,1266.258,737.02,444.034,864.601,1129.907,237.826,342.943,281.595,539.819,951.178,1012.716,98.083,479.716,724.087,567.231,943.232,533.993,1009.663,526.296,607.956,741.449,0,77.027,764.522,782.333,20.217,711.66,519.781,13.2,174.272,707.436,451.518,401.299,686.311,250.307,649.057,650.933,979.693,639.517,1123.222,727.647,752.82,663.626,788.021,907.81,1104.903,372.189,643.509,206.673,748.078,768.656
"Orange",643.126,177.547,666.902,1110.193,624.828,771.751,654.357,1223.512,694.274,401.288,821.855,1087.161,307.241,412.891,238.849,497.073,908.432,969.97,52.254,436.97,681.344,524.488,900.489,491.25,1155.327,596.247,565.213,698.706,78.689,0,721.779,927.997,58.4,668.917,477.038,75.493,147.198,664.693,408.775,354.653,643.568,203.661,606.314,608.19,936.95,596.774,1080.479,684.904,710.077,620.883,745.278,865.067,1062.16,329.446,600.766,160.027,705.335,725.913
"Placer",190.033,894.516,98.44,524.234,123.231,118.788,152.959,646.958,50.646,322.405,157.711,510.526,1001.22,510.772,497.255,465.917,287.756,277.605,671.474,285.484,186.311,290.821,379.425,232.116,433.925,330.46,351.956,150.194,767.078,722.961,0,206.595,756.246,54.166,349.712,755.77,864.195,192.223,338.62,525.436,223.147,675.265,242.928,287.861,316.302,238.632,459.831,120.934,161.565,165.39,93.512,197.334,441.512,396.423,235.472,683.937,84.687,84.869
"Plumas",395.247,966.231,263.925,502.877,288.924,282.619,358.173,635.135,255.653,527.619,251.327,523.065,1020.361,439.153,702.469,671.131,297.528,221.232,876.688,490.698,391.778,496.288,584.892,437.583,242.691,259.094,557.423,355.661,784.874,928.428,206.473,0,788.119,259.633,555.179,771.315,942.174,397.69,544.087,730.903,428.614,880.732,448.395,493.328,295.198,444.099,375.962,326.401,367.032,279.703,257.596,272.016,408.886,601.89,320.967,889.404,290.154,290.336
"Riverside",675.066,183.822,698.842,1142.133,656.768,803.691,686.297,1255.452,726.214,433.228,853.795,1119.101,250.169,348.161,270.789,529.013,940.372,1001.91,87.218,468.91,713.306,556.45,932.451,523.212,1014.906,531.539,597.175,730.668,21.639,57.894,753.741,787.576,0,700.879,509,18.443,159.506,696.655,440.737,390.518,675.53,239.526,638.276,640.152,968.912,628.736,1112.441,716.866,742.039,652.845,777.24,897.029,1094.122,361.408,632.728,195.892,737.297,757.875
"Sacramento",137.569,841.283,79.404,477.82,110.437,104.661,100.495,600.544,65.252,274.891,154.765,464.112,947.987,505.711,449.741,418.403,241.342,302.88,618.241,237.97,133.84,243.3,326.954,184.595,487.448,325.392,299.485,97.723,713.838,669.721,53.9,260.118,703.006,0,296.472,702.53,810.955,139.752,285.38,472.196,170.676,622.025,190.457,235.39,269.881,186.161,413.41,68.463,109.094,152.589,78.209,197.998,395.091,348.902,187.951,630.697,38.266,58.844
"San Benito",187.448,649.003,294.394,656.002,288.463,365.272,217.06,769.321,321.766,210.861,415.376,632.97,755.707,564.292,270.227,346.376,501.953,563.491,425.961,201.426,227.175,240.049,446.32,182.692,747.329,422.493,116.781,261.431,521.559,477.442,349.293,555.511,510.727,296.431,0,510.251,618.676,204.481,169.91,170.496,174.413,320.325,137.159,121.107,530.493,127.619,674.022,247.629,268.8,325.423,372.792,458.61,655.703,200.756,284.912,364.345,311.996,353.427
"San Bernardino",676.572,196.84,700.348,1143.639,658.274,805.197,687.803,1256.958,727.72,434.734,855.301,1120.607,250.97,331.175,272.295,530.519,941.878,1003.416,96.086,470.416,714.805,557.949,933.95,524.711,997.913,514.546,598.674,732.167,15.217,75.272,755.24,770.583,18.462,702.378,510.499,0,172.517,698.154,442.236,392.017,677.029,241.025,639.775,641.651,970.411,630.235,1113.94,718.365,743.538,654.344,778.739,898.528,1095.621,362.907,634.227,197.391,738.796,759.374
"San Diego",784.765,46.728,808.541,1251.832,766.467,913.39,795.996,1365.151,835.913,542.927,963.494,1228.8,189.272,502.086,380.488,638.712,1050.071,1111.609,193.893,578.609,823.188,666.332,1042.333,633.094,1169.014,685.647,707.057,840.55,175.747,147.519,863.623,941.684,159.741,810.761,618.882,172.551,0,806.537,550.619,502.112,785.412,351.12,748.158,750.034,1078.794,738.618,1222.323,826.748,851.921,762.727,887.122,1006.911,1204.004,471.29,742.61,307.486,847.179,867.757
"San Francisco",24.619,836.984,206.203,457.82,200.272,193.26,57.21,571.139,200.337,299.69,243.364,434.788,943.688,540.966,458.208,443.202,329.941,391.479,613.942,262.769,28.98,268.086,248.125,209.381,575.303,384.566,181.617,78.406,709.526,665.409,192.371,398.589,698.694,140.337,204.15,698.218,806.643,0,281.068,373.43,33.957,523.259,72.707,117.291,358.467,82.859,501.996,75.603,70.605,237.218,197.838,286.584,483.677,373.688,228.084,567.279,139.97,178.122
"San Joaquin",259.206,580.983,282.982,726.273,239.666,387.831,270.437,839.592,310.354,50.169,437.935,703.241,687.687,500.359,205.283,191.242,524.512,586.05,357.941,51.808,297.467,139.348,516.612,106.11,771.45,321.792,219.987,314.829,453.539,409.422,337.902,544.12,442.707,285.04,169.882,442.231,550.656,280.816,0,211.897,259.691,361.726,222.437,224.313,553.073,212.897,696.602,301.027,326.2,235.743,361.401,481.19,678.283,104.445,215.626,370.398,321.458,342.036
"San Luis Obispo",356.326,532.691,469.568,824.88,463.637,534.15,385.938,938.199,496.94,220.354,584.254,801.848,637.869,516.853,222.788,366.067,670.831,732.369,304.859,256.047,396.053,343.587,615.198,310.349,916.207,492.561,229.444,430.309,403.721,355.612,524.467,730.685,392.889,471.605,169.895,392.413,502.364,373.359,211.463,0,343.291,151.888,306.037,264.014,699.371,296.497,842.9,416.507,437.678,439.982,538.742,627.488,824.581,205.356,419.865,195.908,480.874,519.026
"San Mateo",44.041,815.323,199.321,491.825,193.39,224.373,90.646,605.144,231.45,292.808,274.477,468.793,922.027,534.084,436.547,436.32,361.054,422.592,592.281,255.887,62.998,261.218,282.143,202.513,606.43,377.698,151.696,109.533,687.879,643.762,223.498,429.716,677.047,171.464,174.229,676.571,784.996,34.979,259.421,343.509,0,493.338,42.786,87.37,389.594,52.938,533.123,106.73,104.623,230.35,228.965,317.711,514.804,366.82,221.216,537.358,171.097,209.249
"Santa Barbara",506.547,381.123,619.789,975.101,613.858,684.371,536.159,1088.42,647.161,370.575,734.475,952.069,486.301,450.069,244.891,503.115,821.052,882.59,153.291,406.268,546.274,493.808,765.419,460.57,1066.428,633.447,379.665,580.53,252.153,204.044,674.688,880.906,241.321,621.826,320.116,240.845,350.796,523.58,361.684,151.217,493.512,0,456.258,414.235,849.592,446.718,993.121,566.728,587.899,590.203,688.963,777.709,974.802,335.51,570.086,44.34,631.095,669.247
"Santa Clara",64.415,778.019,192.772,532.969,186.841,243.695,95.483,646.288,250.772,249.796,293.799,509.937,884.723,527.535,399.243,393.308,380.376,441.914,554.977,212.875,104.1,254.627,323.245,195.922,625.71,371.107,123.518,139.812,650.533,606.416,242.778,448.996,639.701,190.744,136.883,639.225,747.65,73.144,222.075,306.163,43.076,455.992,0,50.275,408.874,15.592,552.403,126.01,145.725,223.759,248.245,336.991,534.084,323.766,214.625,500.012,190.377,228.529
"Santa Cruz",109.315,779.933,237.672,577.869,231.741,288.595,140.383,691.188,295.672,251.71,338.699,554.837,886.637,572.435,401.157,395.222,425.276,486.814,556.891,214.789,148.997,253.367,368.142,196.01,670.607,416.004,69.058,184.709,652.444,608.327,287.675,493.893,641.612,235.641,121.077,641.136,749.561,118.433,223.986,264.123,88.365,413.952,52.278,0,453.771,57.092,597.3,170.907,190.622,268.656,293.142,381.888,578.981,325.677,259.522,457.972,235.274,273.426
"Shasta",355.176,1108.732,346.852,207.945,377.885,182.767,318.102,330.669,332.7,542.339,147.337,228.133,1215.436,719.503,717.189,685.851,47.703,119.844,885.69,505.418,351.455,510.756,392.965,452.051,241.748,539.192,517.1,315.338,981.295,937.178,316.228,295.055,970.463,269.505,530.465,969.987,1078.412,357.367,552.837,699.745,388.291,849.574,408.072,453.005,0,403.776,168.441,286.078,326.709,420.045,211.696,80.059,125.209,616.358,455.407,898.154,231.865,209.057
"Sierra",63.381,769.543,187.811,531.935,181.88,238.734,90.522,645.254,245.811,241.32,288.838,508.903,876.247,522.574,390.767,384.832,375.415,436.953,546.501,204.399,103.095,249.695,322.24,190.99,620.778,366.175,115.071,134.88,642.086,597.969,237.846,444.064,631.254,185.812,128.436,630.778,739.203,83.476,213.628,297.716,53.408,447.545,16.154,57.607,403.942,0,547.471,121.078,146.251,218.827,243.313,332.059,529.152,315.319,209.693,491.565,185.445,223.597
"Siskiyou",498.945,1252.501,490.621,303.276,521.654,326.536,461.871,260.082,476.469,686.108,291.106,323.464,1359.205,800.411,860.958,829.62,191.472,244.072,1029.459,649.187,495.194,654.495,536.704,595.79,262.231,620.07,660.839,459.077,1125.034,1080.917,459.967,375.933,1114.202,413.244,674.204,1113.726,1222.151,501.106,696.576,843.484,532.03,993.313,551.811,596.744,165.058,547.515,0,429.817,470.448,563.784,355.435,223.798,89.063,760.097,599.146,1041.893,375.604,352.796
"Solano",72.614,856.745,142.284,471.682,142.02,121.055,35.54,585.001,128.132,287.459,171.159,448.65,963.449,513.388,462.309,430.971,257.736,319.274,633.703,250.538,68.886,255.869,262,197.164,503.112,388.273,234.531,32.769,729.301,685.184,120.18,326.398,718.469,68.146,247.896,717.993,826.418,74.798,300.843,417.176,105.722,567.005,125.503,170.436,286.276,121.207,429.805,0,44.14,190.859,125.647,214.393,411.486,361.471,200.52,611.025,67.779,105.931
"Sonoma",84.178,881.549,183.511,417.914,183.922,162.282,60.344,531.233,169.359,344.255,212.386,394.882,988.253,555.29,502.773,487.767,298.963,360.501,658.507,307.334,43.72,312.673,208.24,253.968,544.347,429.508,256.285,22.904,754.113,709.996,161.415,367.633,743.281,109.381,269.65,742.805,851.23,70.816,325.655,438.93,104.388,588.759,145.906,190.839,327.511,146.019,471.04,44.647,0,232.769,166.882,255.628,452.721,418.275,242.43,632.779,109.014,147.166
"Stanislaus",215.749,795.536,67.3,627.792,42.237,254.633,195.263,750.516,109.922,223.64,304.737,659.784,902.24,389.256,398.49,367.152,391.314,452.852,572.494,186.719,253.905,124.78,473.05,130.624,507.049,221.698,333.069,221.456,668.008,623.891,199.088,279.719,657.176,149.86,325.72,656.7,765.125,237.254,238.028,442.839,230.732,628.501,224.041,268.974,419.77,219.745,563.299,190.936,232.827,0,228.098,347.887,544.98,297.568,51.083,584.867,188.155,208.733
"Sutter",195.195,917.464,155.584,419.804,186.617,28.996,158.121,542.528,141.432,351.071,68.417,410.879,1024.168,581.891,525.921,494.583,183.326,203.011,694.422,314.15,191.523,319.537,261.705,260.832,406.843,401.629,357.168,155.406,790.076,745.959,93.431,257.927,779.244,78.286,372.71,778.768,887.193,197.435,361.618,539.813,228.359,689.642,248.14,293.073,211.839,243.844,355.368,126.146,166.777,228.826,0,122.707,337.049,425.139,264.188,706.935,61.578,19.701
"Tehama",284.124,1037.68,275.8,287.934,306.833,111.715,247.05,410.658,261.648,471.287,65.078,274.388,1144.384,702.107,646.137,614.799,51.456,112.028,814.638,434.366,280.396,439.697,321.906,380.992,296.832,521.789,446.041,244.279,910.236,866.119,197.266,272.395,899.404,198.446,459.406,898.928,1007.353,286.308,481.778,628.686,317.232,778.515,337.013,381.946,79.996,332.717,223.525,215.019,255.65,348.986,122.149,0,205.206,545.299,384.348,827.095,160.806,128.998
"Trinity",481.084,1234.64,472.76,227.708,503.793,308.675,444.01,349.532,458.608,668.247,273.245,247.896,1341.344,833.758,843.097,811.759,173.611,245.752,1011.598,631.326,476.699,636,475.916,577.295,298.58,652.783,642.344,440.582,1106.539,1062.422,441.472,408.646,1095.707,394.749,655.709,1095.231,1203.656,482.611,678.081,824.989,513.535,974.818,533.316,578.249,125.243,529.02,89.054,411.322,451.953,545.289,336.94,205.303,0,741.602,580.651,1023.398,357.109,334.301
"Tulare",352.382,501.594,341.238,819.449,299.306,451.598,363.613,932.768,368.61,75.766,501.702,796.417,608.298,399.624,104.548,171.551,588.279,649.817,278.552,111.448,389.925,198.291,609.07,165.053,828.988,347.276,320.865,407.287,374.159,330.042,395.44,601.658,363.327,346.212,200.762,362.851,471.276,373.274,103.983,205.959,366.752,334.652,323.315,325.191,616.122,313.775,759.651,361.034,418.658,294.686,424.45,544.239,741.332,0,274.569,291.018,384.507,405.085
"Tuolumne",205.333,775.444,87.246,672.4,62.183,290.497,204.873,785.719,129.868,203.548,340.601,649.368,882.148,359.196,378.398,347.06,427.178,488.716,552.402,166.627,243.53,104.729,462.675,110.573,548.294,178.841,293.924,231.107,647.957,603.84,234.993,320.964,637.125,185.765,284.922,636.649,745.074,226.879,217.977,422.788,220.357,608.45,213.666,258.599,455.675,209.37,599.204,200.587,242.478,52.905,264.003,383.792,580.885,277.517,0,564.816,224.06,244.638
"Ventura",550.623,337.615,629.436,1019.177,587.362,734.285,580.235,1132.496,656.808,363.822,784.389,996.145,442.793,406.561,201.383,459.607,870.966,932.504,109.783,399.504,590.349,487.074,809.494,453.836,1117.913,589.969,423.74,624.605,208.675,160.566,684.365,890.583,197.843,631.503,364.191,197.367,307.318,567.655,371.361,195.292,537.587,44.3,500.333,458.31,899.536,490.793,1043.065,610.803,631.974,583.469,707.864,827.653,1024.746,292.032,563.352,0,667.921,688.499
"Yolo",137.602,877.943,116.063,440.208,147.096,67.049,100.528,562.932,101.911,311.55,117.153,426.5,984.647,542.37,486.4,455.062,203.73,265.268,654.901,274.629,133.757,279.843,277.237,221.138,448.99,361.935,299.402,97.64,750.382,706.265,85.315,291.533,739.55,38.592,312.767,739.074,847.499,139.669,321.924,482.047,170.593,631.876,190.374,235.307,232.154,186.078,375.683,68.38,109.011,189.132,61.609,160.271,357.364,385.445,224.494,667.241,0,41.893
"Yuba",175.549,898.023,136.143,418.722,167.176,45.248,138.475,541.446,121.991,331.63,84.669,427.131,1004.727,562.45,506.48,475.142,182.244,209.594,674.981,294.709,171.821,300.04,277.733,241.335,413.202,382.132,337.466,135.704,770.579,726.462,84.801,291.019,759.747,58.789,353.213,759.271,867.696,177.733,342.121,520.111,208.657,669.94,228.438,273.371,210.533,224.142,354.062,106.444,147.075,209.329,19.715,129.066,335.743,405.642,244.691,687.438,41.876,0
