"","Adair","Adams","Allamakee","Appanoose","Audubon","Benton","Black Hawk","Boone","Bremer","Buchanan","Buena Vista","Butler","Calhoun","Carroll","Cass","Cedar","Cerro Gordo","Cherokee","Chickasaw","Clarke","Clay","Clayton","Clinton","Crawford","Dallas","Davis","Decatur","Delaware","Des Moines","Dickinson","Dubuque","Emmet","Fayette","Floyd","Franklin","Fremont","Greene","Grundy","Guthrie","Hamilton","Hancock","Hardin","Harrison","Henry","Howard","Humboldt","Ida","Iowa","Jackson","Jasper","Jefferson","Johnson","Jones","Keokuk","Kossuth","Lee","Linn","Louisa","Lucas","Lyon","Madison","Mahaska","Marion","Marshall","Mills","Mitchell","Monona","Monroe","Montgomery","Muscatine","O'Brien","Osceola","Page","Palo Alto","Plymouth","Pocahontas","Polk","Pottawattamie","Poweshiek","Ringgold","Sac","Scott","Shelby","Sioux","Story","Tama","Taylor","Union","Van Buren","Wapello","Warren","Washington","Wayne","Webster","Winnebago","Winneshiek","Woodbury","Worth","Wright"
"Adair",0,210.49,448.415,228.278,47.069,113.713,255.876,125.081,327.025,126.119,164.79,291.576,101.915,82.546,47.551,204.272,284.244,208.046,344.155,139.361,379.417,436.548,409.653,89.543,151.168,267.352,173.786,376.319,90.061,259.699,415.039,244.455,380.463,317.352,338.86,211.85,290.506,221.843,31.797,175.744,72.853,222.5,116.818,280.203,239.999,167.674,158.68,234.01,431.773,98.757,80.897,275.71,100.863,368.353,349.104,94.413,319.241,302.113,168.165,354.797,57.315,189.573,309.112,102.007,147.466,330.629,437.859,135.969,263.012,338.112,252.221,139.361,109.757,140.679,300.131,155.905,249.346,116.555,127.072,125.611,102.287,290.164,70.188,159.382,150.701,202.86,187.949,196.421,297.633,350.39,207.412,274.371,349.888,246.81,289.042,415.49,217.991,121.801,216.838
"Adams",209.699,0,324.517,88.684,260.373,212.076,79.511,179.231,185.221,283.281,44.23,194.95,271.772,260.078,179.872,27.907,295.005,394.711,219.86,130.154,235.822,305.126,266.058,121.394,83.558,92.616,169.147,232.785,121.391,428.306,271.444,412.432,233.806,233.601,164.124,35.485,188.685,125.427,193.067,48.324,280.877,183.157,324.842,423.731,140.41,283.58,330.029,90.415,288.178,264.069,220.458,483.734,154.916,193.617,174.368,106.764,175.646,158.518,106.495,562.821,168.222,13.208,165.517,236.831,355.49,266.479,305.095,62.794,444.896,145.914,437.574,130.154,268.006,53.089,310.892,323.882,72.981,324.579,93.798,201.271,281.329,146.569,278.212,367.406,136.2,76.139,105.056,133.252,122.897,146.262,63.817,93.324,206.293,46.342,299.803,273.158,426.015,165.444,97.941
"Allamakee",447.695,323.981,0,405.809,456.092,513.032,297.567,338.333,124.394,572.578,318.828,148.984,377.691,419.18,413.579,331.153,172.649,398.408,105.514,435.678,156.519,60.561,254.465,406.55,367.842,390.58,470.103,112.384,359.449,354.725,135.66,329.992,70.823,138.408,330.247,331.614,145.541,202.451,426.409,365.449,518.873,242.274,480.83,482.686,459.347,289.282,430.946,214.296,195.517,385.016,379.56,504.558,457.838,359.74,318.834,357.798,185.298,167.215,402.452,487.951,406.218,330.332,168.911,539.753,593.486,133.895,30.109,343.98,362.328,255.413,435.056,435.678,556.216,335.347,156.83,325.493,303.98,562.575,308.274,502.227,391.557,233.791,516.208,506.301,300.919,224.113,243.215,239.598,355.753,293.676,239.186,267.393,162.785,275.145,196.399,31.893,500.73,336.472,415.066
"Appanoose",229.147,89.394,407.034,0,279.821,127.43,118.433,213.615,271.831,198.635,133.402,281.56,306.156,294.462,212.036,74.457,329.389,429.095,306.47,106.002,318.339,387.643,348.575,162.648,92.041,41.254,81.754,315.302,138.311,462.69,353.961,446.816,315.831,362.497,129.025,82.035,335.651,212.037,235.887,54.586,300.325,267.645,344.29,458.115,52.183,317.964,386.152,172.44,370.695,298.453,254.842,503.182,129.8,151.711,185.788,137.683,258.163,241.035,79.83,582.269,178.222,76.185,248.034,168.226,278.115,375.774,387.612,103.614,479.28,234.358,471.958,106.002,193.556,115.189,345.276,358.266,111.903,307.025,144.027,116.625,315.713,234.07,297.66,386.854,195.846,162.749,182.838,197.253,90.47,202.472,145.842,152.743,288.81,127.464,334.187,359.768,445.463,197.608,35.535
"Audubon",47.077,261.198,448.911,278.986,0,162.201,306.584,134.302,327.521,133.632,215.498,292.39,83.175,44.766,55.871,254.98,285.058,158.519,344.969,190.069,430.125,437.044,460.361,140.251,201.876,318.06,224.494,376.815,140.769,212.629,465.747,227.29,380.959,318.166,389.568,262.558,291.32,272.551,40.117,226.452,73.089,222.996,70.724,187.539,290.707,165.873,109.153,284.718,482.481,71.809,89.905,275.946,151.571,419.061,399.812,145.121,369.949,352.821,218.873,355.033,108.023,240.281,359.82,136.95,147.702,331.443,438.355,186.677,215.942,388.82,202.694,190.069,117.27,191.387,300.945,138.74,300.054,116.791,177.78,173.006,64.507,340.872,70.424,107.333,169.739,253.568,238.657,247.129,348.341,401.098,258.12,325.079,400.596,297.518,277.871,416.304,218.227,131.584,267.546
"Benton",113.762,211.658,512.803,127.429,162.311,0,246.751,201.393,391.413,71.204,229.178,355.964,199.943,207.078,136.243,202.756,348.632,318.008,408.543,80.324,443.805,500.936,474.041,124.638,142.334,168.684,45.675,440.707,154.744,358.357,479.427,342.483,444.851,381.74,256.455,210.334,354.894,286.231,120.489,173.043,159.992,286.888,226.78,386.57,111.888,264.881,268.642,298.398,496.161,196.785,169.589,382.077,60.972,279.141,314.106,159.096,383.629,366.501,105.531,461.164,117.07,198.449,373.5,40.795,150.684,395.017,502.247,201.599,378.254,402.5,362.183,80.324,66.125,206.309,364.519,253.933,240.221,179.594,191.46,10.804,226.819,354.552,180.15,265.749,215.089,267.248,252.337,260.809,217.9,330.79,271.8,281.061,414.276,249.728,353.43,479.878,324.358,186.189,116.52
"Black Hawk",256.595,79.512,297.539,118.639,307.269,246.993,0,233.075,249.053,318.198,120.958,264.26,325.616,313.922,233.716,51.603,346.182,448.555,289.17,167.577,208.844,278.148,220.169,174.489,136.653,73.53,204.064,205.807,164.433,482.15,244.466,466.276,237.922,302.911,97.457,44.026,288.495,199.59,263.335,99.662,327.773,242.777,371.738,477.575,170.365,337.424,383.873,93.883,242.289,317.913,274.302,530.63,191.375,126.95,92.56,159.859,148.668,131.54,141.405,609.717,205.67,66.302,138.539,273.29,342.993,335.789,278.117,115.889,498.74,104.444,491.418,167.577,304.465,127.464,349.035,377.726,6.529,371.475,153.418,236.188,335.173,102.359,325.108,414.302,195.82,142.303,189.44,217.636,50.714,82.766,96.647,38.791,179.315,53.963,353.647,295.128,472.911,219.288,127.896
"Boone",124.524,180.108,338.354,215.496,134.291,200.204,234.45,0,216.964,249.407,134.408,181.515,97.343,85.649,80.048,182.846,174.183,217.017,234.094,122.85,272.16,326.487,318.167,93.722,138.386,245.915,157.275,266.258,78.558,250.612,327.197,234.738,270.402,207.291,317.423,190.424,180.445,133.094,92.878,162.962,195.702,112.439,157.176,246.037,215.451,105.881,163.996,168.805,308.958,89.64,46.029,296.677,145.01,346.916,345.166,76.907,218.872,193.832,151.654,389.566,83.006,168.147,200.824,226.925,270.315,220.568,327.798,117.697,267.202,307.73,259.88,122.85,233.045,128.519,190.07,146.188,227.92,239.404,80.167,189.399,106.9,259.782,193.037,193.446,40.35,114.057,99.2,97.084,276.196,320.008,177.03,252.945,242.631,216.428,160.792,305.429,264.081,15.286,199.942
"Bremer",326.115,185.239,124.481,271.139,334.512,391.452,248.817,216.753,0,450.998,180.137,22.562,256.111,297.6,291.999,207.211,103.263,268.746,37.037,314.098,186.351,133.392,259.529,284.97,246.262,259.514,348.523,123.158,237.869,287.326,184.097,271.899,56.343,59.992,281.497,207.672,45.576,80.871,304.829,230.779,397.293,103.773,359.25,361.106,316.521,159.62,309.366,135.957,224.856,263.436,257.98,343.371,336.258,310.99,270.084,236.218,148.684,118.465,280.872,480.306,284.638,195.663,125.32,418.173,471.906,92.87,112.331,201.154,354.683,232.989,321.584,314.098,434.636,196.656,106.116,195.831,255.23,440.995,186.694,380.647,269.977,185.041,394.628,384.721,179.339,109.097,121.635,118.018,307.003,244.926,136.291,218.643,166.236,185.372,155.941,97.389,379.15,214.892,280.396
"Buchanan",126.349,282.863,572.644,198.634,133.649,71.204,317.956,249.31,451.254,0,289.019,415.805,216.825,178.416,173.716,273.961,408.473,283.015,468.384,151.529,503.646,560.777,533.882,175.587,213.539,239.889,116.88,500.548,214.29,346.279,539.268,360.94,504.692,441.581,327.66,281.539,414.735,346.072,157.962,244.248,125.782,346.729,191.787,351.034,183.093,295.158,233.649,358.239,556.002,205.459,207.062,346.541,129.313,350.346,385.311,218.642,443.47,426.342,176.736,425.628,181.544,269.654,433.341,53.102,115.148,454.858,562.088,272.804,349.592,462.341,327.19,151.529,21.415,277.514,424.36,272.39,311.426,144.058,251.301,82.009,198.157,414.393,145.157,230.213,274.93,327.089,312.178,320.65,289.105,401.995,331.641,352.266,474.117,320.933,413.271,539.719,288.822,246.03,187.725
"Buena Vista",163.972,44.23,319.413,132.751,214.646,229.309,120.957,133.504,177.66,288.855,0,152.809,226.045,214.351,134.145,69.353,249.278,348.984,210.878,151.955,230.718,300.022,260.954,122.827,74.83,136.683,186.38,227.681,75.664,382.579,266.34,366.705,228.702,193.686,238.262,76.931,160.062,96.804,147.34,64.173,235.15,137.43,279.115,378.004,143.559,237.853,284.302,85.311,283.074,218.342,174.731,438.007,174.115,267.755,226.849,74.013,170.542,153.414,105.71,517.094,122.495,54.654,160.413,256.03,309.763,211.482,299.991,28.192,399.169,189.413,391.847,151.955,272.493,15.881,265.165,278.155,114.427,278.852,48.071,218.504,235.602,141.465,232.485,321.679,90.473,64.599,59.312,87.508,166.964,201.691,58.713,175.408,201.189,98.111,254.076,261.618,380.288,119.717,128.05
"Butler",290.254,194.827,148.804,280.727,298.967,355.591,264.568,180.892,22.562,415.137,155.948,0,220.566,261.739,256.138,221.483,85.358,243.639,46.133,278.237,202.102,155.582,275.28,249.109,261.836,273.786,312.662,138.909,202.008,269.421,199.848,253.994,78.906,42.087,297.248,221.944,22.668,59.107,268.968,226.964,361.432,78.666,323.705,325.561,338.901,134.513,273.821,150.229,240.607,227.891,222.119,318.264,300.397,326.741,285.835,200.357,164.435,134.216,280.045,462.401,248.777,205.251,141.071,382.312,436.045,74.965,136.654,176.632,336.778,248.74,286.323,278.237,398.775,174.146,88.211,170.724,270.981,405.134,164.93,344.786,234.432,200.792,358.767,349.176,164.084,118.685,99.871,95.856,322.754,260.677,150.563,234.394,181.987,199.644,138.036,118.882,343.605,179.031,323.392
"Calhoun",101.918,272.616,370.548,308.004,83.213,199.86,326.958,97.421,249.158,216.846,226.916,214.027,0,34.678,95.813,275.354,206.695,131.227,266.606,206.119,361.645,358.681,410.675,176.991,230.894,338.423,240.544,298.452,171.066,164.801,359.391,148.927,302.596,239.803,409.931,282.932,212.957,190.65,79.453,255.47,156.303,144.633,108.301,160.247,306.757,87.51,75.628,261.313,400.15,7.325,55.657,210.887,200.149,439.424,437.674,169.415,323.978,293.759,234.923,303.776,150.623,260.655,300.614,203.926,230.916,253.08,359.992,210.205,174.344,400.238,174.09,206.119,200.484,221.027,222.582,60.377,320.428,200.005,172.675,211.758,18.678,352.29,153.638,144.571,132.858,206.565,191.708,143.583,368.704,412.516,269.538,345.453,341.53,308.936,199.508,337.941,178.291,107.794,283.596
"Carroll",82.537,260.904,405.654,296.292,44.795,192.692,315.246,85.709,284.264,178.428,215.204,249.133,34.678,0,84.167,263.642,241.801,130.12,301.712,194.407,352.956,393.787,398.963,165.279,219.182,326.711,228.832,333.558,159.354,176.992,394.497,184.033,337.702,274.909,398.219,271.22,248.063,213.89,72.285,243.758,117.885,179.739,71.526,159.14,295.045,122.616,78.346,249.601,389.754,27.353,43.88,209.78,179.842,427.712,425.962,157.703,299.668,274.628,223.211,302.669,136.451,248.943,281.62,181.746,192.498,288.186,395.098,198.493,180.305,388.526,172.983,194.407,162.066,209.315,257.688,95.483,308.716,161.587,160.963,204.59,21.25,340.578,115.22,107.796,121.146,194.853,179.996,177.88,356.992,400.804,257.826,333.741,323.427,297.224,234.614,373.047,155.034,96.082,271.884
"Cass",47.568,179.703,413.608,210.951,55.863,136.161,234.045,80.167,292.218,173.884,134.003,256.769,95.812,84.187,0,182.441,249.437,212.85,309.348,122.034,348.63,401.741,378.866,78.118,133.841,245.51,156.459,341.512,73.086,249.383,384.252,233.509,345.656,282.545,317.018,190.019,255.699,191.056,15.753,158.417,120.179,187.693,130.642,241.87,222.672,128.252,158.214,203.223,400.986,88.178,40.156,323.036,106.773,346.511,344.761,77.438,288.454,271.326,150.838,402.123,57.247,167.742,278.325,149.772,194.792,295.822,403.052,117.292,263.035,307.325,255.713,122.034,157.522,128.114,265.324,144.959,227.515,163.881,96.285,151.435,103.98,259.377,117.514,167.149,115.604,172.073,157.162,165.634,275.791,319.603,176.625,252.54,319.101,216.023,254.235,380.683,265.317,75.637,199.511
"Cedar",204.991,27.908,331.669,74.457,255.665,202.79,51.603,181.471,207.592,273.995,69.354,222.005,274.012,262.318,182.112,0,297.245,396.951,246.915,123.374,242.974,312.278,273.21,122.885,85.049,65.05,159.861,239.937,112.829,430.546,278.596,414.672,240.466,260.656,136.558,7.577,213.809,150.551,211.731,46.582,276.169,191.173,320.134,425.971,126.183,285.82,332.269,97.075,295.33,266.309,222.698,479.026,147.172,166.051,146.802,108.255,182.798,165.67,97.202,558.113,154.066,14.698,172.669,229.087,350.782,293.534,312.247,64.285,447.136,146.364,439.814,123.374,260.262,75.86,313.132,326.122,45.073,319.871,101.814,191.985,283.569,153.721,273.504,362.698,144.216,101.263,130.18,158.376,95.331,124.686,70.477,80.711,213.445,52.099,302.043,295.529,421.307,167.684,83.714
"Cerro Gordo",283.461,296.765,174.444,332.153,292.174,348.798,347.141,174.099,103.721,408.344,251.065,85.6,213.773,254.946,249.345,299.503,0,236.886,71.691,271.444,284.675,200.813,357.853,242.316,255.043,362.572,305.869,221.482,195.215,183.149,282.421,167.722,147.772,44.888,379.821,307.081,64.342,126.592,262.175,279.619,354.639,75.664,316.912,318.768,332.108,127.76,267.028,232.802,323.18,221.098,215.326,302.064,293.604,409.314,368.408,193.564,247.008,216.789,273.252,376.214,241.984,284.804,223.644,375.519,429.252,46.713,177.723,234.354,250.591,331.313,220.095,271.444,391.982,245.176,17.784,163.971,344.577,398.341,196.824,337.993,227.639,283.365,351.974,342.383,157.291,230.998,142.4,120.255,392.853,343.25,233.136,316.967,264.56,282.217,51.764,144.321,336.812,172.238,316.599
"Cherokee",208.542,394.97,397.805,430.358,158.462,317.915,449.312,216.892,268.954,282.912,349.27,243.638,131.041,129.996,212.713,397.708,236.436,0,296.347,329.332,444.815,441.851,517.993,300.204,353.248,460.777,363.757,381.622,293.42,112.199,442.561,137.653,385.766,269.544,539.961,405.286,242.698,273.82,200.831,377.824,163.487,227.803,118.57,37.255,430.313,111.488,50.67,383.951,483.32,138.366,175.485,76.108,307.285,569.454,528.548,291.769,407.148,376.929,371.457,137.652,263.737,383.009,383.784,292.664,230.649,282.821,443.162,332.559,105.182,491.453,44.174,329.332,266.55,343.381,252.323,73.539,442.782,219.152,295.029,328.72,108.733,443.505,155.541,114.106,255.496,329.203,285.926,254.391,491.058,503.39,391.892,477.107,424.7,431.29,215.919,367.682,99.441,229.93,414.804
"Chickasaw",343.462,220.197,105.451,306.097,352.175,408.799,289.938,234.1,37.037,468.345,211.09,46.292,273.774,314.947,309.346,246.853,71.128,296.887,0,331.445,227.472,130.677,300.65,302.317,315.044,299.156,365.87,164.279,255.216,255.191,225.218,239.764,77.636,27.857,322.618,247.314,42.849,114.249,322.176,265.737,414.64,127.503,376.913,378.769,392.109,187.761,327.029,175.599,265.977,281.099,275.327,371.512,353.605,352.111,311.205,253.565,189.805,159.586,333.253,448.171,301.985,230.621,166.441,435.52,489.253,62.288,107.587,231.774,322.548,274.11,289.449,331.445,451.983,229.288,73.981,223.972,296.351,458.342,220.072,397.994,287.64,226.162,411.975,402.384,217.292,144.055,155.013,151.396,348.124,286.047,175.933,259.764,207.357,225.014,123.806,75.328,396.813,232.239,376.6
"Clarke",140.042,129.893,435.117,105.894,190.716,80.38,167.391,123.707,313.727,151.585,151.492,278.278,211.125,199.431,122.931,123.396,270.946,330.799,330.857,0,366.119,423.25,396.355,46.952,60.569,146.141,37.451,363.021,77.058,364.394,401.741,348.52,367.165,304.054,224.502,130.974,277.208,208.545,146.782,91.278,211.22,209.202,255.185,359.819,90.353,219.663,297.047,220.712,418.475,203.422,155.03,414.077,24.762,253.995,234.746,81.41,305.943,288.815,26.171,493.164,79.45,116.684,295.814,106.677,176.38,317.331,424.561,123.913,380.984,324.814,373.662,0,137.852,128.623,286.833,259.97,160.861,205.29,113.774,69.575,218.854,276.866,208.555,297.749,137.403,189.562,174.651,183.123,183.275,251.43,194.114,201.701,336.59,167.963,275.744,402.192,356.358,108.503,74.844
"Clay",377.386,235.228,156.465,317.056,428.06,442.723,208.814,272.324,186.65,502.269,230.075,201.857,369.491,353.171,347.559,242.4,283.779,445.466,226.767,365.369,0,99.59,95.631,336.241,301.865,301.827,399.794,65.276,289.078,479.061,64.763,463.187,143.032,240.508,241.494,242.861,226.092,194.251,360.754,276.696,448.564,234.074,424.698,474.486,370.594,334.335,422.746,141.22,43.522,376.816,313.551,525.126,387.529,270.987,169.007,287.427,67.947,79.358,332.745,618.015,335.909,241.579,69.934,469.444,523.177,273.386,125.338,255.227,495.651,108.934,488.329,365.369,485.907,246.594,286.632,374.637,215.227,492.266,261.485,431.918,383.357,115.544,445.899,498.101,235.141,159.983,202.274,231.398,267,146.327,180.457,178.64,27.052,186.392,336.457,173.61,492.53,270.463,326.313
"Clayton",435.374,304.456,60.507,386.284,443.771,500.711,278.042,326.012,133.081,560.257,299.303,155.577,365.37,406.859,401.258,311.628,199.972,441.345,130.665,423.357,99.59,0,197.536,394.229,355.521,371.055,457.782,73.724,347.128,408.802,78.731,384.069,75.611,156.701,310.722,312.089,156.448,190.13,414.088,345.924,506.552,229.953,468.509,470.365,439.822,330.214,418.625,210.448,138.588,372.695,367.239,521.005,445.517,340.215,258.557,345.477,138.198,150.523,390.131,542.028,393.897,310.807,139.162,527.432,581.165,187.972,36.671,324.455,416.405,198.484,418.293,423.357,543.895,315.822,202.825,370.516,284.455,550.254,295.953,489.906,379.236,179.225,503.887,493.98,288.598,215.184,230.894,227.277,336.228,235.877,249.685,247.868,105.856,255.62,252.65,85.97,488.409,324.151,395.541
"Clinton",408.093,265.935,253.068,347.763,458.767,473.43,219.472,317.951,259.179,532.976,260.782,274.386,410.492,398.798,378.266,273.107,356.308,517.995,299.296,396.076,94.781,196.193,0,366.948,332.572,304.302,430.501,161.419,319.785,551.59,115.555,535.716,239.175,313.037,243.969,273.568,298.621,266.78,391.461,307.403,479.271,306.603,523.236,547.015,401.301,406.864,495.275,193.494,58.03,402.789,359.178,597.655,418.236,250.586,173.002,318.134,118.462,141.666,363.452,690.544,366.616,272.286,133.496,500.151,553.884,345.915,221.941,285.934,568.18,112.929,560.858,396.076,516.614,277.301,359.161,447.166,225.885,522.973,292.192,462.625,420.049,140.689,476.606,565.8,280.768,205.61,247.901,276.083,269.475,150.322,211.164,180.662,114.563,217.099,408.986,270.213,565.059,316.09,357.02
"Crawford",89.621,121.423,406.38,162.838,140.295,124.013,174.517,94.97,284.99,175.587,122.755,249.541,182.388,170.694,78.135,122.913,242.209,302.062,302.12,46.659,337.382,394.513,367.618,0,69.809,185.993,81.084,334.284,48.321,335.657,373.004,319.783,338.428,275.317,257.501,130.491,248.471,179.808,96.361,94.385,160.799,180.465,204.764,331.082,147.297,190.926,246.626,191.975,389.738,174.685,126.293,363.656,52.869,286.994,267.745,52.673,277.206,260.078,75.463,442.743,32.943,108.214,267.077,129.56,190.966,288.594,395.824,95.176,352.247,296.077,344.925,46.659,159.225,99.886,258.096,231.233,167.987,204.501,85.037,113.208,190.117,248.129,158.134,247.328,108.666,160.825,145.914,154.386,216.274,308.355,165.377,193.012,307.853,159.493,247.007,373.455,305.937,79.766,124.136
"Dallas",151.958,83.574,367.602,92.041,202.632,142.491,136.668,136.426,246.212,213.696,74.789,259.532,228.967,217.273,134.847,85.064,252.2,351.906,312.111,60.569,302.486,371.79,332.722,69.816,0,122.145,99.562,299.449,61.122,385.501,338.108,369.627,299.65,285.308,219.652,92.642,258.462,165.356,158.698,39.507,223.136,190.456,267.101,380.926,80.783,240.775,308.963,157.079,354.842,221.264,177.653,425.993,85.331,249.145,229.896,60.494,242.31,225.182,42.934,505.08,101.033,70.365,232.181,167.246,297.749,298.585,357.046,47.346,402.091,220.432,394.769,60.569,198.421,58.921,268.087,281.077,130.138,266.838,66.838,131.686,238.524,213.233,220.471,309.665,118.657,146.373,131.462,139.934,178.425,208.101,130.481,155.163,272.957,121.644,256.998,340.51,368.274,120.419,65.274
"Davis",261.296,89.777,390.48,41.254,311.97,168.685,73.264,241.972,256.935,239.89,133.785,271.348,334.513,322.819,242.613,62.09,357.746,457.452,296.258,146.211,301.785,371.089,304.914,183.399,122.182,0,123.009,298.748,173.33,491.047,337.407,475.173,289.809,309.999,90.219,54.513,295.583,212.42,255.808,84.727,332.474,251.674,376.439,486.472,93.438,346.321,392.77,146.418,327.034,326.81,283.199,535.331,170.009,112.905,140.619,168.756,241.609,224.481,120.039,614.418,214.58,76.568,231.48,209.481,321.627,342.877,371.058,124.786,507.637,189.189,500.315,146.211,234.811,136.361,373.633,386.623,66.734,376.176,162.315,157.88,344.07,188.901,329.809,419.003,204.717,165.476,192.049,218.425,51.664,157.303,119.82,113.627,272.256,97.342,362.544,344.872,477.612,228.185,76.79
"Decatur",173.983,167.913,469.058,81.753,224.657,45.675,203.006,157.648,347.668,116.88,185.433,312.219,245.066,233.372,156.872,159.011,304.887,364.74,364.798,36.579,400.06,457.191,430.296,80.893,98.589,123.008,0,396.962,110.999,398.335,435.682,382.461,401.106,337.995,210.779,166.589,311.149,242.486,180.723,129.298,245.161,243.143,289.126,393.76,66.212,253.604,330.988,254.653,452.416,237.363,188.971,448.018,55.84,233.465,270.361,115.351,339.884,322.756,61.786,527.105,113.391,154.704,329.755,86.471,196.36,351.272,458.502,157.854,414.925,358.755,407.603,36.579,111.801,162.564,320.774,293.911,196.476,225.27,147.715,34.87,252.795,310.807,242.496,331.69,171.344,223.503,208.592,217.064,172.224,287.045,228.055,237.316,370.531,205.983,309.685,436.133,390.299,142.444,70.844
"Delaware",374.848,231.361,112.361,313.189,383.245,440.185,204.947,265.486,122.003,499.731,226.208,137.21,304.844,346.333,340.732,238.533,219.132,380.819,162.12,362.831,64.936,74.084,162.389,333.703,297.998,297.96,397.256,0,286.602,414.414,62.682,398.54,78.385,175.861,237.627,238.994,161.445,129.604,353.562,272.829,446.026,169.427,407.983,409.839,366.727,269.688,358.099,137.353,103.441,312.169,306.713,460.479,384.991,267.12,226.214,284.951,82.454,77.428,329.605,553.368,333.371,237.712,66.067,466.906,520.639,208.739,82.306,251.36,431.004,141.944,423.682,362.831,483.369,242.727,221.985,309.99,211.36,489.728,235.427,429.38,318.71,121.956,443.361,433.454,228.072,154.658,170.368,166.751,263.133,201.056,176.59,174.773,47.572,182.525,271.81,135.591,427.883,263.625,322.446
"Des Moines",89.89,120.261,358.248,138.719,140.564,155.677,164.099,78.303,236.858,214.773,74.561,201.409,170.844,159.15,73.088,112.495,194.077,293.783,253.988,78.323,289.188,346.381,319.424,49.195,61.609,175.564,112.748,286.152,0,327.378,324.81,311.504,290.296,227.185,247.072,120.073,200.339,131.614,96.63,86.185,161.068,132.333,205.033,322.803,135.578,182.652,246.895,143.781,341.544,163.141,105.187,363.925,100.483,276.565,257.316,5.79,229.012,211.884,71.396,443.012,48.413,97.796,218.883,182.398,235.681,240.462,347.692,47.346,343.968,247.883,336.646,78.323,198.411,52.056,209.964,222.954,157.569,204.77,36.843,144.872,180.401,199.935,158.403,247.597,60.534,112.631,97.72,106.192,205.845,260.161,117.183,182.594,259.659,156.581,198.875,325.323,306.206,58.66,120.069
"Dickinson",259.719,428.262,354.562,463.65,212.641,357.803,482.604,250.184,287.858,346.274,382.562,269.737,164.313,177.045,248.913,431,182.977,112.254,255.828,362.624,478.107,408.639,551.285,333.496,386.54,494.069,397.049,414.914,326.712,0,475.853,24.428,331.909,229.025,573.253,438.578,248.479,307.112,237.396,411.116,248.417,261.095,203.5,149.468,463.605,144.158,150.652,417.243,516.612,171.638,208.757,158.291,352.912,602.746,561.84,325.061,440.44,410.221,404.749,137.39,303.386,416.301,417.076,349.592,370.284,200.039,371.901,365.851,9.542,524.745,84.176,362.624,329.912,376.673,179.265,105.57,476.074,331.321,328.321,369.701,155.782,476.797,240.471,263.601,288.788,362.495,319.218,287.683,524.35,536.682,425.184,510.399,457.992,464.582,134.046,324.439,191.774,263.222,448.096
"Dubuque",412.39,270.232,135.736,352.06,463.064,477.727,243.818,326.982,183.499,537.273,265.079,198.706,366.34,407.829,382.563,277.404,280.628,442.315,223.616,400.373,64.819,78.861,116.332,371.245,336.869,336.831,434.798,62.125,324.082,475.91,0,460.036,139.881,237.357,276.498,277.865,222.941,191.1,395.758,311.7,483.568,230.923,469.479,471.335,405.598,331.184,419.595,176.224,51.512,373.665,368.209,521.975,422.533,305.991,223.218,322.431,102.951,114.362,367.749,614.864,370.913,276.583,104.938,504.448,558.181,270.235,104.609,290.231,492.5,163.145,485.178,400.373,520.911,281.598,283.481,371.486,250.231,527.27,296.489,466.922,380.206,143.978,480.903,494.95,270.145,194.987,231.864,228.247,302.004,200.538,215.461,213.644,70.609,221.396,333.306,152.881,489.379,325.121,361.317
"Emmet",244.464,412.865,329.661,448.253,227.317,342.406,467.207,234.787,272.431,360.95,367.165,254.31,148.916,184.19,233.516,415.603,167.55,137.653,240.401,347.227,462.71,383.738,535.888,318.099,371.143,478.672,381.652,399.517,311.315,24.428,460.456,0,316.482,213.598,557.856,423.181,233.052,291.715,221.999,395.719,273.816,245.698,228.899,173.897,448.208,128.761,176.051,401.846,501.215,156.241,193.36,182.72,337.515,587.349,546.443,309.664,425.043,394.824,389.352,161.819,287.989,400.904,401.679,346.472,394.713,184.612,347,350.454,33.971,509.348,108.605,347.227,344.588,361.276,163.838,90.173,460.677,355.75,312.924,354.304,162.782,461.4,265.87,288.03,273.391,347.098,303.821,272.286,508.953,521.285,409.787,495.002,442.595,449.185,118.619,299.538,216.203,247.825,432.699
"Fayette",379.879,231.281,70.802,315.636,388.276,445.216,238.204,270.517,56.374,504.762,229.176,78.937,309.875,351.364,345.763,240.98,146.977,385.85,77.67,367.862,143.224,75.611,240.677,338.734,300.026,293.283,402.287,80.031,291.633,331.04,140.97,315.613,0,103.706,270.884,241.441,96.002,134.635,358.593,275.276,451.057,174.458,413.014,414.87,369.695,217.2,363.13,143.101,181.729,317.2,311.744,465.51,390.022,300.377,259.471,289.982,138.262,107.852,334.636,524.02,338.402,240.159,121.875,471.937,525.67,136.584,58.652,254.328,398.397,222.376,365.298,367.862,488.4,245.695,149.83,253.411,244.617,494.759,240.458,434.411,323.741,174.428,448.392,438.485,233.103,159.689,175.399,171.782,296.39,234.313,170.06,208.03,127.503,215.782,199.655,57.764,432.914,268.656,324.893
"Floyd",316.797,233.751,138.393,365.489,325.51,382.134,303.492,207.435,60.072,441.68,191.896,41.951,247.109,288.282,282.681,260.407,44.463,270.222,31.403,304.78,241.026,157.164,314.204,275.652,288.379,312.71,339.205,177.833,228.551,228.526,238.772,213.099,104.123,0,336.172,260.868,32.805,95.055,295.511,312.955,387.975,109.007,350.248,352.104,365.444,161.096,300.364,189.153,279.531,254.434,248.662,344.847,326.94,365.665,324.759,226.9,203.359,173.14,306.588,421.506,275.32,244.175,179.995,408.855,462.588,32.877,134.074,267.69,295.883,287.664,262.784,304.78,425.318,278.512,47.316,197.307,309.905,431.677,230.16,371.329,260.975,239.716,385.31,375.719,190.627,157.609,135.819,131.804,361.678,299.601,189.487,273.318,220.911,238.568,97.141,108.27,370.148,205.574,349.935
"Franklin",335.686,164.167,329.907,129.025,386.36,256.456,97.536,316.362,281.421,327.661,239.175,296.628,408.903,397.209,317.003,136.496,378.55,540.237,321.538,224.882,241.212,310.516,238.896,257.789,219.953,90.219,210.78,238.175,247.72,573.832,276.834,557.958,270.29,335.279,0,128.919,320.863,289.022,330.198,165.671,406.864,328.845,450.829,569.257,181.209,429.106,517.517,171.887,266.461,401.2,357.589,619.897,248.68,40.423,75.529,243.146,181.036,163.908,198.71,688.808,288.97,150.958,170.907,297.252,400.298,368.157,310.485,199.176,590.422,128.616,583.1,224.882,322.582,210.751,381.403,469.408,107.201,450.566,270.585,245.651,418.46,128.328,404.199,493.393,303.237,234.706,270.37,298.552,51.625,92.213,189.557,90.706,211.683,146.521,431.228,327.496,552.002,302.575,164.561
"Fremont",212.569,35.486,332.13,90.239,263.243,218.593,44.026,189.049,208.053,289.798,76.932,222.466,281.59,269.896,189.69,7.577,304.823,404.529,247.376,139.177,243.435,312.739,273.671,130.463,92.627,57.473,175.664,240.398,120.407,438.124,279.057,422.25,240.927,261.117,128.981,0,246.701,158.129,219.309,54.16,283.747,198.751,327.712,433.549,141.965,293.398,339.847,97.536,295.791,273.887,230.276,486.604,162.975,158.474,139.225,115.833,183.259,166.131,113.005,565.691,161.644,22.276,173.13,244.89,358.36,293.995,312.708,71.863,454.714,138.787,447.392,139.177,276.065,83.438,320.71,333.7,37.496,327.449,109.392,207.788,291.147,136.702,281.082,370.276,151.794,99.084,137.758,165.954,87.754,117.109,70.938,73.134,213.906,53.447,309.621,295.99,428.885,175.262,99.496
"Greene",289.186,188.736,145.346,337.878,297.899,354.523,289.033,179.824,45.613,414.069,160.136,22.668,219.498,260.671,255.07,213.859,63.924,242.611,42.675,277.169,226.567,156.286,299.745,248.041,260.768,298.251,311.594,163.374,200.94,247.987,224.313,232.56,93.94,34.637,321.713,246.409,0,63.295,267.9,285.344,360.364,79.632,322.637,324.493,337.833,133.485,272.753,174.694,265.072,226.823,221.051,317.236,299.329,351.206,310.3,199.289,188.9,158.681,278.977,440.967,247.709,199.16,165.536,381.244,434.977,52.433,133.196,180.82,315.344,273.205,282.245,277.169,397.707,178.334,66.777,169.696,295.446,404.066,169.118,343.718,233.364,225.257,357.699,348.108,163.016,120.582,104.059,100.044,347.219,285.142,175.028,258.859,206.452,224.109,116.602,118.787,342.537,177.963,322.324
"Grundy",219.523,125.44,202.245,211.34,270.197,284.86,199.1,132.886,80.855,344.406,96.84,56.004,197.979,213.733,189.696,150.563,126.168,273.954,114.073,207.506,193.342,190.378,266.52,178.378,165.39,215.272,241.931,130.149,131.215,307.549,191.088,291.675,134.293,96.881,288.488,158.141,63.257,0,202.891,167.856,290.701,62.562,301.118,302.974,232.891,162.823,251.234,112.579,231.847,205.304,174.113,353.614,229.666,317.981,277.075,129.564,155.675,125.456,200,446.503,178.046,135.864,132.311,311.581,365.314,114.677,191.689,117.524,324.139,239.98,316.817,207.506,328.044,115.038,129.021,203.125,192.57,334.403,105.822,274.055,211.845,192.032,288.036,326.589,95.703,57.286,40.763,36.748,245.553,251.917,104.981,225.634,173.227,151.091,179.357,175.153,321.018,131.025,217.382
"Guthrie",31.814,192.898,426.633,235.129,40.109,120.407,262.727,93.192,305.243,158.13,147.198,269.794,79.454,72.305,15.753,211.123,262.462,200.968,322.373,146.212,361.825,414.766,392.061,96.394,158.019,274.203,180.637,354.537,96.912,237.868,397.447,221.994,358.681,295.57,345.711,218.701,268.724,204.251,0,182.595,104.425,200.718,114.888,229.988,246.85,137.196,146.332,216.418,414.181,76.296,49.1,307.282,107.557,375.204,355.955,101.264,301.649,284.521,175.016,386.369,64.166,196.424,291.52,134.018,179.038,308.847,416.077,130.487,251.153,320.52,243.831,146.212,141.768,141.309,278.349,133.444,256.197,148.127,109.48,132.305,92.098,272.572,101.76,151.497,128.629,185.268,170.357,178.829,304.484,332.798,189.82,281.222,332.296,229.218,251.822,393.708,249.563,88.276,223.689
"Hamilton",176.613,48.294,365.934,54.586,227.287,173.2,99.973,161.081,230.731,244.405,64.173,223.801,253.622,241.928,159.502,44.906,276.855,376.561,265.37,91.278,277.239,346.543,307.475,94.507,39.507,84.69,130.271,274.202,85.777,410.156,312.861,394.282,274.731,309.963,165.54,52.484,283.117,167.796,183.353,0,247.791,215.111,291.756,405.581,105.468,265.43,333.618,131.34,329.595,245.919,202.308,450.648,116.04,195.033,175.784,85.149,217.063,199.935,67.619,529.735,125.688,35.085,206.934,197.955,322.404,323.24,346.512,51.08,426.746,185.152,419.424,91.278,229.13,62.655,292.742,305.732,93.443,291.493,91.493,162.395,263.179,187.986,245.126,334.32,143.312,121.649,130.304,144.719,124.313,192.468,104.742,119.883,247.71,86.364,281.653,318.668,392.929,145.074,63.843
"Hancock",72.759,281.129,519.054,298.917,72.97,160.02,326.515,195.72,397.664,125.774,235.429,362.215,156.146,117.737,120.126,274.911,354.883,163.502,414.794,210,450.056,507.187,480.292,160.182,221.807,337.991,244.425,446.958,160.7,248.335,485.678,273.789,451.102,387.991,409.499,282.489,361.145,292.482,104.372,246.383,0,293.139,72.274,192.522,310.638,242.506,114.136,304.649,502.412,144.78,153.472,231.155,161.217,438.992,419.743,165.052,389.88,372.752,238.804,310.242,127.954,260.212,379.751,134.769,74.104,401.268,508.498,206.608,251.648,408.751,207.677,210,103.312,211.318,370.77,208.442,319.985,51.165,197.711,170.825,137.478,360.803,25.633,114.827,221.34,273.499,258.588,267.06,368.272,421.029,278.051,345.01,420.527,317.449,359.681,486.129,173.436,192.44,287.477
"Hardin",221.55,183.316,242.46,270.242,229.947,286.887,242.922,112.188,104.05,346.433,137.616,78.734,151.546,193.035,187.434,191.318,75.651,227.521,127.621,209.533,233.557,230.593,306.735,180.405,193.132,254.387,243.958,170.364,133.304,261.116,231.303,245.242,174.508,108.819,328.703,198.896,79.662,62.562,200.264,217.708,292.728,0,254.685,256.541,270.197,116.39,204.801,177.414,272.062,158.871,153.415,307.181,231.693,358.196,317.29,131.653,195.89,165.671,211.341,400.07,180.073,176.619,172.526,313.608,367.341,119.676,231.904,126.169,277.706,280.195,270.384,209.533,330.071,131.727,91.598,156.692,236.392,336.43,98.26,276.082,165.412,232.247,290.063,280.156,74.789,124.528,76.53,44.995,284.668,292.132,180.238,265.849,213.442,219.636,123.005,215.368,274.585,110.327,254.688
"Harrison",117.309,325.679,480.621,343.467,70.724,226.682,371.065,157.221,359.231,191.679,279.979,324.1,108.29,71.511,130.623,319.461,316.768,118.62,376.679,254.55,424.468,468.754,524.842,204.732,266.357,382.541,288.975,408.525,205.25,203.453,469.464,228.907,412.669,349.876,454.049,327.039,323.03,300.723,114.869,290.933,72.254,254.706,0,121.024,355.188,197.624,69.254,349.199,510.223,96.939,115.392,157.239,216.052,483.542,464.293,209.602,371.18,346.14,283.354,236.326,172.504,304.762,353.132,201.431,120.104,363.153,470.065,251.158,206.766,453.301,162.795,254.55,175.317,255.868,332.655,163.56,364.535,81.141,242.261,237.487,89.622,405.353,50.538,36.609,192.658,266.365,251.508,249.392,412.822,465.579,322.601,389.56,394.939,361.999,309.581,448.014,99.52,167.594,332.027
"Henry",237.55,423.978,482.726,459.366,187.47,346.923,478.32,245.9,361.336,350.593,378.278,326.205,160.049,159.004,241.721,426.716,318.873,37.403,378.784,358.34,473.823,470.859,547.001,329.212,382.256,489.785,392.765,410.63,322.428,146.667,471.569,171.096,414.774,351.981,568.969,434.294,325.135,302.828,229.839,406.832,192.495,256.811,121.024,0,459.321,148.743,79.678,412.959,512.328,167.374,204.493,52.95,336.293,598.462,557.556,320.777,436.156,405.937,400.465,116.256,292.745,412.017,412.792,321.672,242.73,365.258,472.17,361.567,139.817,520.461,73.789,358.34,330.938,372.389,334.76,110.794,471.79,203.767,324.037,357.728,137.741,472.513,216.72,136.047,284.504,358.211,314.934,283.399,520.066,532.398,420.9,506.115,453.708,460.298,253.174,450.119,64.22,258.938,443.812
"Howard",240.197,141.12,459.94,52.183,290.871,111.889,170.159,213.491,323.277,183.094,143.548,336.597,311.28,299.586,223.086,126.183,329.265,428.971,389.176,90.461,371.245,440.549,401.481,147.107,80.783,93.438,66.213,368.208,135.679,462.566,406.867,446.692,369.229,362.373,181.209,133.761,335.527,242.421,246.937,105.468,311.375,267.521,355.34,457.991,0,317.84,397.202,225.838,423.601,303.577,255.185,514.232,114.259,189.167,237.514,137.559,311.069,293.941,64.289,593.319,179.605,127.911,300.94,152.685,262.574,375.65,440.518,116.105,479.156,286.084,471.834,90.461,178.015,127.68,345.152,358.142,163.629,291.484,143.903,101.084,319.009,281.992,308.71,397.904,195.722,205.126,195.329,216.999,142.654,254.198,199.24,204.469,341.716,179.19,334.063,404.558,456.513,208.658,41.274
"Humboldt",167.666,284.031,288.679,319.419,165.91,295.705,338.373,105.911,159.828,295.329,238.331,134.512,87.509,122.783,128.255,286.769,127.31,111.488,187.221,218.351,333.876,330.912,407.054,189.223,242.309,349.838,252.776,270.683,182.481,144.618,331.622,128.744,216.639,160.418,429.022,294.347,133.572,162.881,137.199,266.885,242.442,103.061,197.525,148.743,319.374,0,147.641,273.012,372.381,94.834,88.099,186.113,208.639,458.515,417.609,180.83,296.209,265.99,260.518,247.657,159.113,272.07,272.845,271.217,309.604,173.695,293.253,221.62,154.161,380.514,154.172,218.351,278.967,232.442,143.197,38.573,331.843,278.693,184.09,284.9,101.375,332.566,234.496,222.996,144.557,218.264,174.987,143.452,380.119,392.451,280.953,366.168,313.761,320.351,106.793,258.556,217.425,118.991,303.865
"Ida",159.172,329.999,433.695,385.33,109.092,268.545,384.341,164.055,312.305,233.542,284.299,277.174,75.614,78.345,158.192,332.737,269.842,50.666,329.753,296.413,424.792,421.828,497.97,246.595,308.22,395.806,330.838,361.599,247.113,153.797,422.538,179.251,365.743,302.95,519.938,340.315,276.104,253.797,146.31,332.796,114.117,207.78,69.2,79.686,397.051,150.698,0,363.928,463.297,82.939,122.226,130.326,257.915,549.431,508.525,251.465,387.125,356.906,325.217,223.215,214.367,318.038,363.761,243.294,181.279,316.227,423.139,267.588,157.11,471.43,94.841,296.413,217.18,278.41,285.729,116.634,377.811,150.368,275.006,279.35,57.082,423.482,106.171,74.735,235.473,309.18,265.903,234.368,426.087,483.367,326.921,457.084,404.677,366.319,262.655,401.088,97.73,174.428,373.89
"Iowa",232.595,87.389,214.65,171.744,283.269,297.932,93.883,168.748,136.333,357.478,85.284,150.746,261.289,249.595,202.768,97.088,232.668,383.924,175.656,220.578,141.697,211.001,195.672,191.45,157.074,149.391,255.003,138.66,144.287,417.519,177.319,401.645,142.718,189.397,172.98,97.549,174.981,112.579,215.963,131.384,303.773,177.637,347.738,412.944,225.803,272.793,327.942,0,178.495,253.586,209.975,463.584,242.738,202.473,161.567,142.636,81.521,60.737,187.954,585.717,191.118,96.267,67.729,324.653,378.386,222.275,197.576,110.436,434.109,124.131,426.787,220.578,341.116,101.803,235.521,313.095,94.5,347.475,116.694,287.127,270.846,76.183,301.108,390.302,131.565,56.407,98.698,126.88,138.119,136.409,26.168,110.126,112.168,47.086,285.346,224.27,448.911,166.887,181.001
"Jackson",430.015,287.857,194.989,369.685,480.689,495.352,241.394,309.067,224.714,554.898,282.704,239.921,407.555,389.914,400.188,295.029,321.843,483.53,264.831,417.998,43.522,138.114,57.601,388.87,354.494,326.224,452.423,103.34,341.707,517.125,51.629,501.251,181.096,278.572,265.891,295.49,264.156,232.315,413.383,329.325,501.193,272.138,510.694,512.55,423.223,372.399,460.81,177.963,0,414.88,350.294,563.19,440.158,275.458,194.924,340.056,104.69,116.101,385.374,656.079,388.538,294.208,106.677,522.073,575.806,311.45,163.862,307.856,533.715,134.851,526.393,417.998,538.536,299.223,324.696,412.701,247.807,544.895,314.114,484.547,421.421,162.611,498.528,536.165,271.884,196.726,239.017,269.462,291.397,172.244,233.086,202.584,73.224,239.021,374.521,212.134,530.594,307.206,378.942
"Jasper",98.741,264.895,377.873,300.283,71.847,196.683,319.237,89.7,256.483,205.48,219.195,221.352,7.325,27.353,88.158,267.633,214.02,138.552,273.931,198.398,368.97,366.006,402.954,169.27,223.173,330.702,232.823,305.777,163.345,172.126,366.716,156.252,309.921,247.128,402.21,275.211,220.282,197.975,76.276,247.749,144.937,151.958,96.95,167.572,299.036,94.835,82.413,253.592,407.475,0,47.871,218.212,183.833,431.703,429.953,161.694,303.659,301.084,227.202,311.101,140.442,252.934,285.611,200.749,219.55,260.405,367.317,202.484,181.669,392.517,181.415,198.398,189.118,213.306,229.907,67.702,312.707,188.639,164.954,208.581,25.463,344.569,142.272,133.22,125.137,198.844,183.987,150.908,360.983,404.795,261.817,337.732,327.418,301.215,206.833,345.266,185.616,100.073,275.875
"Jefferson",80.914,221.243,379.489,243.211,89.943,169.507,275.585,46.048,258.099,207.23,175.543,222.65,55.656,43.913,40.156,223.981,215.318,175.653,275.229,154.294,313.295,367.622,359.302,125.166,166.101,287.05,188.719,307.393,105.346,209.227,368.332,193.353,311.537,248.426,358.558,231.559,221.58,174.229,49.1,190.677,153.525,153.574,115.44,204.673,254.932,88.096,122.26,209.94,350.093,47.904,0,255.313,144.371,388.051,386.301,118.042,260.007,234.967,183.098,348.202,94.845,209.282,241.959,183.118,228.138,261.703,368.933,158.832,218.77,348.865,218.516,154.294,190.868,169.654,231.205,104.803,269.055,197.227,121.302,165.536,65.164,300.917,150.86,151.71,81.485,155.192,140.335,138.219,317.331,361.143,218.165,294.08,283.766,257.563,202.722,346.564,222.717,56.421,231.771
"Johnson",277.611,485.981,504.35,503.769,277.822,383.492,531.367,296.899,343.621,345.258,440.281,318.305,211.048,210.003,324.978,479.763,301.982,76.091,372.258,414.852,524.822,521.858,598,365.034,426.659,542.843,449.277,461.629,365.552,158.35,522.568,182.779,465.773,345.455,619.968,487.341,317.365,353.827,309.224,451.235,232.598,307.81,158.093,52.545,515.49,186.155,130.677,463.958,563.327,218.373,255.492,0,376.354,649.461,608.555,369.904,487.155,456.936,443.656,67.492,332.806,465.064,463.791,358.241,237.395,391.248,523.169,411.46,151.5,571.46,84.675,414.852,325.603,416.17,388.49,148.206,524.837,198.432,402.563,394.297,188.74,523.512,211.385,130.712,335.503,409.21,365.933,334.398,573.124,583.397,482.903,557.114,504.707,522.301,283.277,474.227,58.885,309.937,492.329
"Jones",100.83,156.559,457.704,137.711,151.504,60.967,191.189,146.294,336.314,129.728,174.079,300.865,200.871,179.862,106.79,147.194,293.533,307.201,353.444,24.762,388.706,445.837,418.942,52.869,87.235,169.939,55.957,385.608,99.645,354.14,424.328,338.266,389.752,326.641,248.3,154.772,299.795,231.132,107.557,117.944,161.202,231.789,215.973,379.358,122.17,209.409,257.835,243.299,441.062,183.853,144.807,374.865,0,277.793,258.544,103.997,328.53,311.402,49.969,453.952,61.598,143.35,318.401,82.191,151.894,339.918,447.148,146.5,370.73,347.401,351.376,24.762,113.366,151.21,309.42,249.716,184.659,180.804,136.361,50.162,199.655,299.453,169.343,258.537,159.99,212.149,197.238,205.71,207.073,275.228,216.701,225.499,359.177,194.629,298.331,424.779,317.146,131.09,98.642
"Keokuk",365.011,193.492,359.232,151.746,415.685,279.177,126.861,345.687,310.746,350.382,268.5,325.953,438.228,426.534,346.328,165.821,407.875,569.562,350.863,254.207,270.537,339.841,251.037,287.114,249.278,112.94,233.501,267.5,277.045,603.157,306.159,587.283,299.615,364.604,38.308,158.244,350.188,318.347,359.523,194.996,436.189,358.17,480.154,598.582,189.179,458.431,546.842,201.212,276.195,430.525,386.914,649.222,278.005,0,87.67,272.471,210.361,193.233,228.035,718.133,318.295,180.283,200.232,319.973,429.623,397.482,339.81,228.501,619.747,138.35,612.425,254.207,345.303,240.076,410.728,498.733,136.526,479.891,299.91,268.372,447.785,157.653,433.524,522.718,332.562,264.031,299.695,327.877,74.346,104.354,218.882,120.031,241.008,175.846,460.553,356.821,581.327,331.9,187.282
"Kossuth",346.054,174.535,318.513,186.312,396.728,314.666,92.776,344.624,270.027,385.871,227.781,285.234,437.165,425.471,345.265,146.864,367.156,528.843,310.144,235.25,168.977,258.705,173.523,268.157,230.321,141.203,271.737,226.781,258.088,562.438,224.348,546.564,258.896,323.885,75.29,139.287,309.469,277.628,358.46,176.039,417.232,317.451,461.197,557.863,238.038,417.712,506.123,160.493,195.643,429.462,385.851,608.503,259.048,87.652,0,253.514,169.642,152.514,209.078,699.176,299.338,161.326,159.513,340.963,410.666,356.763,299.091,209.544,579.028,57.798,571.706,235.25,372.138,221.119,370.009,458.014,102.441,460.934,259.191,303.861,446.722,93.805,414.567,503.761,291.843,223.312,258.976,287.158,106.376,23.802,178.163,76.21,150.432,135.127,419.834,316.102,562.37,330.837,195.569
"Lee",94.237,106.877,356.136,137.962,144.911,160.024,159.971,76.191,234.746,219.12,72.449,199.297,168.732,157.038,77.274,108.367,191.965,291.671,251.876,82.67,287.076,344.269,317.312,53.542,60.852,171.436,117.095,284.04,6.271,325.266,322.698,309.392,288.184,225.073,242.944,115.945,198.227,129.502,100.977,85.428,165.415,130.221,209.38,320.691,137.917,180.54,251.242,141.669,339.432,161.029,117.418,368.272,104.83,272.437,253.188,0,226.9,209.772,79.061,447.359,52.76,93.668,216.771,186.745,240.028,238.35,345.58,43.218,341.856,245.771,334.534,82.67,202.758,47.928,207.852,220.842,153.441,209.117,34.731,149.219,178.289,197.823,162.75,251.944,58.422,110.519,95.608,104.08,201.717,258.049,115.071,178.466,257.547,154.469,196.763,323.211,310.553,63.472,122.408
"Linn",317.623,175.465,188.749,257.293,368.297,382.96,149.051,218.645,148.439,442.506,170.312,163.646,331.28,299.492,287.796,182.637,245.568,407.255,188.556,305.606,67.585,138.594,118.866,276.478,242.102,242.064,340.031,82.898,229.315,440.85,103.207,424.976,137.711,202.297,181.731,183.098,187.881,156.04,300.991,216.933,388.801,195.863,371.019,436.275,310.831,296.124,384.535,81.457,104.383,303.483,259.872,486.915,327.766,211.224,170.318,227.664,0,31.975,272.982,579.804,276.146,181.816,22.551,409.681,463.414,235.175,155.208,195.464,457.44,94.872,450.118,305.606,426.144,186.831,248.421,336.426,155.464,432.503,201.722,372.155,345.146,50.614,386.136,475.33,181.462,106.304,148.595,176.777,207.237,145.16,120.694,118.877,38.056,126.629,298.246,194.917,454.319,216.784,266.55
"Louisa",300.076,157.918,166.789,239.746,350.75,365.413,131.504,193.537,118.303,424.959,152.765,133.51,301.144,274.384,270.249,165.09,215.432,377.119,158.42,288.059,79.115,150.038,142.216,258.931,224.555,224.517,322.484,77.697,211.768,410.714,114.737,394.84,107.172,172.161,164.184,165.551,157.745,125.904,283.444,199.386,371.254,165.727,345.911,406.139,293.284,265.988,354.399,60.648,115.913,278.375,234.764,456.779,310.219,193.677,152.771,210.117,32.034,0,255.435,549.668,258.599,164.269,7.779,392.134,445.867,205.039,149.715,177.917,427.304,115.676,419.982,288.059,408.597,169.284,218.285,306.29,137.917,414.956,184.175,354.608,315.01,67.728,368.589,382.181,156.354,81.196,123.487,151.669,189.69,127.613,103.147,101.33,49.586,109.082,268.11,164.378,424.183,191.676,249.003
"Lucas",168.636,106.247,434.727,79.722,219.31,105.587,141.219,154.782,313.337,176.792,105.712,277.888,239.719,228.025,151.525,97.224,270.556,370.262,330.467,26.171,333.409,422.86,363.645,75.546,46.385,119.969,62.658,362.631,71.389,403.857,369.031,387.983,366.775,303.664,198.33,104.802,276.818,196.583,175.376,67.632,239.814,208.812,283.779,399.282,64.181,259.131,325.641,188.002,385.765,232.016,183.624,442.671,49.969,227.823,208.574,73.15,273.233,256.105,0,521.758,108.044,93.038,263.104,131.884,201.587,316.941,424.171,78.269,420.447,257.144,413.125,26.171,163.059,89.844,286.443,299.433,134.689,230.497,104.313,94.782,247.448,244.156,237.149,326.343,137.013,177.6,162.689,171.161,157.103,225.258,161.404,175.529,303.88,144.317,275.354,401.802,384.952,137.097,48.672
"Lyon",356.448,564.818,487.732,582.606,356.659,462.329,610.204,389.387,397.123,424.095,519.118,379.002,303.536,302.491,403.815,558.6,375.584,137.64,365.093,493.689,617.31,541.809,690.488,443.871,505.496,621.68,528.114,554.117,444.389,137.372,615.056,161.801,441.174,338.29,693.188,566.178,357.744,446.315,388.061,530.072,311.435,400.298,236.93,116.256,594.327,247.704,223.165,588.338,655.815,310.861,347.98,70.408,455.191,722.681,703.432,448.741,579.643,549.424,522.493,0,411.643,543.901,556.279,437.078,316.232,374.63,505.071,490.297,130.522,663.948,97.192,493.689,404.44,495.007,371.872,209.755,603.674,277.269,481.4,473.134,281.228,616,290.222,209.549,427.991,501.698,458.421,426.886,651.961,675.885,561.74,628.699,597.195,601.138,271.419,457.609,137.722,402.425,571.166
"Madison",57.232,168.532,406.457,177.863,107.906,117.065,205.461,83.107,285.067,182.115,122.832,249.618,143.426,136.277,50.18,153.857,242.286,263.603,302.197,79.157,337.459,394.59,367.695,32.943,100.753,216.937,113.582,334.361,48.103,304.614,373.081,288.74,338.505,275.394,288.445,161.435,248.548,179.885,63.972,125.329,128.41,180.542,172.375,335.76,179.795,159.883,214.237,192.052,389.815,140.268,87.778,331.267,61.598,317.938,298.689,52.455,277.283,260.155,107.961,410.354,0,139.158,267.154,138.289,203.023,288.671,395.901,94.011,321.204,296.154,307.778,79.157,165.753,98.721,258.173,200.19,198.931,172.112,85.114,106.26,156.07,248.206,125.745,214.939,108.743,160.902,145.991,154.463,247.218,308.432,165.454,223.956,307.93,204.852,247.084,373.532,273.548,79.843,156.634
"Mahaska",190.292,13.209,330.848,75.476,240.966,198.868,66.302,166.772,195.646,270.073,54.655,205.375,259.313,247.619,167.413,14.698,282.546,382.252,230.285,116.946,242.153,311.457,272.389,108.186,70.35,79.408,155.939,239.116,98.13,415.847,277.775,399.973,239.645,244.026,150.916,22.276,199.11,135.852,197.032,35.116,261.47,176.474,305.435,411.272,127.202,271.121,317.57,96.254,294.509,251.61,207.999,464.327,141.708,180.409,161.16,93.556,181.977,164.849,93.287,543.414,139.367,0,171.848,223.623,336.083,328.931,311.426,49.586,432.437,150.066,425.115,116.946,254.798,61.161,298.433,311.423,59.772,305.172,87.115,188.063,268.87,152.9,258.805,347.999,129.517,86.564,115.481,143.677,109.689,137.735,69.656,84.797,212.624,51.278,287.344,283.583,406.608,152.985,84.733
"Marion",307.161,165.003,172.425,246.831,357.835,372.498,138.589,200.624,125.133,432.044,159.85,140.34,307.974,281.471,277.334,172.175,222.262,383.949,165.25,295.144,69.619,138.915,134.434,266.016,231.64,231.602,329.569,66.574,218.853,417.544,105.241,401.67,121.387,178.991,171.269,172.636,164.575,132.734,290.529,206.471,378.339,172.557,352.998,412.969,300.369,272.818,361.229,67.735,106.417,285.462,241.851,463.609,317.304,200.762,159.856,217.202,22.538,7.658,262.52,556.498,265.684,171.354,0,399.219,452.952,211.869,138.884,185.002,434.134,122.761,426.812,295.144,415.682,176.369,225.115,313.12,145.002,422.041,191.26,361.693,321.84,74.813,375.674,389.268,163.441,88.283,130.574,158.756,196.775,134.698,110.232,108.415,40.09,116.167,274.94,178.593,431.013,198.763,256.088
"Marshall",102.237,238.474,539.619,168.238,137.14,40.808,273.104,228.209,418.229,53.102,255.994,382.78,204.153,181.907,149.604,229.109,375.448,292.837,435.359,106.677,470.621,527.752,500.857,129.56,169.15,209.493,86.484,467.523,181.56,349.77,506.243,346.693,471.667,408.556,297.264,236.687,381.71,313.047,133.85,199.859,134.775,313.704,201.609,361.353,152.697,271.046,243.471,325.214,522.977,200.995,182.95,356.86,82.191,319.95,340.459,185.912,410.445,393.317,131.884,435.947,138.289,225.265,400.316,0,125.467,421.833,529.063,228.415,353.083,429.316,337.012,106.677,40.282,233.125,391.335,258.143,266.574,154.377,218.276,51.613,201.648,381.368,154.979,240.532,241.905,294.064,279.153,287.625,258.709,357.143,298.616,307.414,441.092,276.544,380.246,506.694,299.141,213.005,157.329
"Mills",147.437,355.807,593.732,277.778,147.648,150.348,342.458,270.398,472.342,114.415,310.107,436.893,230.824,192.415,194.804,349.589,429.561,230.394,489.472,176.031,524.734,581.865,554.97,234.86,296.485,319.033,196.024,521.636,235.378,370.036,560.356,394.465,525.78,462.669,399.569,357.167,435.823,367.16,179.05,321.061,73.659,367.817,119.968,241.815,262.237,309.398,181.028,379.327,577.09,219.458,228.15,237.322,151.545,429.062,409.813,239.73,464.558,447.43,201.238,316.409,202.632,334.89,454.429,125.097,0,475.946,583.176,281.286,363.186,483.429,296.361,176.031,93.209,285.996,445.448,275.334,335.928,34.839,272.389,161.153,212.156,435.481,81.211,120.994,296.018,348.177,333.266,341.738,358.342,495.707,352.729,419.688,495.205,392.127,434.359,560.807,179.603,267.118,249.911
"Mitchell",329.527,266.612,133.88,378.219,338.24,394.864,336.353,220.165,92.933,454.41,211.518,74.812,259.839,301.012,295.411,293.268,46.526,282.952,62.287,317.51,273.887,187.957,347.065,288.382,301.109,345.571,351.935,210.694,241.281,200.024,271.633,184.597,136.984,32.86,369.033,293.729,52.427,114.677,308.241,325.685,400.705,119.78,362.978,364.834,378.174,173.826,313.094,222.014,312.392,267.164,261.392,391.648,339.67,398.526,357.62,239.63,236.22,206.001,319.318,375.041,288.05,330.87,212.856,421.585,475.318,0,151.219,280.42,249.418,320.525,265.534,317.51,438.048,291.242,29.07,210.037,342.766,444.407,242.89,384.059,273.705,272.577,398.04,388.449,203.357,190.47,155.441,151.426,394.539,332.462,222.348,306.179,253.772,271.429,68.639,103.757,382.878,218.304,362.665
"Monona",436.653,304.096,30.055,385.924,445.05,501.99,277.682,327.291,112.223,561.536,298.943,136.813,366.649,408.138,402.537,311.268,176.894,442.624,107.587,424.636,125.306,36.639,223.252,395.508,356.8,370.695,459.061,82.275,348.407,372.073,104.447,347.34,58.652,133.623,310.362,311.729,133.37,191.409,415.367,345.564,507.831,231.232,469.788,471.644,439.462,293.527,419.904,197.128,164.304,373.974,368.518,522.284,446.796,339.855,298.949,346.756,155.189,150.047,391.41,505.299,395.176,310.447,138.802,528.711,582.444,151.243,0,324.095,379.676,224.2,395.215,424.636,545.174,315.462,179.747,329.738,284.095,551.533,297.232,491.185,380.515,194.691,505.166,495.259,289.877,216.463,232.173,228.556,335.868,273.791,226.915,247.508,131.572,255.26,229.572,49.241,489.688,325.43,395.181
"Monroe",135.646,63.179,344.575,103.606,186.32,201.869,116.273,116.322,198.312,273.074,28.183,173.461,208.863,197.169,116.963,64.669,232.096,331.802,231.53,124.515,255.88,325.184,286.116,95.387,47.378,127.738,158.94,252.843,47.68,365.397,291.502,349.523,253.864,265.204,199.246,72.247,180.714,117.456,130.158,51.072,206.824,126.024,250.789,360.822,116.107,220.671,267.12,110.473,308.236,201.16,157.549,409.681,146.675,228.739,209.49,43.106,195.704,178.576,78.258,488.768,94.169,49.97,185.575,228.59,281.437,278.481,325.153,0,381.987,214.575,374.665,124.515,244.167,12.315,247.983,260.973,109.743,250.526,36.665,191.064,218.42,166.627,204.159,293.353,79.067,89.761,79.964,94.379,158.019,226.853,83.875,134.768,226.351,101.249,236.894,289.193,351.962,102.535,100.598
"Montgomery",262.921,445.221,362.073,480.609,215.843,378.045,499.563,267.143,354.721,349.476,399.521,336.6,181.292,180.247,262.964,447.959,249.925,105.185,322.691,379.583,495.066,416.15,568.244,350.455,403.499,511.028,414.008,431.873,343.671,9.542,492.812,33.971,398.772,295.888,590.212,455.537,315.342,324.071,251.082,428.075,251.619,278.054,206.702,142.618,480.564,153.701,153.854,434.202,533.571,188.617,225.736,151.441,369.871,619.705,578.799,342.02,457.399,427.18,421.708,130.54,320.345,433.26,434.035,352.794,363.434,248.971,379.412,382.81,0,541.704,77.326,379.583,333.114,393.632,246.213,115.113,493.033,324.471,345.28,383.387,158.984,493.756,243.673,256.751,305.747,379.454,336.177,304.642,541.309,553.641,442.143,527.358,474.951,481.541,143.589,331.95,184.924,280.181,465.055
"Muscatine",337.221,147.193,255.554,234.257,387.895,402.558,104.318,306.753,232.497,462.104,189.91,247.704,399.294,387.6,307.394,146.22,329.626,491.313,272.614,325.204,108.951,198.679,113.492,296.076,220.254,189.148,359.629,141.975,248.913,524.908,164.317,509.034,221.366,286.355,128.815,138.643,271.939,240.098,320.589,185.02,408.399,279.921,452.364,520.333,285.983,380.182,468.593,122.622,135.612,391.591,347.98,570.973,347.364,138.382,57.848,247.262,102.083,114.984,257.023,690.343,295.744,149.903,121.983,429.279,483.012,319.233,224.427,215.062,541.498,0,534.176,325.204,445.742,206.429,332.479,420.484,110.731,452.101,221.32,391.753,408.851,49.915,405.734,494.928,254.313,185.441,221.446,249.628,154.321,35.168,140.292,65.508,90.406,100.85,382.304,278.572,553.537,292.966,243.514
"O'Brien",252.72,436.486,434.551,471.874,202.64,362.093,490.828,258.408,322.258,327.09,390.786,286.384,172.557,171.512,254.229,439.224,219.952,44.177,290.228,370.848,486.331,419.35,559.509,341.72,394.764,502.293,405.273,423.138,334.936,84.196,484.077,108.625,366.309,263.425,581.477,446.802,282.879,315.336,242.347,419.34,207.665,269.319,162.748,73.814,471.829,154.234,94.848,425.467,524.836,179.882,217.001,84.47,351.463,610.97,570.064,333.285,448.664,418.445,412.973,97.212,307.915,424.525,425.3,336.842,296.463,265.291,396.26,374.075,77.346,532.969,0,370.848,310.728,384.897,246.204,112.829,484.298,257.5,336.545,372.898,150.249,485.021,199.719,189.78,297.012,370.719,327.442,295.907,532.574,544.906,433.408,518.623,466.216,472.806,201.247,404.428,117.953,271.446,456.32
"Osceola",140.042,129.893,435.117,105.894,190.716,80.38,167.391,123.707,313.727,151.585,151.492,278.278,211.125,199.431,122.931,123.396,270.946,330.799,330.857,0,366.119,423.25,396.355,46.952,60.569,146.141,37.451,363.021,77.058,364.394,401.741,348.52,367.165,304.054,224.502,130.974,277.208,208.545,146.782,91.278,211.22,209.202,255.185,359.819,90.353,219.663,297.047,220.712,418.475,203.422,155.03,414.077,24.762,253.995,234.746,81.41,305.943,288.815,26.171,493.164,79.45,116.684,295.814,106.677,176.38,317.331,424.561,123.913,380.984,324.814,373.662,0,137.852,128.623,286.833,259.97,160.861,205.29,113.774,69.575,218.854,276.866,208.555,297.749,137.403,189.562,174.651,183.123,183.275,251.43,194.114,201.701,336.59,167.963,275.744,402.192,356.358,108.503,74.844
"Page",109.987,269.234,556.282,193.533,117.287,66.103,303.864,232.948,434.892,21.504,272.657,399.443,200.463,162.054,157.354,259.869,392.111,266.653,452.022,137.437,487.284,544.415,517.52,159.225,199.91,234.788,111.779,484.186,197.928,329.917,522.906,344.578,488.33,425.219,322.559,267.447,398.373,329.71,141.6,230.619,103.298,330.367,175.425,329.48,177.992,278.796,217.287,341.877,539.64,189.097,190.7,324.987,112.951,345.245,371.219,202.28,427.108,409.98,162.644,404.074,165.182,256.025,416.979,40.241,95.759,438.496,545.726,243.836,333.23,445.979,310.828,137.437,0,248.546,407.998,256.028,297.334,122.504,234.939,76.908,181.795,398.031,128.795,208.659,258.568,310.727,295.816,304.288,284.004,387.903,315.279,338.174,457.755,354.677,396.909,523.357,267.268,229.668,182.624
"Palo Alto",140.486,53.089,335.768,115.181,191.16,206.709,127.848,121.162,190.036,277.914,15.881,169.207,213.703,202.009,121.803,76.244,236.936,336.642,227.276,129.355,247.073,316.377,277.309,100.227,58.953,139.313,163.78,244.036,52.52,370.237,282.695,354.363,245.057,270.044,210.821,83.822,176.46,113.202,134.998,62.647,211.664,131.106,255.629,365.662,127.682,225.511,271.96,101.666,299.429,206,162.389,414.521,151.515,240.314,221.065,47.946,186.897,169.769,89.833,493.608,99.009,61.545,176.768,233.43,286.277,283.321,316.346,12.315,386.827,205.768,379.505,129.355,249.007,0,252.823,265.813,121.318,255.366,41.747,195.904,223.26,157.82,208.999,298.193,84.149,80.954,75.71,91.893,169.594,218.046,75.068,146.343,217.544,89.469,241.734,277.973,356.802,107.375,112.173
"Plymouth",299.287,312.591,156.815,347.979,308,364.624,349.937,189.925,106.517,424.17,266.891,88.396,229.599,270.772,265.171,315.329,17.756,252.712,74.487,287.27,287.471,203.609,360.649,258.142,270.869,378.398,321.695,224.278,211.041,179.264,285.217,163.837,150.568,47.684,382.617,322.907,67.138,129.388,278.001,295.445,370.465,91.497,332.738,334.594,347.934,143.586,282.854,235.598,325.976,236.924,231.152,388.936,309.43,412.11,371.204,209.39,249.804,219.585,289.078,372.329,257.81,300.63,226.44,391.345,445.078,29.084,180.519,250.18,246.706,334.109,236.373,287.27,407.808,261.002,0,179.797,356.35,414.167,212.65,353.819,243.465,286.161,367.8,358.209,173.117,204.054,158.233,136.088,408.123,346.046,235.932,319.763,267.356,285.013,47.879,126.692,352.638,188.064,332.425
"Pocahontas",155.908,324.309,324.89,359.697,138.761,253.85,378.651,146.231,196.039,272.394,278.609,170.723,60.36,95.634,144.96,327.047,163.521,73.539,223.432,258.671,374.154,371.19,447.332,229.543,282.587,390.116,293.096,310.961,222.759,106.041,371.9,90.167,252.85,196.629,469.3,334.625,169.783,203.159,133.443,307.163,208.437,157.142,163.52,110.794,359.652,38.573,113.636,313.29,412.659,67.685,104.804,148.164,248.959,498.793,457.887,221.108,336.487,306.268,300.796,209.708,199.433,312.348,313.123,257.916,275.599,209.906,329.464,261.898,115.584,420.792,116.223,258.671,256.032,272.72,179.408,0,372.121,244.688,224.368,265.748,74.226,372.844,200.491,188.991,184.835,258.542,215.265,183.73,420.397,432.729,321.231,406.446,354.039,360.629,143.004,294.767,183.42,159.269,344.143
"Polk",250.065,72.982,303.97,112.109,300.739,240.463,6.529,226.545,227.232,311.668,114.428,241.645,319.086,307.392,227.186,45.073,342.319,442.025,266.555,161.047,215.275,284.579,226.6,167.959,130.123,67,197.534,212.238,157.903,475.62,250.897,459.746,244.353,280.296,107.092,37.496,265.88,193.06,256.805,93.132,321.243,236.247,365.208,471.045,163.835,330.894,377.343,94.519,248.72,311.383,267.772,524.1,184.845,136.585,102.195,153.329,155.099,137.971,134.875,603.187,199.14,59.772,144.97,266.76,336.463,313.174,284.548,109.359,492.21,110.875,484.888,161.047,297.935,120.934,358.206,371.196,0,364.945,146.888,229.658,328.643,108.79,318.578,407.772,189.29,135.773,182.91,211.106,57.193,89.197,90.117,45.222,185.746,47.433,347.117,301.559,466.381,212.758,121.366
"Pottawattamie",122.007,330.377,568.302,348.165,122.218,180.559,375.763,244.968,446.912,142.325,284.677,411.463,205.394,166.985,169.374,324.159,404.131,200.624,464.042,206.242,499.304,556.435,529.54,209.43,271.055,387.239,226.235,496.206,209.948,330.602,534.926,355.031,500.35,437.239,458.747,331.737,410.393,341.73,153.62,295.631,56.431,342.387,80.534,202.381,292.448,283.968,155.598,353.897,551.66,194.028,202.72,197.888,181.756,488.24,468.991,214.3,439.128,422,231.449,276.975,177.202,309.46,428.999,155.308,34.462,450.516,557.746,255.856,323.752,457.999,256.927,206.242,122.67,260.566,420.018,249.904,369.233,0,246.959,191.364,186.726,410.051,55.781,81.56,270.588,322.747,307.836,316.308,417.52,470.277,327.299,394.258,469.775,366.697,408.929,535.377,140.169,241.688,280.122
"Poweshiek",125.993,93.979,308.03,143.944,176.667,191.33,153.585,79.95,186.64,250.876,48.279,161.789,172.491,160.797,96.166,101.981,195.724,295.43,219.858,113.976,262.906,296.163,293.142,84.848,66.834,165.05,148.401,235.934,37.685,329.025,298.528,313.151,240.078,228.832,270.45,109.559,169.042,105.784,109.361,91.41,197.171,98.531,241.136,324.45,143.899,184.299,239.144,117.499,315.262,164.788,121.177,400.028,136.136,299.943,259.037,36.034,202.73,166.576,106.47,479.115,84.516,87.282,173.568,218.051,271.784,242.109,297.474,36.832,345.615,221.601,338.293,113.976,234.514,42.39,211.611,224.601,147.055,240.873,0,180.525,182.048,173.653,194.506,283.7,51.574,86.801,71.89,80.362,195.331,233.879,90.901,207.596,233.377,130.299,200.522,280.938,342.309,67.162,128.39
"Ringgold",125.603,200.853,501.998,116.624,173.116,10.804,235.946,190.588,380.608,82.009,218.373,345.159,211.784,204.635,151.457,191.951,337.827,328.813,397.738,69.519,433,490.131,463.236,113.833,131.529,157.879,34.87,429.902,143.939,370.198,468.622,354.324,434.046,370.935,245.65,199.529,344.089,275.426,132.33,162.238,170.797,276.083,237.585,397.375,101.083,254.076,279.447,287.593,485.356,208.626,165.561,392.882,50.167,268.336,303.301,148.291,372.824,355.696,94.726,471.969,106.265,187.644,362.695,51.6,161.489,384.212,491.442,190.794,389.059,391.695,372.988,69.519,76.93,195.504,353.714,265.774,229.416,190.399,180.655,0,224.428,343.747,190.955,276.554,204.284,256.443,241.532,250.004,207.095,319.985,260.995,270.256,403.471,238.923,342.625,469.073,335.163,175.384,105.715
"Sac",102.287,282.168,384.404,307.035,64.545,226.747,336.51,106.973,263.014,198.178,236.468,227.883,18.668,21.263,103.98,284.906,220.551,108.87,280.462,218.118,375.501,372.537,420.227,188.99,229.925,347.975,252.543,312.308,169.17,155.742,373.247,162.783,316.452,253.659,419.483,292.484,226.813,204.506,92.098,254.501,137.635,158.489,89.633,137.89,318.756,101.366,57.096,270.865,414.006,25.993,65.144,188.53,199.655,448.976,447.226,178.967,337.834,307.615,246.922,281.419,156.264,270.207,314.47,201.496,212.248,266.936,373.848,219.757,159.055,409.79,151.733,218.118,181.816,230.579,236.438,74.233,329.98,181.337,182.227,224.403,0,361.842,134.97,125.903,142.41,216.117,201.26,157.439,378.256,422.068,279.09,355.005,355.386,318.488,213.364,351.797,155.934,117.346,295.595
"Scott",282.624,140.466,226.386,234.128,333.298,347.961,102.336,252.156,177.9,407.507,135.313,193.107,344.697,333.003,252.797,147.638,275.029,436.716,218.017,270.607,105.38,176.389,140.8,241.479,207.103,189.019,305.032,134.654,194.316,470.311,141.002,454.437,166.769,231.758,128.686,136.661,217.342,185.501,265.992,181.934,353.802,225.324,397.767,465.736,275.832,325.585,413.996,68.025,162.92,336.994,293.383,516.376,292.767,158.179,93.805,192.665,47.486,60.387,237.983,635.746,241.147,146.817,67.386,374.682,428.415,264.636,206.964,160.465,486.901,48.636,479.579,270.607,391.145,151.832,277.882,365.887,108.749,397.504,166.723,337.156,354.254,0,351.137,440.331,199.716,130.844,166.849,195.031,154.192,71.125,85.695,65.832,75.851,80.586,327.707,223.975,498.94,238.369,243.385
"Shelby",70.671,279.041,516.966,296.829,70.882,180.044,324.427,193.632,395.576,145.041,233.341,360.127,154.058,115.649,118.038,272.823,352.795,155.573,412.706,207.912,447.968,505.099,478.204,158.094,219.719,335.903,242.337,444.87,158.612,240.406,483.59,265.86,449.014,385.903,407.411,280.401,359.057,290.394,102.284,244.295,25.658,291.051,50.538,213.922,308.55,234.577,106.207,302.561,500.324,142.692,151.384,209.429,169.414,436.904,417.655,162.964,387.792,370.664,236.716,288.516,125.866,258.124,377.663,154.793,81.185,399.18,506.41,204.52,243.719,406.663,199.748,207.912,128.679,209.23,368.682,200.513,317.897,50.274,195.623,190.849,135.39,358.715,0,93.101,219.252,271.411,256.5,264.972,366.184,418.941,275.963,342.922,418.439,315.361,357.593,484.041,151.71,190.352,285.389
"Sioux",161.221,369.591,506.273,387.379,107.333,267.102,414.977,193.494,384.883,228.868,323.891,349.752,144.563,107.784,167.145,363.373,342.42,114.135,402.331,298.462,497.37,494.406,568.754,248.644,310.269,426.453,332.887,434.177,249.162,262.584,495.116,287.013,438.321,375.528,497.961,370.951,348.682,326.375,151.478,334.845,116.208,280.358,36.609,134.363,399.1,223.276,74.749,393.111,535.875,133.212,151.665,129.87,259.964,527.454,508.205,253.514,478.342,382.413,327.266,208.957,216.416,348.674,389.405,241.851,121.005,388.805,495.717,295.07,255.734,497.213,188.909,298.462,209.213,299.78,358.307,189.212,408.447,82.042,286.173,277.907,125.895,449.265,94.995,0,228.931,302.638,287.781,306.946,456.734,509.491,366.513,433.472,508.989,405.911,335.233,473.666,72.151,203.867,375.939
"Story",149.912,135.7,300.656,198.604,169.72,215.249,195.306,40.231,179.266,274.795,90,163.033,132.772,121.078,115.477,143.702,155.701,255.407,215.612,137.895,234.956,288.789,280.963,108.767,121.494,206.771,172.32,228.56,61.666,289.002,270.578,273.128,232.704,188.809,302.569,151.28,161.963,95.89,128.307,146.07,221.09,74.73,192.605,284.427,198.559,144.276,199.425,131.601,271.754,125.069,81.458,335.067,160.055,332.062,291.156,60.015,181.668,156.628,139.703,427.956,108.435,129.003,163.62,241.97,295.703,202.086,290.1,78.553,305.592,254.061,298.27,137.895,258.433,84.111,171.588,184.578,188.776,264.792,50.644,204.444,142.329,206.113,218.425,228.875,0,76.853,61.996,59.88,237.052,265.998,132.622,239.715,205.427,172.02,160.499,286.947,302.471,38.37,183.05
"Tama",200.931,76.141,224.11,162.041,251.605,266.268,141.813,114.265,109.081,325.814,71.039,118.81,206.806,195.112,171.104,101.264,200.732,329.441,143.72,188.914,160.614,215.346,206.621,159.786,142.829,167.946,223.339,155.117,112.623,363.036,196.236,347.162,159.261,157.461,228.227,108.842,120.544,57.286,184.299,121.681,272.109,124.531,266.639,358.461,211.558,218.31,273.459,57.259,197.412,199.103,155.492,409.101,211.074,257.72,216.814,110.972,107.326,82.286,181.408,501.99,159.454,86.565,89.278,292.989,346.722,190.339,216.657,96.191,379.626,179.719,372.304,188.914,309.452,87.558,203.585,258.612,135.283,315.811,87.23,255.463,216.363,131.771,269.444,302.909,77.082,0,44.215,72.397,188.709,191.656,47.694,165.373,131.085,93.804,234.533,197.018,376.505,112.404,171.298
"Taylor",185.612,105.01,242.974,182.863,236.286,250.949,189.339,98.975,121.584,310.495,59.313,96.733,191.516,179.822,155.785,130.133,142.363,286.252,154.802,173.595,202.211,231.107,248.218,144.467,131.479,194.842,208.02,170.878,97.304,319.847,231.817,303.973,175.022,137.61,269.824,137.711,103.986,40.728,168.98,130.329,256.79,74.86,251.349,315.272,195.364,175.121,263.532,98.856,239.009,183.813,140.202,365.912,195.755,299.317,258.411,95.653,148.923,123.883,166.089,458.801,144.135,115.434,130.875,277.67,331.403,155.406,232.418,79.997,336.437,221.316,329.115,173.595,294.133,77.511,158.31,215.423,182.809,300.492,71.911,240.144,201.073,173.368,254.125,287.619,61.792,44.108,0,29.278,225.123,233.253,91.803,206.97,172.682,141.33,191.655,215.882,333.316,97.114,179.855
"Union",194.066,133.671,238.994,197.274,244.74,259.403,218,97.144,117.604,318.949,87.974,92.753,143.583,177.991,164.239,158.794,118.532,254.677,150.822,182.049,230.091,227.127,276.874,152.921,139.933,221.406,216.474,166.898,105.758,288.272,227.837,272.398,171.042,133.63,298.48,166.372,100.006,36.748,177.434,144.74,265.244,43.285,249.518,283.697,209.775,143.546,231.957,127.512,268.596,150.908,138.371,334.337,204.209,327.973,287.067,104.107,177.579,152.539,174.543,427.226,152.589,144.095,159.531,286.124,339.857,151.426,228.438,94.408,304.862,249.972,297.54,182.049,302.587,91.922,134.479,183.848,211.47,308.946,80.365,248.598,157.449,202.024,262.579,307.312,59.961,72.764,29.26,0,251.687,261.909,120.459,235.626,201.338,169.991,160.08,211.902,301.741,95.283,194.266
"Van Buren",294.445,122.926,355.623,90.443,345.119,217.874,50.714,275.121,307.137,289.079,166.934,322.344,367.662,355.968,275.762,95.255,390.895,490.601,347.254,183.641,266.928,336.232,270.057,216.548,178.712,51.637,172.198,263.891,206.479,524.196,302.55,508.322,296.006,360.995,51.665,87.678,346.579,245.569,288.957,124.43,365.623,284.823,409.588,519.621,142.627,379.47,425.919,138.119,292.177,359.959,316.348,568.48,207.439,74.351,105.762,201.905,206.752,189.624,157.469,647.567,247.729,109.717,196.623,258.67,359.057,393.873,336.201,157.935,540.786,154.332,533.464,183.641,284,169.51,406.782,419.772,57.981,409.325,195.464,207.069,377.219,154.044,362.958,452.152,237.866,189.2,225.198,251.574,0,122.446,143.544,77.653,237.399,105.414,395.693,353.212,510.761,261.334,125.979
"Wapello",349.808,146.452,293.229,201.235,400.482,329.589,82.779,319.34,244.743,400.794,202.497,259.95,411.881,400.187,319.981,124.681,341.872,503.559,284.86,250.173,146.297,236.025,150.843,308.663,208.276,156.126,286.66,201.497,261.5,537.154,201.668,521.28,233.612,298.601,91.974,117.104,284.185,252.344,333.176,190.962,420.986,292.167,464.951,532.579,252.961,392.428,480.839,135.209,172.963,404.178,360.567,583.219,273.971,104.336,23.802,259.849,144.358,127.23,224.001,702.93,308.331,137.925,134.229,355.886,495.599,331.479,273.807,187.512,553.744,35.118,546.422,250.173,387.061,219.016,344.725,432.73,89.192,464.688,233.907,318.784,421.438,71.125,418.321,507.515,266.559,198.028,233.692,261.874,121.299,0,152.879,53.53,127.752,109.843,394.55,290.818,566.124,305.553,210.492
"Warren",205.984,60.778,244.066,145.133,256.658,271.321,96.647,175.516,136.657,330.867,58.673,151.07,268.057,256.363,176.157,70.477,232.992,390.996,175.98,193.967,181.751,251.055,211.987,164.839,130.463,122.78,228.392,178.714,117.676,424.591,217.373,408.717,169.531,189.721,189.295,70.938,175.305,104.981,189.352,104.773,277.162,179.442,321.127,420.016,199.192,279.865,326.314,26.14,234.107,260.354,216.743,480.019,216.127,218.788,177.882,116.025,121.575,104.447,161.343,559.106,164.507,69.656,111.446,298.042,351.775,222.599,226.992,83.825,441.181,140.446,433.859,193.967,314.505,75.192,235.845,320.167,90.117,320.864,90.083,260.516,277.614,92.498,274.497,363.691,132.485,47.694,91.91,120.092,143.543,152.724,0,126.441,152.222,48.638,296.088,224.594,422.3,161.729,154.39
"Washington",275.121,93.355,267.419,152.755,325.795,281.109,38.809,251.601,218.933,352.314,176.687,234.14,344.142,332.448,252.242,80.711,316.062,477.749,259.05,201.693,178.724,248.028,181.377,193.015,155.179,119.989,238.18,175.687,182.959,511.344,214.346,495.47,207.802,272.791,90.327,73.134,258.375,226.534,281.861,119.945,346.299,266.357,390.264,506.769,204.481,366.618,455.029,109.399,203.497,336.439,292.828,557.409,225.491,119.82,76.001,178.385,118.548,101.42,175.521,628.243,224.196,84.828,108.419,307.406,420.912,305.669,247.997,134.415,527.934,65.652,520.612,201.693,338.581,145.99,318.915,406.92,45.222,390.001,208.097,270.304,353.699,65.84,343.634,432.828,240.749,172.218,207.882,236.064,83.045,53.321,104.046,0,149.195,56.746,368.74,265.008,491.437,237.814,162.012
"Wayne",347.559,205.401,162.992,287.229,398.233,412.896,178.987,242.497,165.995,472.442,200.248,181.202,348.836,323.344,317.732,212.573,263.124,424.811,206.112,335.542,27.052,106.117,115.297,306.414,272.038,272,369.967,47.572,259.251,458.406,70.73,442.532,125.403,219.853,211.667,213.034,205.437,173.596,330.927,246.869,418.737,213.419,394.871,453.831,340.767,313.68,402.091,111.393,73.279,356.161,283.724,504.471,357.702,241.16,150.452,257.6,38.12,49.531,302.918,597.36,306.082,211.752,40.107,439.617,493.35,252.731,131.865,225.4,474.996,90.379,467.674,335.542,456.08,216.767,265.977,353.982,185.4,462.439,231.658,402.091,362.702,79.147,416.072,505.266,205.314,130.156,172.447,210.743,237.173,127.772,150.63,148.813,0,156.565,315.802,182.609,471.875,240.636,296.486
"Webster",246.074,46.342,275.762,126.736,296.748,250.128,53.944,215.606,185.753,321.333,98.763,200.166,308.147,296.453,216.247,52.08,282.088,431.086,225.076,168.206,187.067,256.371,217.303,159.446,121.61,100.283,207.199,184.03,157.766,464.681,222.689,448.807,216.145,238.817,146.224,53.428,224.401,151.581,229.442,86.376,317.252,219.532,361.217,460.106,178.462,319.955,366.404,47.086,239.423,300.444,256.833,520.109,192.968,175.717,134.811,156.115,126.891,109.763,144.547,599.196,204.597,51.259,116.762,274.883,391.865,271.695,256.34,100.846,481.271,99.571,473.949,168.206,354.595,89.48,284.941,360.257,47.414,360.954,130.173,239.323,317.704,80.59,314.587,403.781,172.575,94.294,141.431,169.627,104.607,109.653,48.638,56.715,157.538,0,336.178,273.351,462.39,201.819,135.993
"Winnebago",287.284,300.588,196.384,335.976,284.828,352.621,354.93,160.629,156.472,412.167,254.888,138.351,206.427,241.701,253.168,303.326,51.591,215.889,124.442,275.267,337.426,253.564,410.604,246.139,258.866,366.395,309.692,274.233,199.038,134.045,335.172,118.618,200.523,97.639,432.572,310.904,117.093,179.735,251.888,283.442,358.462,123.178,309.566,253.144,335.931,106.763,259.682,285.553,375.931,213.752,202.788,283.197,297.427,462.065,421.159,197.387,299.759,269.54,277.075,271.436,245.807,288.627,276.395,379.342,433.075,68.653,230.474,238.177,143.588,384.064,201.228,275.267,395.805,248.999,47.879,142.974,348.4,402.164,200.647,341.816,220.293,336.116,355.797,335.037,161.114,234.821,191.841,160.306,396.676,396.001,297.51,369.718,317.311,336.908,0,166.261,329.466,176.061,320.422
"Winneshiek",414.86,273.309,31.893,359.209,423.573,480.197,294.933,305.498,97.448,539.743,268.207,122.091,345.172,386.345,380.744,287.111,142.526,368.285,75.391,402.843,173.569,85.97,271.515,373.715,340.896,339.414,437.268,136.76,326.614,324.602,152.71,299.869,57.827,108.285,327.613,287.572,118.648,175.505,393.574,318.849,486.038,215.328,448.311,450.167,404.591,259.159,398.427,215.857,212.567,352.497,346.725,474.435,425.003,357.106,316.2,324.963,194.991,164.581,404.651,457.828,373.383,283.733,178.604,506.918,560.651,103.772,49.232,289.224,332.205,279.105,404.933,402.843,523.381,284.726,126.707,295.37,301.346,529.74,281.328,469.392,359.038,231.157,483.373,473.782,288.69,197.167,216.269,212.652,353.119,291.042,216.191,264.759,184.232,272.511,166.276,0,468.211,303.637,368.466
"Woodbury",219.667,428.037,499.099,445.825,219.878,325.548,473.423,262.273,377.709,287.314,382.337,342.578,176.422,155.659,267.034,421.819,335.246,97.808,395.157,356.908,490.196,487.232,563.374,307.09,368.715,484.899,391.333,427.003,307.608,190.842,487.942,215.271,431.147,368.354,556.407,429.397,341.508,319.201,251.28,393.291,174.654,273.184,100.149,62.621,457.546,216.102,96.051,451.557,528.701,183.747,220.866,58.128,318.41,585.9,566.651,311.96,452.529,422.31,385.712,137.215,274.862,407.12,429.165,300.297,179.451,381.631,488.543,353.516,183.992,555.659,117.167,356.908,267.659,358.226,351.133,182.038,466.893,140.488,344.619,336.353,154.114,507.711,153.441,72.768,300.877,374.584,331.307,299.772,515.18,567.937,424.959,491.918,470.081,464.357,328.059,466.492,0,275.311,434.385
"Worth",119.961,165.613,336.417,196.861,131.356,185.298,219.955,15.585,215.027,244.844,119.913,179.578,108.126,96.432,75.619,168.351,172.246,230.258,232.157,107.944,270.223,324.55,316.23,78.816,119.751,231.42,142.369,264.321,58.996,263.853,325.26,247.979,268.465,205.354,302.928,175.929,178.508,131.157,88.01,144.327,191.139,110.502,167.959,259.278,208.582,119.127,174.779,166.868,307.021,100.423,56.812,309.918,130.104,332.421,330.671,63.967,216.935,191.895,136.748,402.807,78.484,153.652,198.887,212.019,265.752,218.631,325.861,103.202,280.443,293.235,273.121,107.944,228.482,114.024,188.133,159.429,213.425,234.841,67.161,174.493,117.683,245.287,188.474,204.229,38.413,112.12,97.263,95.147,261.701,305.513,162.535,238.45,240.694,201.933,177.044,303.492,277.322,0,185.421
"Wright",217.417,98.651,416.291,35.535,268.091,116.521,127.69,197.982,281.088,187.726,128.039,321.088,290.523,278.829,200.306,83.714,313.756,413.462,373.667,74.952,327.596,396.9,357.832,124.327,65.274,76.79,70.845,324.559,120.17,447.057,363.218,431.183,325.088,346.864,164.561,91.292,320.018,226.912,224.157,63.843,288.595,252.012,332.56,442.482,41.274,302.331,374.422,181.697,379.952,282.82,232.405,491.452,98.75,187.247,195.045,122.05,267.42,250.292,48.78,570.539,156.825,85.442,257.291,157.317,250.368,360.141,396.869,100.596,463.647,243.615,456.325,74.952,182.647,112.171,329.643,342.633,121.16,279.278,128.394,105.716,296.229,243.327,285.93,375.124,180.213,172.006,179.82,201.49,126.006,211.729,155.099,162,298.067,136.721,318.554,369.025,433.733,185.878,0
