"","Alcona","Alger","Allegan","Alpena","Antrim","Arenac","Baraga","Barry","Bay","Benzie","Berrien","Branch","Calhoun","Cass","Charlevoix","Cheboygan","Chippewa","Clare","Clinton","Crawford","Delta","Dickinson","Eaton","Emmet","Federal Correctional Institution (FCI)","Genesee","Gladwin","Gogebic","Grand Traverse","Gratiot","Hillsdale","Houghton","Huron","Ingham","Ionia","Iosco","Iron","Isabella","Jackson","Kalamazoo","Kalkaska","Kent","Keweenaw","Lake","Lapeer","Leelanau","Lenawee","Livingston","Luce","Mackinac","Macomb","Manistee","Marquette","Mason","Mecosta","Menominee","Michigan Department of Corrections (MDOC)","Midland","Missaukee","Monroe","Montcalm","Montmorency","Muskegon","Newaygo","Oakland","Oceana","Ogemaw","Ontonagon","Osceola","Oscoda","Otsego","Ottawa","Presque Isle","Roscommon","Saginaw","Sanilac","Schoolcraft","Shiawassee","St. Clair","St. Joseph","Tuscola","Van Buren","Washtenaw","Wayne","Wexford"
"Alcona",0,128.021,453.56,41.849,292.431,113.523,577.741,415.657,206.559,278.074,532.073,324.459,403.701,517.208,222.207,168.251,288.217,241.462,368.884,276.857,337.878,512.978,366.388,412.409,256.094,237.483,166.416,650.614,225.998,252.524,433.059,620.583,368.56,333.609,379.557,324.891,548.368,256.255,384.452,448.394,186.139,389.604,591.975,549.746,281.38,273.505,393.208,158.048,221.245,-1,341.496,321.431,461.553,346.188,297.018,515.714,256.094,198.275,215.496,398.663,346.096,119.201,412.939,355.938,316.745,372.698,130.813,644.089,280.283,41.121,449.895,405.672,76.478,144.576,195.202,304.182,467.346,282.084,370.017,518.636,220.68,356.895,327.556,354.796,249.057
"Alger",129.049,0,366.792,159.955,187.568,29.687,606.138,310.794,182.832,190.828,427.21,212.389,298.838,412.345,198.48,215.379,150.682,103.927,264.021,142.875,233.015,541.375,261.525,307.546,198.544,132.62,60.543,679.011,168.448,147.661,328.196,648.98,263.697,228.746,274.694,220.028,576.765,118.72,279.589,343.531,128.589,270.455,620.372,444.883,176.517,215.955,288.345,136.341,116.382,-1,236.633,208.767,489.95,241.325,159.483,544.111,198.544,93.412,102.832,293.8,208.561,132.447,293.79,236.789,211.882,253.549,26.828,672.486,142.748,88.209,363.127,300.809,186.424,66.654,90.339,199.319,362.483,177.221,265.154,421.367,115.817,252.032,222.693,249.933,156.465
"Allegan",453.205,366.796,0,448.035,191.957,361.745,641.276,50.702,355.941,288.368,95.479,201.323,111.249,80.614,353.388,436.614,174.936,222.997,218.836,191.44,148.858,507.474,143.661,99.706,309.179,248.564,274.412,650.529,289.298,182.45,179.151,684.118,254.429,191.142,116.201,209.69,549.073,208.953,159.142,48.957,279.985,65.368,655.51,113.197,262.321,337.197,220.475,357.576,247.618,-1,320.161,221.01,711.185,178.933,165.796,436.785,309.179,237.355,237.233,284.532,120.918,401.327,93.779,121.999,295.41,150.728,318.331,696.267,199.879,431.202,16.601,287.424,495.018,306.596,260.685,372.158,63.695,195.885,350.958,86.605,273.674,238.266,211.353,246.979,254.597
"Alpena",41.849,160.045,456.3,0,341.532,162.624,535.891,465.888,167.138,254.048,534.88,327.199,453.932,538.786,182.786,126.401,290.957,244.202,417.985,279.597,387.896,471.128,416.619,462.64,235.254,286.584,202.244,608.764,205.158,310.521,483.077,578.733,417.661,382.71,363.052,373.992,506.518,258.995,435.356,473.921,168.72,392.344,550.125,547.968,330.481,252.665,442.309,118.627,270.346,-1,390.597,294.817,419.703,396.206,299.758,473.864,235.254,247.376,218.236,447.764,348.836,79.78,415.679,358.678,365.846,375.438,158.013,602.239,283.023,78.102,452.635,454.773,34.628,150.107,244.303,353.283,488.659,331.185,419.118,521.376,269.781,405.996,376.657,403.897,234.673
"Antrim",291.894,186.648,193.64,342.131,0,181.597,777.902,137.642,354.596,313.613,254.058,302.278,125.686,239.193,370.244,387.143,198.607,161.983,108.338,134.379,59.863,713.139,88.373,134.394,334.424,68.416,199.017,850.775,314.649,98.469,155.044,820.744,127.221,50.968,101.542,42.121,748.529,149.217,107.323,170.379,300.353,144.681,792.136,271.731,82.173,362.548,125.761,308.105,67.47,-1,140.013,335.2,661.714,68.173,177.806,550.975,334.424,144.688,254.373,157.324,151.487,314.623,207.969,199.922,115.262,264.918,206.971,844.25,215.744,251.054,189.975,176.024,368.6,246.797,80.537,192.01,189.331,9.048,170.81,248.215,93.526,115.487,86.148,113.457,279.842
"Arenac",113.523,29.687,361.358,162.534,182.134,0,640.179,305.36,216.873,217.661,421.776,207.965,293.404,406.911,232.521,249.42,146.258,99.503,258.587,137.441,227.581,575.416,256.091,302.112,232.585,127.186,56.119,713.052,202.489,142.227,322.762,683.021,258.263,223.312,269.26,214.594,610.806,114.296,274.155,338.097,162.63,266.031,654.413,439.449,171.083,249.996,282.911,170.382,110.948,-1,231.199,219.175,523.991,235.891,155.059,578.152,232.585,87.978,136.873,288.366,204.137,174.584,289.366,232.365,206.448,249.125,60.869,706.527,138.324,72.683,357.693,295.375,189.003,100.695,84.905,193.885,357.049,171.787,259.72,415.933,110.383,246.598,217.259,244.499,183.89
"Baraga",577.072,606.247,641.295,535.222,777.303,639.983,0,836.725,458.429,620.271,782.134,485.781,824.769,804.911,467.373,408.82,661.794,615.039,862.796,650.434,758.733,137.034,787.456,833.477,601.477,731.395,619.68,136.536,571.381,681.358,853.914,45.724,862.472,779.252,733.889,797.286,92.202,629.832,806.193,695.047,534.943,613.47,31.108,759.093,775.292,618.888,867.526,470.402,715.157,-1,835.408,505.468,116.72,767.043,670.595,252.841,601.477,665.823,589.073,892.575,719.673,483.232,553.568,576.91,810.657,494.471,584.075,66.347,653.86,628.66,673.761,899.584,506.248,542.468,689.114,798.094,709.785,775.996,863.929,781.12,714.592,850.807,821.468,848.708,600.896
"Barry",417.47,312.224,50.509,467.896,137.385,307.173,839.007,0,374.81,307.237,121.134,244.879,62.702,106.269,372.257,448.248,193.805,223.088,170.289,162.67,83.988,562.476,58.677,43.742,328.048,193.992,266.98,705.531,308.167,159.574,130.604,881.849,205.882,99.753,79.393,133.729,604.075,210.322,110.595,34.323,298.854,84.237,853.241,138.807,207.749,356.066,171.928,369.21,193.046,-1,248.342,276.012,722.819,87.544,184.665,491.787,328.048,214.67,256.102,235.985,107.827,421.188,148.781,140.868,240.838,205.73,332.547,751.269,218.748,376.63,30.674,238.877,506.652,318.23,206.113,317.586,56.407,141.313,285.46,115.291,219.102,189.719,162.806,198.432,273.466
"Bay",206.559,183.478,355.841,167.048,354.534,217.214,459.415,375.207,0,145.701,434.421,226.74,402,438.327,18.516,81.248,239.025,192.27,440.027,227.665,335.964,394.652,364.687,410.708,126.907,308.626,196.911,532.288,96.811,258.589,431.145,502.257,439.703,356.483,311.12,374.517,430.042,207.063,383.424,373.462,76.536,291.885,473.649,447.509,352.523,144.318,444.757,53.793,292.388,-1,412.639,202.633,343.227,344.274,235.263,397.388,126.907,243.054,124.234,469.806,271.653,106.474,315.22,258.219,387.888,274.979,161.306,525.763,182.15,246.229,352.176,476.815,150.975,119.699,266.345,375.325,388.2,353.227,441.16,420.917,291.823,428.038,398.699,425.939,142.489
"Benzie",278.124,192.38,288.395,253.953,314.612,218.229,621.33,307.761,145.688,0,366.975,100.367,368.308,370.881,127.185,230.571,149.803,146.816,403.196,187.743,296.042,423.805,324.765,356.765,52.647,290.357,162.546,566.86,51.112,218.667,391.223,664.172,421.434,316.561,250.704,334.595,465.404,167.141,343.502,306.016,95.6,224.439,635.564,380.063,334.254,82.766,404.835,151.559,274.119,-1,394.37,52.394,505.142,304.352,167.817,353.116,52.647,203.132,91.251,451.537,204.207,207.245,186.444,161.33,369.619,127.347,170.208,687.678,114.574,255.131,284.73,458.546,288.975,158.473,248.076,357.056,320.754,318.54,422.891,353.471,273.554,409.769,380.43,407.67,48.174
"Berrien",534.021,428.775,95.791,525.855,253.936,423.724,782.328,121.073,433.761,366.188,0,264.032,140.276,26.789,431.208,514.434,252.756,300.817,247.863,269.26,200.539,648.526,172.688,128.733,386.999,310.543,352.232,798.727,367.118,276.125,204.135,825.17,283.456,226.905,201.956,250.28,690.125,286.773,188.169,89.833,357.805,144.53,796.562,26.93,324.3,415.017,249.502,435.396,309.597,-1,347.429,283.719,789.005,219.523,243.616,577.837,386.999,331.221,315.053,313.559,198.738,479.147,156.488,199.819,357.389,213.437,396.151,856.151,277.699,493.181,108.31,300.387,572.838,384.416,322.664,434.137,92.932,257.864,384.547,29.178,335.653,267.293,240.38,276.006,332.417
"Branch",324.452,206.61,225.293,319.282,301.998,209.475,485.66,244.659,227.188,98.466,264.975,0,305.206,286.188,200.592,307.861,97.016,117.896,387.818,158.31,258.899,351.858,263.11,293.663,143.733,260.924,153.792,494.913,124.519,189.234,373.108,528.502,392.001,301.183,187.602,319.731,393.457,137.708,328.124,242.914,151.232,161.337,499.894,278.063,304.821,167.794,389.457,228.823,244.686,-1,364.937,46.773,582.432,288.974,104.715,281.169,143.733,173.699,108.48,422.104,141.105,272.574,114.497,84.216,340.186,55.4,189.578,540.651,79.259,278.932,221.628,429.113,366.265,177.843,218.643,327.623,257.652,305.926,393.458,251.471,244.121,380.336,350.997,378.237,85.642
"Calhoun",404.522,299.276,111.206,454.948,124.437,294.225,826.059,57.036,402.753,367.934,140.984,305.576,0,126.119,418.401,435.3,254.502,210.14,110.866,182.536,71.04,623.173,43.189,21.32,388.745,181.044,254.032,898.932,368.864,146.626,58.347,868.901,146.459,89.908,97.983,100.108,796.686,197.374,51.172,57.305,359.551,144.934,840.293,158.657,194.801,416.763,112.505,356.262,180.098,-1,210.432,336.709,709.871,81.403,180.469,552.484,388.745,201.722,302.53,176.562,147.082,408.24,209.478,201.565,199.279,266.427,319.599,892.407,263.901,363.682,89.966,179.454,493.704,305.282,193.165,304.638,76.257,128.365,247.55,135.141,206.154,130.296,103.383,139.009,334.163
"Cass",518.125,412.879,79.895,530.049,238.04,407.828,806.934,105.177,437.955,370.382,26.789,285.246,124.38,0,435.402,518.628,256.95,323.743,180.664,273.454,184.643,673.132,156.792,112.837,391.193,294.647,356.426,823.333,371.312,260.229,125.487,849.776,267.56,211.009,198.215,234.384,714.731,310.977,172.273,73.937,361.999,147.382,821.168,50.647,308.404,419.211,226.988,439.59,293.701,-1,331.533,304.933,793.199,203.627,247.81,602.443,391.193,315.325,319.247,284.194,202.932,483.341,177.702,204.013,341.493,234.651,433.202,880.757,281.893,477.285,92.414,260.403,577.032,388.61,306.768,418.241,52.401,241.968,368.651,53.144,319.757,251.397,224.484,260.11,336.611
"Charlevoix",222.207,199.126,353.288,182.696,370.182,232.862,468.359,372.654,18.503,127.185,431.868,200.518,417.648,435.774,0,90.192,214.826,207.918,455.675,243.313,351.612,403.596,380.335,426.356,108.391,324.274,212.559,541.232,78.295,274.237,446.793,511.201,455.351,372.131,315.597,390.165,438.986,222.711,399.072,370.909,73.983,289.332,482.593,444.956,368.171,125.802,460.405,72.296,308.036,-1,428.287,178.741,352.171,359.922,232.71,406.332,108.391,258.702,121.681,485.454,269.1,115.418,312.667,255.666,403.536,255.919,176.954,534.707,179.597,261.877,349.623,492.463,159.919,135.347,281.993,390.973,385.647,368.875,456.808,418.364,307.471,443.686,414.347,441.587,117.574
"Cheboygan",168.251,216.442,437.332,126.401,387.498,250.178,409.489,446.92,81.214,230.466,515.912,308.231,434.964,519.818,90.158,0,271.989,225.234,472.991,260.629,368.928,344.726,397.651,443.672,211.672,341.59,229.875,482.362,181.576,291.553,464.109,452.331,472.667,389.447,344.084,407.481,380.116,240.027,416.388,454.953,145.138,373.376,423.723,529,385.487,229.083,477.721,80.597,325.352,-1,445.603,305.203,293.301,377.238,280.79,347.462,211.672,276.018,199.268,502.77,329.868,71.445,396.711,339.71,420.852,356.47,194.27,475.837,264.055,204.504,433.667,509.779,97.427,152.663,299.309,408.289,469.691,386.191,474.124,502.408,324.787,461.002,431.663,458.903,211.091
"Chippewa",289.944,144.903,175.686,293.001,198.334,147.768,664.112,195.052,216.914,149.235,254.266,97,245.8,258.172,214.361,273.353,0,50.202,286.918,67.06,179.764,599.349,208.487,182.629,170.046,188.774,92.085,736.985,150.271,102.389,274.945,706.954,309.404,200.283,103.224,218.317,634.739,49.389,227.224,193.307,140.958,111.73,678.346,267.354,232.671,198.17,288.557,194.315,155.206,-1,292.787,150.749,547.924,188.074,19.15,378.17,170.046,101.549,81.664,339.507,69.5,246.293,135.065,73.809,268.036,104.295,148.625,730.46,26.948,217.225,172.021,358.207,331.757,143.335,146.493,255.473,208.045,202.262,321.308,240.762,171.971,297.67,268.331,295.64,115.464
"Clare",241.601,96.56,223.762,244.658,162.031,99.425,615.769,221.453,192.463,146.231,337.869,118.102,209.497,323.004,208.111,225.01,50.156,0,250.615,35.162,143.461,551.006,172.184,218.205,167.042,139.73,43.742,688.642,147.267,66.086,238.642,658.611,270.807,163.98,118.617,182.014,586.396,14.56,190.921,254.19,138.22,159.806,630.003,315.43,183.627,195.166,252.254,145.972,123.492,-1,243.743,147.745,499.581,151.771,60.236,399.272,167.042,52.505,78.66,300.91,109.55,197.95,183.141,132.754,218.992,159.262,100.282,682.117,48.461,168.882,220.097,307.919,283.414,94.992,97.449,206.429,273.142,165.959,272.264,288.838,122.927,259.142,229.803,257.043,112.46
"Clinton",369.228,263.982,209.687,419.465,108.351,258.931,863.615,155.517,440.309,393.144,239.465,378.201,103.083,180.503,455.957,472.856,278.138,241.514,0,213.91,119.982,798.852,104.738,119.801,413.955,145.934,276.351,936.488,394.18,178,67.48,906.457,63.104,76.029,177.465,63.834,834.242,228.748,50.037,155.786,386.066,220.604,877.849,257.138,159.691,442.079,24.323,393.818,173.289,-1,142.891,411.123,747.427,91.016,257.337,626.898,413.955,222.022,333.904,55.513,226.564,391.957,283.892,275.845,131.004,340.841,284.305,929.963,295.275,328.388,188.447,68.615,445.934,324.131,179.599,232.582,174.738,115.614,165.811,233.622,170.86,46.941,33.428,55.654,359.373
"Crawford",277.007,147.024,191.812,280.064,134.036,141.973,651.175,193.458,227.869,186.886,270.392,158.658,181.502,274.298,243.517,260.416,67.06,35.256,222.62,0,115.466,586.412,144.189,190.21,207.697,134.668,79.148,724.048,187.922,38.091,210.647,694.017,245.106,135.985,83.277,154.019,621.802,22.49,162.926,209.433,173.626,127.856,665.409,283.48,175.65,235.821,224.259,181.378,90.908,-1,235.766,188.4,534.987,123.776,46.322,439.828,207.697,53.314,127.646,275.209,72.67,233.356,151.191,100.804,211.015,154.988,135.688,717.523,89.017,211.43,188.147,293.909,318.82,130.398,85.148,209.507,224.171,137.964,264.287,256.888,126.005,233.372,204.033,231.342,153.115
"Delta",340.926,235.68,149.14,389.155,60.841,230.629,760.266,83.5,336.96,295.977,199.916,257.778,71.544,185.051,352.608,369.507,180.971,144.347,129.707,116.743,0,695.503,34.231,80.252,316.788,117.448,188.239,833.139,297.013,80.833,117.734,803.108,152.193,43.072,57.042,61.106,730.893,131.581,70.013,116.237,282.717,100.181,774.5,217.589,131.205,344.912,131.346,290.469,116.502,-1,189.045,290.7,644.078,30.863,139.528,506.475,316.788,135.929,236.737,182.296,106.141,342.447,163.469,155.422,164.294,220.418,256.003,826.614,198.108,300.086,145.475,200.996,427.911,239.489,129.569,241.042,135.189,64.769,212.837,194.073,142.558,140.459,111.12,138.429,262.206
"Dickinson",512.348,541.523,507.493,470.498,712.579,575.259,137.034,562.99,393.705,423.359,648.332,351.979,623.537,671.109,402.649,344.096,597.07,550.315,798.072,585.71,694.009,0,722.732,611.994,536.753,666.671,554.956,147.077,506.657,616.634,789.19,179.876,797.748,714.528,531.341,732.562,44.831,565.108,741.469,561.245,470.219,479.668,151.268,625.291,710.568,554.164,802.802,405.678,650.433,-1,770.684,371.666,125.453,702.319,456.695,115.813,536.753,601.099,524.349,827.851,493.085,418.508,419.766,443.108,745.933,360.669,519.351,192.815,431.239,563.936,539.959,834.86,441.524,477.744,624.39,733.37,575.983,711.272,799.205,647.318,649.868,786.083,756.744,783.984,437.622
"Eaton",367.192,261.946,142.733,417.618,87.107,256.895,788.729,58.677,365.423,324.44,172.511,263.104,44.139,157.646,381.071,397.97,209.434,172.81,113.775,145.206,33.71,723.966,0,52.847,345.251,143.714,216.702,861.602,325.476,109.296,111.705,831.571,149.368,43.674,62.288,83.451,759.356,160.044,54.081,88.832,311.18,105.507,802.963,190.184,157.471,373.375,115.414,318.932,142.768,-1,198.064,296.026,672.541,31.465,144.774,511.801,345.251,164.392,265.2,179.471,111.387,370.91,168.795,160.748,190.56,225.744,282.269,855.077,226.571,326.352,121.493,182.363,456.374,267.952,155.835,267.308,107.784,91.035,235.182,166.668,168.824,133.205,106.292,160.774,290.669
"Emmet",409.334,304.088,98.693,459.76,129.249,299.037,830.871,43.742,407.565,355.421,128.471,293.063,20.666,113.606,420.441,440.112,182.633,214.952,128.253,187.348,75.852,610.66,48.001,0,376.232,185.856,258.844,914.341,356.351,151.438,86.676,873.713,163.846,107.295,79.409,125.593,652.259,202.186,68.559,44.792,347.038,132.421,845.105,146.144,199.613,404.25,129.892,361.074,184.91,-1,227.819,324.196,714.683,94.836,161.895,539.971,376.232,206.534,304.286,193.949,128.508,413.052,196.965,189.052,232.702,253.914,324.411,897.219,266.932,368.494,77.453,196.841,498.516,310.094,197.977,309.45,63.744,133.177,264.937,122.628,210.966,147.683,120.77,156.396,321.65
"Federal Correctional Institution (FCI)",256.082,199.232,308.685,235.152,334.902,232.968,602.529,328.051,126.887,52.647,387.265,143.659,388.598,391.171,108.384,211.77,170.093,167.106,423.486,208.033,316.332,537.766,345.055,377.055,0,310.647,182.836,675.402,30.435,238.957,411.513,645.371,441.724,336.851,270.994,354.885,573.156,187.431,363.792,326.306,69.132,244.729,616.763,400.353,354.544,33.305,425.125,132.758,294.409,-1,414.66,104.203,486.341,324.642,188.107,404.925,0,223.422,104.402,471.827,224.497,188.444,238.253,185.009,389.909,179.156,177.06,668.877,134.864,261.983,305.02,478.836,270.174,135.453,268.366,377.346,341.044,338.83,443.181,373.761,293.844,430.059,400.72,427.96,60.729
"Genesee",237.479,132.233,248.186,287.716,68.962,127.182,731.866,192.188,308.56,289.849,308.604,261.621,180.232,293.739,324.208,341.107,189.334,140.336,145.57,134.584,114.409,667.103,142.919,188.94,310.66,0,144.602,804.739,290.885,98.674,209.59,774.708,145.246,110.14,156.088,101.577,702.493,140.54,161.869,224.925,254.317,199.227,746.1,326.277,38.576,338.784,169.894,262.069,44.361,-1,99.481,291.363,615.678,122.719,173.942,669.839,310.66,90.273,230.609,175.349,151.095,260.208,262.515,254.468,89.135,319.464,152.556,798.214,191.98,196.639,244.521,182.358,314.185,192.382,47.85,120.502,243.877,58.615,127.213,302.761,26.297,133.581,104.242,131.482,256.078
"Gladwin",166.416,53.254,274.304,202.154,199.69,56.119,619.683,265.506,196.377,161.978,352.884,152.282,253.55,367.057,212.025,228.924,90.575,43.82,276.143,79.215,187.514,554.92,216.237,262.258,182.789,144.742,0,692.556,163.014,110.139,282.695,662.525,275.819,208.033,162.67,226.067,590.31,58.613,234.974,298.243,142.134,210.348,633.917,365.972,188.639,210.913,296.307,149.886,128.504,-1,248.755,163.492,503.495,195.824,99.376,557.656,182.789,57.517,96.154,305.922,148.454,201.864,233.683,176.682,224.004,193.442,49.039,686.031,82.641,125.576,270.639,312.931,228.623,65.128,102.461,211.441,317.195,189.343,277.276,339.38,127.939,264.154,234.815,262.055,128.207
"Gogebic",650.011,679.186,650.225,608.161,850.242,712.922,136.536,705.722,531.368,566.091,798.611,494.711,897.708,821.388,540.312,481.759,734.733,687.978,935.735,723.373,831.672,147.077,860.395,754.726,674.416,804.334,692.619,0,644.32,754.297,926.853,153.467,935.411,852.191,674.073,870.225,102.245,702.771,879.132,703.977,607.882,622.4,155.875,775.57,848.231,691.827,940.465,543.341,788.096,-1,908.347,514.398,200.987,839.982,743.534,262.884,674.416,738.762,662.012,965.514,635.817,556.171,562.498,585.84,883.596,503.401,657.014,96.851,726.799,701.599,682.691,972.523,579.187,615.407,762.053,871.033,718.715,848.935,936.868,797.597,787.531,923.746,894.407,921.647,673.835
"Grand Traverse",225.993,169.143,289.189,205.063,315.536,202.879,572.44,308.555,96.798,50.645,367.769,123.978,369.102,371.675,78.295,181.681,150.727,147.74,404.12,188.667,296.966,507.677,327.006,357.559,30.442,291.281,163.47,645.313,0,219.591,392.147,615.282,422.358,317.485,251.498,335.519,543.067,168.065,344.426,306.81,39.043,225.233,586.674,380.857,335.178,47.853,405.759,102.669,275.043,-1,395.294,102.201,456.252,305.276,168.611,405.148,30.442,204.056,73.921,452.461,205.001,158.355,248.568,191.567,370.543,179.379,146.971,638.788,115.498,231.894,285.524,459.47,240.085,105.364,249,357.98,321.548,319.464,423.815,354.265,274.478,410.693,381.354,408.594,41.034
"Gratiot",256.877,151.631,213.078,311.147,97.658,146.58,682.258,157.08,258.952,217.969,273.496,189.741,145.124,258.631,274.6,291.499,102.963,66.339,186.242,38.735,79.088,617.495,107.811,153.832,238.78,98.29,110.231,755.131,219.005,0,174.269,725.1,208.728,99.607,72.126,117.641,652.885,53.573,126.548,189.817,204.709,118.886,696.492,291.169,139.272,266.904,187.881,212.461,53.629,-1,199.388,219.483,566.07,87.398,82.162,470.911,238.78,57.921,158.729,238.831,61.395,264.439,172.665,114.233,174.637,194.099,166.771,748.606,120.1,216.037,209.413,257.531,349.903,161.481,66.815,180.161,208.769,101.586,227.909,267.653,92.944,196.994,167.655,194.964,184.198
"Hillsdale",432.633,327.387,179.303,483.372,152.548,322.336,854.483,125.133,431.177,390.194,188.674,373.673,58.347,125.326,446.825,463.724,275.188,238.564,67.48,210.96,117.032,789.72,110.959,89.417,411.005,209.155,282.456,953.176,391.23,175.05,0,897.325,153.122,96.571,174.515,106.771,825.11,225.798,51.132,125.402,376.934,213.031,868.717,226.754,222.912,439.129,55.485,384.686,208.209,-1,217.095,404.806,738.295,88.066,254.387,732.286,411.005,230.146,330.954,113.409,223.614,436.664,277.575,269.662,205.942,334.524,347.71,920.831,292.325,391.793,158.063,111.648,522.128,333.706,221.276,320.984,107.304,156.476,254.213,203.238,234.265,136.959,110.046,145.672,356.423
"Houghton",619.858,649.033,684.081,578.008,820.089,682.769,45.668,879.511,501.215,663.057,824.92,528.567,867.555,847.697,510.159,451.606,704.58,657.825,905.582,693.22,801.519,179.82,830.242,876.263,644.263,774.181,662.466,153.588,614.167,724.144,896.7,0,905.258,822.038,776.675,840.072,134.988,672.618,848.979,737.833,577.729,656.256,73.894,801.879,818.078,661.674,910.312,513.188,757.943,-1,878.194,548.254,159.506,809.829,713.381,295.627,644.263,708.609,631.859,935.361,762.459,526.018,596.354,619.696,853.443,537.257,626.861,83.399,696.646,671.446,716.547,942.37,549.034,585.254,731.9,840.88,752.571,818.782,906.715,823.906,757.378,893.593,864.254,891.494,643.682
"Huron",369.565,264.319,255.216,419.802,126.371,259.268,863.952,201.046,440.646,421.935,284.994,393.707,148.612,270.129,456.294,473.193,311.174,272.422,66.739,246.946,153.018,799.189,150.267,165.33,442.746,146.271,276.688,936.825,422.971,211.036,154.936,906.794,0,111.674,210.501,111.141,834.579,261.784,103.152,201.315,386.403,253.64,878.186,302.667,160.028,470.87,84.66,394.155,173.626,-1,102.118,444.159,747.764,136.545,290.373,659.934,442.746,222.359,362.695,31.454,259.6,392.294,316.928,308.881,105.685,373.877,284.642,930.3,324.066,328.725,233.976,50.154,446.271,324.468,179.936,191.809,220.267,129.793,125.038,279.151,171.197,18.812,50.316,24.193,388.164
"Ingham",333.284,228.038,191.973,383.521,49.864,222.987,779.843,99.753,356.537,315.554,227.137,300.611,90.755,212.272,372.185,389.084,200.548,163.924,76.017,136.32,42.392,715.08,43.674,107.473,336.365,109.806,207.816,852.716,316.59,100.41,97.079,822.685,110.258,0,99.875,26.497,750.47,151.158,38.275,143.458,302.294,143.014,794.077,244.81,123.563,364.489,93.44,310.046,108.86,-1,153.438,333.533,663.655,12.208,179.747,549.308,336.365,155.506,256.314,140.361,148.974,362.024,206.302,198.255,142.285,263.251,248.361,846.191,217.685,292.444,176.119,143.253,447.488,259.066,121.927,233.4,162.41,57.127,190.556,221.294,134.916,94.095,67.182,116.148,281.783
"Ionia",333.868,228.622,116.072,363.497,101.53,223.571,734.608,79.389,311.302,249.907,201.59,187.549,98.274,198.558,314.927,343.849,103.224,118.689,187.35,83.277,58.431,544.096,62.284,79.405,270.718,158.137,162.581,687.151,250.837,72.126,175.377,777.45,210.35,100.715,0,119.263,585.695,104.626,127.656,133.693,241.524,67.113,748.842,214.678,171.894,298.736,188.989,264.811,115.379,-1,229.734,257.632,618.42,88.506,82.486,473.407,270.718,134.912,159.754,240.453,49.099,316.789,130.401,115.701,204.983,187.35,219.121,800.956,121.283,293.028,112.407,259.153,402.253,213.831,137.604,281.731,148.431,105.458,260.531,188.086,183.247,198.616,169.277,196.586,216.136
"Iosco",332.123,226.877,210.101,382.36,39.735,221.826,797.971,134.517,374.665,333.682,237.586,318.739,101.204,222.721,390.313,407.212,218.676,182.052,63.882,154.448,60.52,733.208,85.248,117.922,354.493,108.645,225.944,870.844,334.718,118.538,107.528,840.813,108.967,26.508,118.003,0,768.598,169.286,55.004,153.907,320.422,161.142,812.205,255.259,122.402,382.617,81.305,328.174,107.699,-1,132.493,351.661,681.783,38.514,197.875,567.436,354.493,184.917,274.442,139.07,167.102,354.852,224.43,216.383,121.34,281.379,247.2,864.319,235.813,291.283,186.568,157.77,408.829,277.194,120.766,236.382,172.859,43.157,169.611,231.743,133.755,97.233,67.894,95.203,299.911
"Iron",547.765,576.94,549.092,505.915,747.996,610.676,92.202,604.589,429.122,464.958,689.931,393.578,795.462,712.708,438.066,379.513,632.487,585.732,833.489,621.127,729.426,44.831,758.149,653.593,572.17,702.088,590.373,102.245,542.074,652.051,824.607,135.044,833.165,749.945,572.94,767.979,0,600.525,776.886,602.844,505.636,521.267,106.436,666.89,745.985,589.581,838.219,441.095,685.85,-1,806.101,413.265,115.967,737.736,641.288,160.638,572.17,636.516,559.766,863.268,534.684,453.925,461.365,484.707,781.35,402.268,554.768,147.983,624.553,599.353,581.558,870.277,476.941,513.161,659.807,768.787,617.582,746.689,834.622,688.917,685.285,821.5,792.161,819.401,571.589
"Isabella",256.775,111.734,209.32,259.832,148.944,114.599,630.943,208.366,207.637,166.654,324.782,138.426,196.41,309.917,223.285,240.184,49.389,13.426,237.528,22.075,130.374,566.18,159.097,205.118,187.465,140.11,58.916,703.816,167.69,52.999,225.555,673.785,260.014,150.893,104.626,168.927,601.57,0,177.834,241.103,153.394,145.364,645.177,300.988,184.007,215.589,239.167,161.146,105.816,-1,244.123,168.168,514.755,138.684,46.028,419.596,187.465,51.097,107.414,290.117,95.108,213.124,168.699,118.312,219.372,150.868,115.456,697.291,68.785,184.056,205.655,308.817,298.588,110.166,97.829,206.809,260.055,152.872,272.644,274.396,123.307,248.28,218.941,246.25,132.883
"Jackson",383.422,278.176,157.788,434.161,103.337,273.125,805.272,103.618,381.966,340.983,187.566,326.04,51.184,172.701,397.614,414.513,225.977,189.353,50.734,161.749,67.821,740.509,52.577,67.902,361.794,159.944,233.245,878.145,342.019,125.839,51.18,848.114,101.368,47.36,125.304,54.988,775.899,176.587,0,103.887,327.723,168.443,819.506,205.239,173.701,389.918,58.651,335.475,158.998,-1,165.341,358.962,689.084,38.855,205.176,574.737,361.794,180.935,281.743,131.471,174.403,387.453,231.731,223.684,154.188,288.68,298.499,871.62,243.114,342.582,136.548,134.363,472.917,284.495,172.065,269.23,122.839,107.265,202.459,181.723,185.054,85.205,58.292,93.918,307.212
"Kalamazoo",451.139,345.893,49.212,465.607,171.054,340.842,694.981,34.058,373.513,305.94,88.714,243.582,57.394,73.849,370.96,454.186,192.508,256.757,164.981,209.012,117.657,561.179,89.806,45.851,326.751,227.661,300.649,704.234,306.87,193.243,125.296,737.823,200.574,144.023,133.773,167.398,602.778,243.991,105.287,0,297.557,82.94,709.215,106.387,241.418,354.769,166.62,375.148,226.715,-1,264.547,274.715,728.757,136.641,183.368,490.49,326.751,248.339,254.805,230.677,138.49,418.899,147.484,139.571,274.507,204.433,366.216,749.972,217.451,410.299,27.972,233.569,512.59,324.168,239.782,351.255,24.585,174.982,301.665,82.871,252.771,184.411,157.498,193.124,272.169
"Kalkaska",186.139,129.289,279.885,168.63,300.345,163.025,536.007,299.251,76.536,95.55,358.465,150.784,347.811,362.371,73.983,145.248,141.423,138.081,385.838,173.476,281.775,471.244,310.498,348.255,69.144,254.437,142.722,608.88,39.048,204.4,376.956,578.849,385.514,302.294,242.194,320.328,506.634,152.874,329.235,297.506,0,215.929,550.241,371.553,298.334,86.555,390.568,66.236,238.199,-1,358.45,126.677,419.819,290.085,159.307,473.98,69.144,188.865,46.887,415.617,195.697,121.922,239.264,182.263,333.699,199.023,107.117,602.355,106.194,192.04,276.22,422.626,203.652,65.51,212.156,321.136,312.244,299.038,386.971,344.961,237.634,373.849,344.51,371.75,66.533
"Kent",389.493,263.518,64.136,384.323,144.018,266.383,613.697,83.502,292.229,224.656,145.598,162.298,144.049,146.622,289.676,372.902,111.224,159.285,229.838,127.728,100.919,479.895,105.13,132.506,245.467,200.625,210.7,622.95,225.586,118.738,211.951,656.539,252.838,143.203,53.905,161.751,521.494,145.241,170.144,81.757,216.273,0,627.931,158.686,214.382,273.485,231.477,293.864,161.991,-1,272.222,193.431,647.473,130.994,102.084,409.206,245.467,173.643,173.521,282.941,57.206,337.615,66.2,58.287,247.471,123.149,254.619,668.688,136.167,335.84,60.471,301.641,431.306,242.884,212.746,324.219,96.495,147.946,303.019,132.094,225.735,241.104,211.765,239.074,190.885
"Keweenaw",591.306,620.481,655.529,549.456,791.537,654.217,31.108,850.959,472.663,634.505,796.368,500.015,839.003,819.145,481.607,423.054,676.028,629.273,877.03,664.668,772.967,151.268,801.69,847.711,615.711,745.629,633.914,155.875,585.615,695.592,868.148,73.95,876.706,793.486,748.123,811.52,106.436,644.066,820.427,709.281,549.177,627.704,0,773.327,789.526,633.122,881.76,484.636,729.391,-1,849.642,519.702,130.954,781.277,684.829,267.075,615.711,680.057,603.307,906.809,733.907,497.466,567.802,591.144,824.891,508.705,598.309,97.456,668.094,642.894,687.995,913.818,520.482,556.702,703.348,812.328,724.019,790.23,878.163,795.354,728.826,865.041,835.702,862.942,615.13
"Lake",551.797,446.551,113.306,539.548,271.712,441.5,757.441,138.849,447.454,379.881,26.938,277.725,158.052,50.647,444.901,528.127,266.449,314.51,265.639,282.953,218.315,623.639,190.464,146.509,400.692,328.319,365.925,773.84,380.811,293.901,225.954,800.283,301.232,244.681,215.649,268.056,665.238,300.466,205.945,107.609,371.498,158.223,771.675,0,342.076,428.71,267.278,449.089,327.373,-1,365.205,297.412,746.143,237.299,257.309,552.95,400.692,328.868,328.746,331.335,212.431,492.84,170.181,213.512,375.165,227.13,409.844,831.264,291.392,510.957,126.086,315.513,586.531,398.109,340.44,451.913,110.708,275.64,402.323,23.394,353.429,285.069,258.156,293.782,346.11
"Lapeer",281.805,176.559,263.968,332.042,84.744,171.508,776.192,207.97,352.886,334.175,324.386,305.947,196.014,309.521,368.534,385.433,233.66,184.662,161.352,176.089,130.191,711.429,158.701,204.722,354.986,38.676,188.928,849.065,335.211,140.179,225.372,819.034,161.028,125.922,171.87,117.359,746.819,184.866,177.651,240.707,298.643,215.009,790.426,342.059,0,383.11,185.676,306.395,85.866,-1,66.452,335.689,660.004,138.501,218.268,714.165,354.986,134.599,274.935,154.461,192.6,304.534,278.297,270.25,38.375,335.246,196.882,842.54,236.306,240.965,260.303,173.161,358.511,236.708,92.176,102.603,259.659,74.397,94.184,318.543,56.919,149.363,120.024,147.264,300.404
"Leelanau",273.507,216.657,337.095,252.577,358.96,250.393,619.954,356.461,144.312,82.766,415.675,167.717,417.008,419.581,125.809,229.195,194.151,191.164,447.544,232.091,340.39,555.191,374.912,405.465,33.305,334.705,206.894,692.827,47.86,263.015,435.571,662.796,465.782,360.909,299.404,378.943,590.581,211.489,387.85,354.716,86.557,273.139,634.188,428.763,378.602,0,449.183,150.183,318.467,-1,438.718,134.322,503.766,348.7,216.517,435.044,33.305,247.48,121.827,495.885,252.907,205.869,268.372,209.067,413.967,209.275,194.485,686.302,158.922,279.408,333.43,502.894,287.599,152.878,292.424,401.404,369.454,362.888,467.239,402.171,317.902,454.117,424.778,452.018,84.773
"Lenawee",397.411,292.165,219.365,447.648,125.674,287.114,867.111,165.195,443.805,402.822,249.143,387.879,112.761,226.074,459.453,476.352,287.816,251.192,24.223,223.588,129.66,802.348,114.416,129.479,423.633,174.117,295.084,939.984,403.858,187.678,55.485,909.953,87.328,93.352,187.143,81.157,837.738,238.426,57.758,165.464,389.562,230.282,881.345,266.816,187.874,451.757,0,397.314,201.472,-1,167.115,420.801,750.923,100.694,267.015,636.576,423.633,250.205,343.582,59.346,236.242,420.14,293.57,285.523,155.228,350.519,312.488,933.459,304.953,356.571,198.125,57.474,474.117,352.314,207.782,256.806,184.416,169.104,190.035,243.3,199.043,71.165,57.652,79.878,369.051
"Livingston",158.046,137.816,358.706,118.535,308.872,171.552,470.864,368.294,53.793,151.564,437.286,229.605,356.338,441.192,68.229,80.105,193.363,146.608,394.365,182.003,290.302,406.101,319.025,365.046,132.77,262.964,151.249,543.737,102.674,212.927,385.483,513.706,394.041,310.821,265.458,328.855,441.491,161.401,337.762,376.327,66.236,294.75,485.098,450.374,306.861,150.181,399.095,0,246.726,-1,366.977,226.577,354.676,298.612,202.164,408.837,132.77,197.392,120.642,424.144,251.242,71.827,318.085,261.084,342.226,277.844,115.644,537.212,185.429,184.272,355.041,431.153,138.509,74.037,220.683,329.663,391.065,307.565,395.498,423.782,246.161,382.376,353.037,380.277,132.189
"Luce",221.874,116.628,247.72,272.111,68.496,111.577,716.261,191.722,292.955,274.244,308.138,246.016,179.766,293.273,308.603,325.502,155.482,124.731,172.847,91.254,113.943,651.498,142.453,188.474,295.055,44.361,128.997,789.134,275.28,53.629,209.124,759.103,172.523,109.674,115.379,107.397,686.888,106.092,161.403,224.459,238.712,162.139,730.495,325.811,85.343,323.179,197.171,246.464,0,-1,145.459,275.758,600.073,122.253,134.681,654.234,295.055,74.668,215.004,202.626,121.364,244.603,215.918,166.752,120.708,272.867,136.951,782.609,176.375,181.034,244.055,209.635,298.58,176.777,27.231,140.577,243.411,58.149,173.98,302.295,40.656,160.858,131.519,158.759,240.473
"Mackinac",-1,-1,-1,-1,-1,-1,-1,-1,-1,-1,-1,-1,-1,-1,-1,-1,-1,-1,-1,-1,-1,-1,-1,-1,-1,-1,-1,-1,-1,-1,-1,-1,-1,-1,-1,-1,-1,-1,-1,-1,-1,-1,-1,-1,-1,-1,-1,-1,-1,0,-1,-1,-1,-1,-1,-1,-1,-1,-1,-1,-1,-1,-1,-1,-1,-1,-1,-1,-1,-1,-1,-1,-1,-1,-1,-1,-1,-1,-1,-1,-1,-1,-1,-1,-1
"Macomb",341.126,235.88,320.602,391.363,141.378,230.829,835.513,264.604,412.207,393.496,347.103,365.268,210.721,332.238,427.855,444.754,292.981,243.983,147.348,261.341,186.825,770.75,215.335,227.439,414.307,99.197,248.249,908.386,394.532,225.431,217.045,878.355,104.816,155.486,228.504,133.268,806.14,244.187,165.261,263.424,357.964,271.643,849.747,364.776,66.112,442.431,171.672,365.716,145.187,-1,0,395.01,719.325,164.912,277.589,773.486,414.307,193.92,334.256,123.875,251.921,363.855,334.931,326.884,21.513,391.88,256.203,901.861,295.627,300.286,296.085,142.575,417.832,296.029,151.497,112.035,282.376,131.031,45.264,341.26,123.745,99.421,108.365,96.472,359.725
"Manistee",321.455,208.753,221.911,295.268,335.872,219.175,505.347,277.408,197.244,51.827,284.662,48.107,337.955,305.875,178.741,304.864,150.749,147.762,421.692,188.689,292.773,371.545,296.984,326.412,104.203,291.303,163.492,514.6,102.668,219.613,405.857,548.189,422.38,335.057,245.759,353.605,413.144,168.087,361.998,275.663,127.218,194.086,519.581,297.75,335.2,134.322,423.331,192.874,275.065,-1,395.316,0,579.435,322.848,152.823,300.856,104.203,204.078,105.483,452.483,189.213,248.56,134.184,132.324,370.565,75.087,186.581,560.338,115.52,271.504,254.377,459.492,363.268,174.846,249.022,358.002,290.401,339.8,423.837,271.158,274.5,410.715,381.376,408.616,63.656
"Marquette",460.998,490.173,711.063,419.148,661.229,523.909,116.731,720.651,342.355,504.197,789.643,581.962,708.695,793.549,351.299,292.746,545.72,498.965,746.722,534.36,642.659,125.464,671.382,717.403,485.403,615.321,503.606,200.998,455.307,565.284,737.84,159.573,746.398,663.178,617.815,681.212,115.978,513.758,690.119,728.684,418.869,647.107,130.965,747.979,659.218,502.814,751.452,354.328,599.083,-1,719.334,578.934,0,650.969,554.521,193.241,485.403,549.749,472.999,776.501,603.599,367.158,670.442,613.441,694.583,483.357,468.001,183.079,537.786,512.586,707.398,783.51,390.174,426.394,573.04,682.02,743.422,659.922,747.855,776.139,598.518,734.733,705.394,732.634,484.822
"Mason",345.784,240.538,179.764,396.523,65.699,235.487,767.634,87.544,344.328,303.345,218.871,288.402,82.489,204.006,359.976,376.875,188.339,151.715,100.786,124.111,30.183,702.871,31.465,99.207,324.156,122.306,195.607,840.507,304.381,88.201,88.813,810.476,136.379,12.208,87.666,38.568,738.261,138.949,41.092,135.192,290.085,130.805,781.868,236.544,136.063,352.28,102.425,297.837,121.36,-1,171.329,321.324,651.446,0,167.538,537.099,324.156,143.297,244.105,166.482,136.765,349.815,194.093,186.046,169.152,251.042,260.861,833.982,205.476,304.944,167.853,169.374,435.279,246.857,134.427,245.9,154.144,69.627,208.447,213.028,147.416,120.216,93.303,134.039,269.574
"Mecosta",299.765,154.724,164.34,302.822,177.52,157.589,673.933,161.875,235.261,167.688,242.92,105.33,180.76,246.826,232.708,283.174,19.15,61.72,266.104,46.322,158.95,457.189,144.77,161.891,188.499,173.17,101.906,746.806,168.618,81.575,254.131,716.775,288.59,179.469,82.486,197.503,644.56,47.048,206.41,181.961,159.305,100.384,688.167,256.008,217.067,216.517,267.743,204.136,134.392,-1,277.183,152.104,557.745,167.26,0,386.5,188.499,83.676,92.446,318.693,50.349,256.114,123.719,66.607,252.432,112.625,158.446,740.281,40.544,227.046,160.675,337.393,341.578,153.156,130.889,239.869,196.699,181.448,305.704,229.416,156.367,276.856,247.517,274.826,133.917
"Menominee",515.111,544.286,436.94,473.261,550.901,578.022,252.868,492.437,396.468,352.806,577.779,281.426,552.984,600.556,405.412,346.859,378.443,399.323,636.721,439.737,507.802,115.84,512.013,541.441,405.182,669.434,557.719,262.911,405.946,470.661,731.5,295.71,659.721,550.086,460.788,568.634,160.665,419.135,577.027,490.692,472.982,409.115,267.102,554.738,713.331,435.301,638.36,408.441,653.196,-1,773.447,301.113,193.193,537.877,386.142,0,405.182,455.126,389.907,689.824,422.532,421.271,349.213,372.555,748.696,290.116,522.114,308.649,360.686,566.699,469.406,708.524,444.287,480.507,627.153,736.133,505.43,554.829,801.968,576.765,652.631,647.987,618.648,645.957,367.069
"Michigan Department of Corrections (MDOC)",256.082,199.232,308.685,235.152,334.902,232.968,602.529,328.051,126.887,52.647,387.265,143.659,388.598,391.171,108.384,211.77,170.093,167.106,423.486,208.033,316.332,537.766,345.055,377.055,0,310.647,182.836,675.402,30.435,238.957,411.513,645.371,441.724,336.851,270.994,354.885,573.156,187.431,363.792,326.306,69.132,244.729,616.763,400.353,354.544,33.305,425.125,132.758,294.409,-1,414.66,104.203,486.341,324.642,188.107,404.925,0,223.422,104.402,471.827,224.497,188.444,238.253,185.009,389.909,179.156,177.06,668.877,134.864,261.983,305.02,478.836,270.174,135.453,268.366,377.346,341.044,338.83,443.181,373.761,293.844,430.059,400.72,427.96,60.729
"Midland",198.955,93.709,246.339,249.192,144.441,88.658,666.914,213.453,243.608,202.625,329.869,174.397,201.497,315.004,259.256,276.155,102.11,53.112,220.894,53.3,135.461,602.151,164.184,210.205,223.436,89.493,57.378,739.787,203.661,58.086,230.642,709.756,220.57,155.98,135.183,176.901,637.541,51.282,182.921,246.19,189.365,182.383,681.148,347.542,133.39,251.56,245.218,197.117,73.255,-1,193.506,204.139,550.726,143.771,83.668,455.567,223.436,0,143.385,250.673,127.197,221.684,205.718,155.331,168.755,215.557,114.032,733.262,104.756,158.115,242.674,257.682,275.661,153.858,47.212,156.192,265.142,134.094,222.027,311.415,72.69,208.905,179.566,206.806,168.854
"Missaukee",215.969,103.267,238.061,219.026,254.17,137.003,590.137,257.427,124.234,90.134,316.641,108.96,301.636,320.547,121.681,199.378,81.664,91.906,342.754,127.301,235.6,525.374,264.323,306.431,103.943,229.915,96.547,663.01,73.455,158.225,330.781,632.979,360.992,256.119,159.754,274.153,560.764,106.699,283.06,255.682,46.887,174.105,604.371,329.729,273.812,121.354,344.393,120.34,213.677,-1,333.928,105.932,473.949,243.91,91.041,390.13,103.943,142.69,0,391.095,153.873,172.318,197.44,140.439,309.177,157.199,81.095,656.485,47.449,166.018,234.396,398.104,257.782,69.36,187.634,296.614,270.42,258.098,362.449,303.137,213.112,349.327,319.988,347.228,55.771
"Monroe",399.915,294.669,273.641,450.152,156.721,289.618,894.302,219.471,470.996,452.285,303.419,424.057,167.037,283.238,486.644,503.543,341.524,302.772,54.988,277.296,183.368,829.539,168.692,183.755,473.096,176.621,307.038,967.175,453.321,241.386,113.308,937.144,32.751,130.099,240.851,141.491,864.929,292.134,121.577,219.74,416.753,283.99,908.536,321.092,155.112,501.22,59.245,424.505,203.976,-1,121.849,474.509,778.114,154.97,320.723,690.284,473.096,252.709,393.045,0,289.95,422.644,347.278,339.231,125.966,404.227,314.992,960.65,354.416,359.075,252.401,24.556,476.621,354.818,210.286,211.54,238.692,160.143,144.769,297.576,201.547,49.162,68.741,54.543,418.514
"Montcalm",349.92,204.879,121.31,352.977,150.986,207.744,724.088,107.827,270.983,203.41,199.89,141.052,147.373,203.796,268.43,333.329,68.565,108.169,236.449,76.612,107.53,492.911,111.383,128.504,224.221,151.09,152.061,635.966,204.34,61.395,224.476,766.93,259.449,149.814,49.099,168.362,534.51,94.125,176.755,138.931,195.027,57.354,738.322,212.978,192.072,252.239,238.088,254.291,121.364,-1,252.188,187.826,607.9,137.605,49.414,422.222,224.221,122.527,152.275,289.552,0,306.269,80.498,60.668,227.437,137.481,208.601,790.436,100.58,277.201,117.645,308.252,391.733,203.311,128.306,241.652,153.669,154.914,280.709,186.386,160.586,247.715,218.376,245.685,169.639
"Montmorency",119.201,132.447,409.502,79.69,315.543,174.584,483.712,419.09,106.475,207.25,488.082,280.401,407.134,491.988,115.419,71.429,244.159,197.404,391.996,232.799,341.098,418.949,369.821,415.842,188.456,260.595,202.045,556.585,158.36,263.723,436.279,526.554,391.672,361.617,316.254,379.651,454.339,212.197,388.558,427.123,121.922,345.546,497.946,501.17,304.492,205.867,416.32,71.829,244.357,-1,364.608,248.019,367.524,349.408,252.96,421.685,188.456,221.387,171.438,421.775,302.038,0,368.881,311.88,339.857,328.64,130.415,550.06,236.225,145.427,405.837,428.784,90.695,124.833,218.314,327.294,441.861,305.196,393.129,474.578,243.792,380.007,350.668,377.908,187.875
"Muskegon",412.904,286.929,93.979,407.734,207.94,289.794,553.146,149.476,315.64,184.573,156.73,113.193,210.023,177.943,313.087,396.313,134.635,182.696,293.76,151.139,164.841,419.344,169.052,198.48,236.949,264.547,234.111,562.399,237.713,173.37,277.925,595.988,316.76,207.125,117.827,225.673,460.943,168.652,234.066,147.731,239.684,66.154,567.38,169.818,278.304,267.068,295.399,317.275,216.623,-1,336.144,132.88,670.884,194.916,125.495,348.655,236.949,197.054,196.932,346.863,80.49,361.026,0,52.157,311.393,62.598,278.03,608.137,159.578,359.251,126.445,365.563,454.717,266.295,206.934,388.141,162.469,211.868,366.941,143.226,289.657,305.026,275.687,302.996,198.836
"Newaygo",355.96,229.985,122.325,350.79,200.155,232.85,576.901,141.691,258.696,160.754,200.905,84.207,202.238,204.811,256.143,339.369,73.8,131.205,285.975,99.648,157.056,443.099,161.267,190.695,185.074,209.212,177.167,586.154,165.86,112.635,270.14,619.743,308.975,199.34,114.124,217.888,484.698,117.161,226.281,139.946,182.74,58.369,591.135,213.993,270.519,209.135,287.614,260.331,165.452,-1,328.359,130.981,613.94,187.131,68.439,372.41,185.074,145.563,139.988,339.078,59.219,304.082,53.621,0,303.608,80.504,221.086,631.892,102.634,302.307,118.66,357.778,397.773,209.351,155.443,268.789,154.684,204.083,359.156,187.401,185.821,297.241,267.902,295.211,126.983
"Oakland",316.455,211.209,295.931,366.692,116.707,206.158,810.842,239.933,387.536,368.825,356.349,340.597,198.161,341.484,403.184,420.083,268.31,219.312,129.09,236.67,162.154,746.079,190.664,236.685,389.636,89.581,223.578,883.715,369.861,200.76,204.485,853.684,106.361,142.926,203.833,120.708,781.469,219.516,152.701,272.67,333.293,246.972,825.076,374.022,38.389,417.76,153.414,341.045,120.516,-1,21.504,370.339,694.654,170.464,252.918,748.815,389.636,169.249,309.585,125.706,227.25,339.184,310.26,302.213,0,367.209,231.532,877.19,270.956,275.615,292.266,144.406,393.161,271.358,126.826,134.992,291.622,106.36,66.563,350.506,118.087,100.966,95.805,81.039,335.054
"Oceana",372.81,246.835,151.744,367.64,265.705,249.7,493.716,207.241,275.546,125.143,214.495,53.763,267.788,235.708,254.356,356.219,104.295,158.121,351.525,154.988,222.606,359.914,226.817,256.245,177.519,322.312,194.017,502.969,178.283,193.882,335.69,536.558,374.525,264.89,175.592,283.438,401.513,150.237,291.831,205.496,199.59,123.919,507.95,227.583,336.069,207.638,353.164,277.181,274.388,-1,393.909,73.45,482.418,252.681,111.994,289.225,177.519,213.924,156.838,404.628,169.603,320.932,64.017,80.513,369.158,0,237.936,548.707,119.484,319.157,184.21,423.328,414.623,226.201,258.868,367.848,220.234,269.633,424.706,200.991,284.346,362.791,333.452,360.761,139.406
"Ogemaw",130.813,27.318,320.343,154.666,207.414,61.054,585.585,330.64,162.279,170.275,447.056,191.242,318.684,432.191,177.927,194.826,148.572,101.817,283.867,137.212,252.861,520.822,281.371,327.392,177.991,152.466,49.039,658.458,147.895,130.052,348.042,628.427,283.543,248.592,220.667,239.874,556.212,116.61,299.435,363.377,108.036,256.387,599.819,412.011,196.363,195.402,308.191,115.788,136.228,-1,256.479,188.214,469.397,261.171,157.373,523.558,177.991,113.258,82.279,313.646,206.451,127.158,279.722,222.721,231.728,239.481,0,651.933,140.638,89.973,316.678,320.655,181.135,46.101,110.185,219.165,382.329,197.067,285,385.419,135.663,271.878,242.539,269.779,135.912
"Ontonagon",643.42,672.595,695.963,601.57,843.651,706.331,66.347,751.46,524.777,686.619,856.316,540.449,891.117,879.093,533.721,475.168,728.142,681.387,929.144,716.782,825.081,192.815,853.804,899.825,667.825,797.743,686.028,96.851,637.729,747.706,920.262,83.278,928.82,845.6,800.237,863.634,147.983,696.18,872.541,749.715,601.291,668.138,97.456,833.275,841.64,685.236,933.874,536.75,781.505,-1,901.756,560.136,183.068,833.391,736.943,308.622,667.825,732.171,655.421,958.923,786.021,549.58,608.236,631.578,877.005,549.139,650.423,0,720.208,695.008,728.429,965.932,572.596,608.816,755.462,864.442,764.453,842.344,930.277,855.302,780.94,917.155,887.816,915.056,667.244
"Osceola",268.297,138.186,201.298,271.354,216.755,141.051,642.465,220.664,181.685,114.006,279.878,79.276,264.221,283.784,179.132,251.706,26.948,49.472,305.339,89.886,198.185,431.135,226.908,201.905,134.817,192.5,85.368,715.338,115.042,120.81,293.366,685.307,323.577,218.704,122.5,236.738,613.092,69.284,245.645,218.919,105.729,137.342,656.699,292.966,236.397,162.941,306.978,172.668,176.262,-1,296.513,115.52,526.277,206.495,53.787,360.446,134.817,105.275,47.449,353.68,103.25,224.646,160.677,103.676,271.762,120.436,126.978,708.813,0,210.508,197.633,360.689,310.11,121.688,150.219,259.199,233.657,220.683,325.034,266.374,175.697,311.912,282.573,309.813,80.235
"Oscoda",41.121,87.182,430.816,78.102,251.592,72.684,629.163,374.818,246.091,254.087,491.234,277.423,362.862,476.369,261.739,204.504,215.716,168.961,328.045,206.899,297.039,564.4,325.549,371.57,261.803,196.644,125.577,702.036,231.707,211.685,392.22,672.005,327.721,292.77,338.718,284.052,599.79,183.754,343.613,407.555,191.848,335.489,643.397,508.907,240.541,279.214,352.369,199.6,180.406,-1,300.657,272.026,512.975,305.349,224.517,567.136,261.803,157.436,166.091,357.824,273.595,145.45,358.824,301.823,275.906,318.583,89.974,695.511,207.782,0,427.151,364.833,112.731,129.913,154.363,263.343,426.507,241.245,329.178,485.391,179.841,316.056,286.717,313.957,219.724
"Otsego",449.75,363.341,16.601,444.58,188.502,358.29,673.954,30.653,352.486,284.913,106.904,222.555,89.466,92.039,349.933,433.159,171.481,219.542,197.053,187.985,145.403,540.152,121.878,77.923,305.724,245.109,270.957,683.207,285.843,178.995,157.368,716.796,232.646,176.095,112.746,199.47,581.751,205.498,137.359,27.174,276.53,61.913,688.188,124.577,258.866,333.742,198.692,354.121,244.163,-1,316.706,253.688,707.73,168.713,162.341,469.463,305.724,233.9,233.778,262.749,117.463,397.872,126.457,118.544,291.955,183.406,314.876,728.945,196.424,427.747,0,265.641,491.563,303.141,257.23,368.703,41.912,192.43,333.737,101.061,270.219,216.483,189.57,225.196,251.142
"Ottawa",405.704,300.458,287.303,455.941,162.273,295.407,900.091,233.133,476.785,458.074,284.063,429.846,180.699,260.009,492.433,509.332,347.076,308.561,68.668,282.848,188.92,835.328,182.354,197.417,478.885,182.41,312.827,972.964,459.11,246.938,111.652,942.933,50.98,143.761,246.403,147.043,870.718,297.686,135.239,233.402,422.542,289.542,914.325,315.897,173.341,507.009,57.478,430.294,209.765,-1,140.078,459.588,783.903,168.632,326.275,827.675,478.885,258.498,398.834,20.2,295.502,428.433,352.83,344.783,144.195,409.779,320.781,966.439,360.205,364.864,266.063,0,482.41,360.607,216.075,229.769,252.354,168.715,162.998,311.238,207.336,67.391,82.403,72.772,424.303
"Presque Isle",76.478,186.424,496.241,34.628,367.911,189.003,506.917,505.829,150.976,289.375,574.821,367.14,493.873,578.727,159.92,97.427,330.898,284.143,444.364,319.538,427.837,442.154,456.56,502.581,270.581,312.963,228.623,579.79,240.485,350.462,523.018,549.759,444.04,448.356,402.993,400.371,477.544,298.936,475.297,513.862,204.047,432.285,521.151,587.909,356.86,287.992,468.688,139.506,296.725,-1,416.976,364.112,390.729,436.147,339.699,444.89,270.581,273.755,258.177,474.143,388.777,90.695,455.62,398.619,392.225,415.379,184.392,573.265,322.964,112.731,492.576,481.152,0,176.486,270.682,379.662,528.6,357.564,445.497,561.317,296.16,432.375,403.036,430.276,270
"Roscommon",144.703,67.651,307.58,150.144,247.747,101.387,542.883,317.168,119.577,157.512,386.16,178.479,305.212,390.066,135.225,152.124,142.237,95.482,324.2,130.877,239.176,478.12,267.899,313.92,135.289,192.799,64.057,615.756,105.193,161.801,334.357,585.725,323.876,259.695,214.332,277.729,513.51,110.275,286.636,325.201,65.334,243.624,557.117,399.248,236.696,152.7,348.524,73.086,176.561,-1,296.812,175.451,426.695,247.486,151.038,480.856,135.289,153.591,69.516,353.979,200.116,125.064,266.959,209.958,272.061,226.718,45.479,609.231,134.303,130.402,303.915,360.988,210.528,0,150.518,259.498,339.939,237.4,325.333,372.656,175.996,312.211,282.872,310.112,123.149
"Saginaw",194.643,89.397,260.787,244.88,81.563,84.346,689.03,204.789,265.724,247.013,321.205,218.785,192.833,306.34,281.372,298.271,146.498,97.5,178.768,81.559,127.01,624.267,155.52,201.541,267.824,47.367,101.766,761.903,248.049,67.988,222.191,731.872,178.444,122.741,137.593,120.464,659.657,97.704,174.47,237.526,211.481,211.828,703.264,338.878,91.264,295.948,203.092,219.233,26.865,-1,151.38,248.527,572.842,135.32,131.106,627.003,267.824,47.437,187.773,208.547,129.383,217.372,207.002,156.615,126.629,259.945,109.72,755.378,149.144,153.803,257.122,215.556,271.349,149.546,0,113.746,256.478,71.216,179.901,315.362,30.564,166.779,137.44,164.68,213.242
"Sanilac",301.453,196.207,372.544,351.69,193.32,191.156,795.84,316.546,372.534,353.823,432.962,325.595,304.59,418.097,388.182,405.081,253.308,204.31,234.3,207.548,238.767,731.077,267.277,313.298,374.634,120.502,208.576,868.713,354.859,181.605,320.117,838.682,191.768,234.498,280.446,236.34,766.467,204.514,268.333,349.283,318.291,323.585,810.074,450.635,102.603,402.758,258.624,326.043,140.482,-1,111.457,355.337,679.652,247.077,237.916,733.813,374.634,154.247,294.583,210.827,243,324.182,386.873,270.232,132.771,366.755,216.53,862.188,255.954,260.613,368.879,229.527,378.159,256.356,113.617,0,368.235,182.973,75.927,427.119,98.405,186.373,211.437,183.424,320.052
"Schoolcraft",468.6,363.354,63.82,480.215,188.515,358.303,709.589,55.652,388.121,320.548,70.935,258.19,74.855,52.19,385.568,468.794,207.116,274.218,182.442,223.62,135.118,575.787,107.267,63.312,341.359,245.122,306.592,718.842,321.478,210.704,107.304,752.431,218.035,161.484,148.381,184.859,617.386,261.452,122.748,24.103,312.165,97.548,723.823,111.591,258.879,369.377,184.081,389.756,244.176,-1,282.008,289.323,743.365,154.102,197.976,505.098,341.359,265.8,269.413,248.138,153.098,433.507,162.092,154.179,291.968,219.041,383.677,764.58,232.059,427.76,42.58,251.03,527.198,338.776,257.243,368.716,0,192.443,319.126,88.075,270.232,201.872,174.959,210.585,286.777
"Shiawassee",282.616,177.37,196.9,332.853,9.052,172.319,777.003,140.902,353.697,316.873,257.318,305.538,128.946,242.453,369.345,386.244,201.867,165.243,131.164,137.639,63.123,712.24,91.633,137.654,337.684,59.138,189.739,849.876,317.909,101.729,158.304,819.845,130.84,56.757,104.802,43.161,747.63,152.477,110.583,173.639,299.454,147.941,791.237,274.991,72.895,365.808,131.55,307.206,58.192,-1,130.735,338.46,660.815,71.433,181.066,554.235,337.684,135.41,257.633,160.943,154.747,305.345,211.229,203.182,105.984,268.178,197.693,843.351,219.004,241.776,193.235,167.952,359.322,237.519,71.259,182.732,192.591,0,161.532,251.475,84.248,119.175,89.836,117.076,283.102
"St. Clair",373.093,267.847,355.256,423.33,176.032,262.796,867.48,285.97,444.174,425.463,383.931,397.235,247.549,369.066,459.822,476.721,324.948,275.95,168.056,267.377,211.973,802.717,236.701,264.267,446.274,129.964,280.216,940.353,426.499,231.467,253.873,910.322,125.524,192.314,263.158,170.096,838.107,276.154,202.089,300.252,389.931,306.297,881.714,401.604,96.879,474.398,192.38,397.683,177.154,-1,45.213,426.977,751.292,201.74,309.556,805.453,446.274,225.887,366.223,144.583,283.888,395.822,369.585,361.538,66.527,426.534,288.17,933.828,327.594,332.253,332.913,163.283,449.799,327.996,183.464,79.656,319.204,165.685,0,378.088,154.512,120.129,145.193,117.18,391.692
"St. Joseph",518.256,423.623,86.844,513.086,248.784,418.572,777.723,115.921,420.992,353.419,29.18,251.263,135.124,53.145,418.439,501.665,239.987,288.048,242.711,256.491,195.387,643.921,167.536,123.581,374.23,305.391,339.463,794.122,354.349,270.973,203.026,820.565,278.304,221.753,189.187,245.128,685.52,274.004,183.017,84.681,345.036,131.761,791.957,25.925,319.148,402.248,244.35,422.627,304.445,-1,342.277,270.95,776.236,214.371,230.847,573.232,374.23,302.406,302.284,308.407,185.969,466.378,143.719,187.05,352.237,200.668,383.382,851.546,264.93,488.029,103.158,311.299,560.069,371.647,317.512,428.985,87.78,252.712,379.395,0,330.501,262.141,235.228,270.854,319.648
"Tuscola",220.737,115.491,273.704,270.974,94.48,110.44,715.124,217.706,291.818,273.107,334.122,244.879,205.75,319.257,307.466,324.365,172.592,123.594,170.933,126.832,139.927,650.361,168.437,214.458,293.918,26.297,127.86,787.997,274.143,93.372,235.108,757.966,170.609,135.658,181.606,126.94,685.751,123.798,186.501,250.443,237.575,224.745,729.358,351.795,56.919,322.042,195.257,245.327,40.29,-1,124.106,274.621,598.936,148.237,157.2,653.097,293.918,73.531,213.867,200.712,160.633,243.466,288.033,187.723,109.081,286.039,135.814,781.472,175.238,179.897,270.039,207.721,297.443,175.64,31.108,98.405,269.395,84.133,151.838,328.279,0,158.944,129.605,156.845,239.336
"Van Buren",355.999,250.753,237.291,406.236,112.568,245.702,850.386,183.121,427.08,408.369,267.069,380.141,130.687,252.204,442.728,459.627,297.371,258.856,48.814,233.143,139.215,785.623,132.342,147.405,429.18,132.705,263.122,923.259,409.405,197.233,137.011,893.228,18.1,93.749,196.698,97.338,821.013,247.981,85.227,183.39,372.837,239.837,864.62,284.742,146.462,457.304,73.138,380.589,160.06,-1,97.887,409.883,734.198,118.62,276.57,646.131,429.18,208.793,349.129,48.203,245.797,378.728,303.125,295.078,101.454,360.074,271.076,916.734,310.5,315.159,216.051,66.903,432.705,310.902,166.37,187.578,202.342,119.01,120.807,261.226,157.631,0,32.391,15.693,374.598
"Washtenaw",327.733,222.487,210.739,377.97,84.302,217.436,822.12,156.569,398.814,380.103,240.517,351.875,104.135,225.652,414.462,431.361,269.105,230.59,37.418,204.877,110.949,757.357,105.79,120.853,400.914,104.439,234.856,894.993,381.139,168.967,110.459,864.962,49.902,67.197,168.432,69.072,792.747,219.715,58.675,156.838,344.571,211.571,836.354,258.19,118.196,429.038,61.742,352.323,131.794,-1,108.649,381.617,705.932,92.068,248.304,617.865,400.914,180.527,320.863,80.005,217.531,350.462,274.859,266.812,97.496,331.808,242.81,888.468,282.234,286.893,189.499,77.106,404.439,282.636,138.104,212.538,175.79,90.744,145.767,234.674,129.365,33.739,0,48.827,346.332
"Wayne",354.954,249.708,251.129,405.191,111.76,244.657,849.341,196.959,426.035,407.324,280.907,379.096,144.525,266.042,441.683,458.582,296.563,257.811,62.652,232.335,138.407,784.578,163.135,161.243,428.135,131.66,262.077,922.214,408.36,196.425,150.849,892.183,20.12,118.748,195.89,96.53,819.968,247.173,99.065,197.228,371.792,239.029,863.575,298.58,145.417,456.259,86.976,379.544,159.015,-1,94.957,429.548,733.153,128.174,275.762,645.323,428.135,207.748,348.084,50.223,244.989,377.683,302.317,294.27,81.711,359.266,270.031,915.689,309.455,314.114,229.889,68.923,431.66,309.857,165.325,184.648,216.18,115.182,117.877,275.064,156.586,14.725,49.642,0,373.553
"Wexford",249.108,156.9,254.057,234.634,280.274,183.891,602.011,273.423,136.078,47.607,332.637,85.642,333.97,336.543,117.575,211.252,115.465,112.478,368.858,153.405,261.704,437.501,290.427,322.427,60.729,256.019,128.208,674.884,41.502,184.329,356.885,644.853,387.096,282.223,216.366,300.257,572.638,132.803,309.164,271.678,66.584,190.101,616.245,345.725,299.916,84.777,370.497,132.24,239.781,-1,360.032,63.656,485.823,270.014,133.479,366.812,60.729,168.794,55.771,417.199,169.869,187.926,200.14,126.992,335.281,141.043,134.728,668.359,80.236,219.651,250.392,424.208,269.656,122.993,213.738,322.718,286.416,284.202,388.553,319.133,239.216,375.431,346.092,373.332,0
