"","Aurora","Beadle","Bennett","Bon Homme","Brookings","Brown","Brule","Buffalo","Butte","Campbell","Charles Mix","Clark","Clay","Codington","Corson","Custer","Davison","Day","Deuel","Dewey","Douglas","Edmunds","Fall River","Faulk","Grant","Gregory","Haakon","Hamlin","Hand","Hanson","Harding","Hughes","Hutchinson","Hyde","Jackson","Jerauld","Jones","Kingsbury","Lake","Lawrence","Lincoln","Lyman","Marshall","McCook","McPherson","Meade","Mellette","Miner","Minnehaha","Moody","Oglala Lakota","Pennington","Perkins","Potter","Roberts","Sanborn","Spink","Stanley","Sully","Todd","Tripp","Turner","Union","Walworth","Yankton","Ziebach"
"Aurora",0,131.732,569.112,242.181,12.326,246.584,173.948,681.772,455.231,241.639,275.095,135.106,184.36,85.751,98.693,690.847,186.932,130.356,63.215,792.897,239.114,289.336,712.835,261.718,121.404,361.075,510.165,66.912,202.012,182.014,727.336,315.086,193.898,239.526,299.601,188.998,360.59,78.528,97.305,266.428,217.168,329.376,233.616,139.232,309.8,668.264,215.803,130.697,91.65,34.776,642.247,628.805,263.227,328.478,172.899,164.563,170.237,320.699,354.123,466.177,218.876,139.134,270.728,374.438,213.199,472.628
"Beadle",131.792,0,417.299,177.906,120.126,146.503,285.842,559.511,303.418,111.517,178.364,97.452,296.254,145.594,210.325,539.034,84.226,102.193,162.51,641.084,143.144,178.787,561.022,141.401,219.374,238.054,358.352,147.225,71.89,88.896,605.075,184.964,165.99,109.404,176.531,63.852,237.569,54.167,144.552,177.346,138.431,175.796,195.357,133.682,205.865,466.241,111.737,76.351,203.544,165.913,490.434,476.992,193.456,208.161,241.274,39.098,282.131,190.577,231.102,314.364,143.103,224.028,177.559,264.675,233.147,350.367
"Bennett",569.241,417.272,0,357.312,570.684,506.293,468.502,428.476,134.455,374.922,298.242,511.808,442.448,561.315,505.231,225.992,385.527,516.549,622.232,282.053,296.552,475.022,176.253,419.502,416.742,205.87,127.258,625.929,368.948,393.416,474.04,252.644,359.303,333.985,281.244,353.423,226.026,469.888,560.273,318.544,306.646,240.709,600.788,442.549,502.11,285.357,482.55,444.292,498.45,551.096,73.134,245.898,359.776,343.037,731.916,377.97,464.791,244.061,187.436,95.781,336.416,417.27,473.794,390.699,400.624,286.894
"Bon Homme",238.605,177.722,357.512,0,240.048,324.33,98.048,715.484,251.027,293.435,69.32,271.444,86.921,276.651,172.2,594.948,91.011,266.694,291.596,696.998,74.748,359.127,533.766,321.741,117.158,151.628,414.266,295.293,253.256,96.439,761.048,338.586,45.139,289.881,86.318,173.976,146.522,202.555,325.686,48.862,67.769,233.477,373.079,124.235,383.692,572.365,289.564,152.843,154.28,220.46,430.647,532.906,27.278,388.501,401.28,148.371,109.172,330.003,183.748,261.973,36.152,99.5,357.899,445.015,45.097,497.607
"Brookings",12.323,120.236,569.875,242.944,0,242.495,174.711,677.683,455.994,230.143,275.858,131.017,185.123,81.662,99.456,691.61,187.695,126.267,59.126,793.66,239.877,285.247,713.598,257.629,122.167,361.838,510.928,62.823,190.516,182.777,723.247,303.59,194.661,228.03,300.364,182.478,361.353,67.032,93.216,267.191,217.931,330.139,229.527,115.604,305.711,669.027,211.714,122.791,92.413,45.767,643.01,629.568,263.99,324.389,168.81,156.657,171,309.203,354.886,466.94,219.639,139.897,266.639,370.349,213.962,468.539
"Brown",247.541,146.542,505.533,324.53,242.058,0,409.882,438.282,405.22,154.519,284.038,127.011,420.294,154.31,334.627,597.383,237.245,131.752,204.296,657.951,248.818,44.094,619.371,98.442,357.338,343.728,397.166,195.125,150.231,245.134,483.846,256.07,312.614,185.092,282.205,169.526,343.243,189.426,147.313,283.02,258.912,277.598,97.362,276.143,62.681,505.175,37.914,221.625,327.584,280.938,578.668,535.341,324.252,164.31,157.611,174.892,406.171,261.683,336.776,416.166,289.727,375.068,45.321,129.196,379.771,307.819
"Brule",173.462,286.126,468.544,100.529,174.905,409.822,0,823.888,362.059,401.839,180.352,298.344,11.592,248.989,107.057,703.352,199.437,293.594,226.453,805.402,184.258,452.574,725.34,430.145,63.375,262.66,522.67,230.15,361.66,194.519,869.452,446.99,122.3,398.285,197.35,282.38,257.554,238.454,260.543,159.894,177.279,341.881,396.854,151.737,473.038,680.769,379.041,222.053,89.137,155.317,541.679,641.31,112.33,496.905,336.137,256.775,11.608,438.407,293.258,373.005,145.662,71.292,433.966,537.676,52.833,606.011
"Buffalo",682.473,559.413,428.264,715.508,676.99,438.3,823.444,0,503.938,457.006,647.401,546.571,833.856,597.899,747.927,246.782,628.223,551.312,639.228,295.219,639.844,394.986,283.602,420.1,756.976,573.549,305.119,630.057,488.408,636.112,45.564,378.424,703.592,451.541,630.403,539.228,593.679,613.028,587.044,674.046,649.938,483.405,520.489,685.245,420.401,143.794,468.558,610.508,741.146,793.792,369.116,189.51,715.278,353.703,580.738,563.775,819.733,373.365,552.381,465.264,680.705,761.63,418.758,309.987,770.749,209.41
"Butte",455.438,303.469,134.453,250.825,456.881,405.319,362.015,504.094,0,261.119,191.755,398.005,335.961,447.512,391.428,383.558,271.724,402.746,508.429,416.507,190.065,361.219,310.707,305.699,310.255,99.383,202.876,512.126,255.145,279.613,549.658,182.295,252.816,220.182,174.757,239.62,119.539,356.085,446.47,212.057,200.159,126.906,499.814,328.746,401.136,360.975,368.747,330.489,384.647,437.293,207.588,321.516,253.289,272.688,618.113,264.167,358.304,173.712,80.949,38.914,229.929,310.783,359.991,320.35,294.137,308.766
"Campbell",241.664,111.423,374.946,293.442,229.998,154.531,401.378,456.959,261.065,0,225.335,147.217,411.79,198.545,325.861,457.81,206.157,151.958,239.874,550.55,217.778,110.431,479.798,73.045,334.91,203.649,257.593,230.703,40.418,214.046,502.523,116.497,281.526,40.937,208.337,122.387,223.779,164.039,197.503,251.98,227.872,133.443,249.026,263.179,150.348,397.774,117.959,186.506,319.08,275.785,448.081,395.768,293.212,103.665,294.225,139.773,397.667,122.11,194.357,272.011,258.639,339.564,109.203,158.797,348.683,247.815
"Charles Mix",289.989,178.5,298.404,69.113,291.432,284.203,180.303,647.723,191.919,225.674,0,278.103,154.249,308.952,225.979,527.187,108.736,282.844,342.98,629.237,35.22,291.366,474.658,253.98,153.735,97.959,346.505,346.677,185.495,114.164,693.287,270.825,81.704,222.12,16.997,133.849,92.853,220.28,310.665,30.345,60.396,165.716,376.008,156.536,331.283,504.604,249.437,170.568,189.526,271.844,371.539,465.145,71.577,320.74,452.664,139.181,176.592,262.242,110.992,202.865,58.817,142.307,290.138,377.254,112.425,429.846
"Clark",135.91,97.452,511.799,271.713,130.427,126.991,298.251,546.674,397.918,147.217,277.947,0,308.663,51.336,222.996,594.663,183.255,4.749,92.665,687.403,242.727,164.006,616.651,126.62,245.707,337.637,394.446,83.494,142.929,179.889,592.238,253.35,232.481,177.79,276.114,163.435,337.152,68.888,50.294,276.929,232.238,270.296,146.216,155.605,186.353,534.627,89.921,136.852,215.953,169.307,584.934,532.621,287.263,193.38,147.016,136.55,294.54,258.963,330.685,408.864,236.91,263.437,144.846,249.894,254.346,337.53
"Clay",184.572,276.876,445.074,89.358,186.015,420.932,11.594,814.638,338.589,392.589,156.882,309.454,0,260.099,118.167,694.102,190.187,304.704,237.563,796.152,172.208,463.684,716.09,420.895,74.485,239.19,513.42,241.26,352.41,185.269,860.202,437.74,110.25,389.035,173.88,273.13,234.084,229.204,271.653,136.424,165.229,332.631,407.964,142.487,484.148,671.519,390.151,212.803,100.247,166.427,518.209,632.06,101.159,487.655,347.247,247.525,22.718,429.157,281.208,349.535,133.612,52.954,445.076,548.786,41.662,596.761
"Codington",86.582,145.64,561.329,317.156,81.099,154.26,248.923,598.007,447.448,198.55,309.668,51.341,259.335,0,173.668,645.996,205.798,46.591,43.337,738.736,273.687,199.043,667.984,177.953,196.379,386.852,445.779,34.166,194.262,201.167,643.571,304.683,229.246,229.123,325.378,207.882,386.367,91.431,7.791,302.444,251.741,319.826,156.374,152.37,222.721,585.96,126.289,159.395,166.625,119.979,634.464,583.954,306.766,244.713,95.657,184.738,245.212,310.296,379.9,458.394,256.413,214.109,181.214,286.932,288.174,388.863
"Corson",97.443,209.852,505.343,176.369,98.886,333.803,108.136,747.614,391.462,325.565,211.326,222.325,118.548,172.97,0,627.078,123.163,217.575,150.434,729.128,175.345,376.555,649.066,353.871,55.592,297.306,446.396,154.131,285.386,118.245,793.178,370.716,128.086,322.011,235.832,206.106,296.821,162.18,184.524,200.616,153.399,265.607,320.835,75.463,397.019,604.495,303.022,145.779,20.874,49.85,578.478,565.036,197.415,420.631,260.118,180.501,104.425,362.133,290.354,402.408,153.064,73.322,357.947,461.657,147.387,529.737
"Custer",691.429,539.46,226.057,595,692.872,598.256,702.936,255.575,383.43,458.717,526.893,595.603,713.348,646.931,627.419,0,507.715,600.344,744.42,102.049,519.336,554.942,49.76,501.397,636.468,453.041,201.582,748.117,456.085,515.604,301.139,344.607,583.084,419.218,509.895,475.611,473.171,592.076,645.889,553.538,529.43,362.897,692.751,564.737,594.073,112.456,566.345,566.48,620.638,673.284,152.9,66.784,594.77,435,854.104,500.158,699.225,339.548,431.873,344.756,560.197,641.122,557.589,482.662,650.241,309.403
"Davison",187.512,84.287,385.512,91.059,188.955,236.629,199.019,627.783,271.631,205.734,109.511,183.276,209.431,205.814,123.502,507.247,0,178.526,240.503,609.297,73.53,271.426,529.235,234.04,132.551,177.475,326.565,244.2,165.555,9.848,673.347,250.885,79.143,202.18,116.001,86.275,176.99,114.387,204.772,102.287,51.584,145.776,279.644,53.76,295.991,484.664,201.863,59.408,116.721,169.367,458.647,445.205,106.609,300.8,350.187,54.936,195.308,242.302,170.523,282.577,56.256,137.205,270.198,357.314,134.371,409.906
"Day",131.16,102.193,516.54,266.963,125.677,131.732,293.501,551.415,402.659,151.958,282.688,4.749,303.913,46.586,218.246,599.404,178.505,0,87.915,692.144,247.468,168.747,621.392,131.361,240.957,342.378,399.187,78.744,147.67,175.139,596.979,258.091,227.731,182.531,280.855,168.176,341.893,64.138,45.544,278.191,227.488,275.037,141.466,150.855,191.094,539.368,94.662,132.102,211.203,164.557,589.675,537.362,282.513,198.121,142.266,141.291,289.79,263.704,335.426,413.605,232.16,258.687,149.587,254.635,249.596,342.271
"Deuel",64.678,162.551,622.183,295.252,59.195,204.284,227.019,639.472,508.302,240.015,328.166,92.806,237.431,43.451,151.764,743.918,240.003,88.056,0,845.968,292.185,247.036,765.906,219.418,174.475,414.146,563.236,24.589,226.676,235.085,685.036,339.75,246.969,264.19,352.672,224.793,413.661,108.342,55.005,319.499,270.239,382.447,191.316,192.303,267.5,721.335,173.503,178.726,144.721,98.075,695.318,681.876,316.298,286.178,130.599,201.649,223.308,345.363,407.194,519.248,271.947,192.205,228.428,332.138,266.27,430.328
"Dewey",793.465,641.496,281.958,697.036,794.908,657.944,804.972,295.096,416.414,551.18,628.929,688.066,815.384,739.394,729.455,102.035,609.751,692.807,846.456,0,621.372,614.63,107.413,561.085,738.504,487.829,303.618,850.153,548.548,617.64,340.66,437.07,685.12,511.681,611.931,577.647,507.985,694.112,743.17,655.574,631.466,464.933,738.518,666.773,638.43,153.418,624.684,668.516,722.674,775.32,208.801,168.82,696.806,494.688,798.767,602.194,801.261,432.011,469.395,377.74,662.233,743.158,613.34,528.016,752.277,350.395
"Douglas",254.769,143.28,296.683,74.782,256.212,248.983,184.23,640.186,190.198,218.137,35.22,242.883,159.918,273.732,190.759,519.65,73.516,247.624,307.76,621.7,0,281.267,541.638,243.881,135.272,116.223,338.968,311.457,177.958,78.944,685.75,263.288,62.866,214.583,52.218,98.629,123.76,185.06,275.445,34.202,25.176,158.179,340.788,121.316,308.345,497.067,214.217,135.348,154.306,236.624,369.818,457.608,75.434,310.641,417.444,103.961,180.519,254.705,109.271,201.144,39.979,123.469,280.039,367.155,118.094,422.309
"Edmunds",290.295,178.835,475.013,359.167,284.812,44.106,452.636,394.98,361.132,110.431,291.06,164.006,463.048,199.061,377.381,557.877,271.882,168.747,247.05,614.649,283.503,0,579.865,54.354,400.092,303.716,357.66,237.879,106.143,279.771,440.544,216.564,347.251,141.004,274.062,188.112,323.846,230.463,192.064,317.705,293.597,233.51,138.601,328.904,39.923,461.873,73.578,253.918,370.338,323.692,548.148,495.835,358.937,120.222,198.85,207.185,448.925,222.177,294.424,372.078,324.364,405.289,23.778,85.894,414.408,264.517
"Fall River",713.12,561.151,176.296,616.691,714.563,619.947,724.627,281.904,310.752,480.408,474.539,617.294,735.039,668.622,649.11,49.738,529.406,622.035,766.111,107.184,541.027,576.633,0,523.088,658.159,382.167,223.273,769.808,477.776,537.295,327.468,366.298,604.775,440.909,457.541,497.302,402.323,613.767,667.58,494.841,551.121,384.588,714.442,586.428,615.764,138.785,588.036,588.171,642.329,694.975,103.139,92.203,536.073,456.691,875.795,521.849,720.916,361.239,363.733,272.078,581.888,662.813,579.28,504.353,671.932,335.732
"Faulk",262.372,141.299,408.623,321.631,256.889,98.454,429.567,420.053,305.645,72.895,253.524,126.47,439.979,177.798,354.05,500.473,234.346,131.211,219.127,561.041,245.967,54.354,522.461,0,363.099,248.229,300.256,209.956,68.607,242.235,465.617,159.16,309.715,85.517,236.526,150.576,268.359,192.927,182.084,280.169,256.061,178.023,192.949,291.368,94.271,408.265,63.598,216.382,347.269,295.769,481.758,438.431,321.401,66.759,254.688,169.649,425.856,164.773,238.937,316.591,286.828,367.753,53.126,121.891,376.872,210.909
"Grant",121.336,219.37,416.74,120.645,122.779,357.696,63.273,757.132,310.255,335.083,153.735,246.218,73.685,196.863,54.931,636.596,132.681,241.468,174.327,738.646,135.295,400.448,658.584,363.389,0,236.28,455.914,178.024,294.904,127.763,802.696,380.234,72.414,331.529,170.733,215.624,242.552,171.698,208.417,144.892,113.349,275.125,344.728,84.981,420.912,614.013,326.915,155.297,37.011,103.191,489.875,574.554,141.691,430.149,284.011,190.019,59.562,371.651,229.328,321.201,97.392,17.65,381.84,485.55,91.663,539.255
"Gregory",361.206,238.057,205.884,151.442,362.649,343.76,262.632,573.528,99.399,203.193,97.982,337.66,236.578,386.93,297.196,452.992,177.492,342.401,414.197,487.938,116.041,303.293,382.138,247.773,236.231,0,272.31,417.894,197.219,185.381,619.092,196.63,178.792,162.256,100.733,181.694,20.156,291.236,381.621,112.674,126.135,91.521,435.565,234.514,343.21,430.409,308.994,236.257,255.265,343.061,279.019,390.95,153.906,263.224,523.881,198.738,258.921,188.047,29.282,110.345,150.18,236.759,302.065,318.356,194.754,355.651
"Haakon",510.833,358.864,127.16,414.404,512.276,397.751,522.34,305.119,202.834,258.212,346.297,395.098,532.752,446.426,446.823,201.311,327.119,399.839,563.824,303.361,338.74,354.437,223.299,300.892,455.872,272.445,0,466.147,255.58,335.008,350.683,144.102,402.488,218.713,329.299,295.015,292.575,411.48,445.384,372.942,348.834,182.301,492.246,384.141,393.568,178.728,365.84,385.884,440.042,492.688,200.295,139.269,414.174,234.495,542.106,319.562,518.629,139.043,251.277,164.16,379.601,460.526,357.084,282.157,469.645,167.277
"Hamlin",67.86,147.266,625.365,298.434,62.377,195.655,230.201,630.843,511.484,231.386,331.348,84.177,240.613,34.822,154.946,747.1,243.185,79.427,24.589,849.15,295.367,238.407,769.088,210.789,177.657,417.328,465.561,0,211.391,238.267,676.407,324.465,250.151,248.905,355.854,209.508,416.843,93.057,46.376,322.681,273.421,385.629,182.687,153.999,258.871,605.742,164.874,161.021,147.903,101.257,698.5,685.058,319.48,277.549,121.97,186.364,226.49,330.078,410.376,522.43,275.129,195.387,219.799,323.509,269.452,421.699
"Hand",202.076,71.835,368.972,253.296,190.41,150.243,361.232,488.445,255.091,40.451,185.189,142.929,371.644,194.257,285.715,455.211,166.011,147.67,226.682,547.951,177.632,106.143,477.199,68.757,294.764,197.675,254.994,211.397,0,173.9,534.009,113.898,241.38,38.338,168.191,82.241,203.837,124.451,193.215,211.834,187.726,127.469,244.738,223.033,146.06,395.175,113.671,146.918,278.934,236.197,442.107,393.169,253.066,135.517,289.937,100.185,357.521,119.511,188.383,266.037,218.493,299.418,104.915,192.031,308.537,279.301
"Hanson",182.615,88.736,393.542,96.708,184.058,244.659,194.122,635.813,279.661,213.764,115.16,179.889,204.534,201.212,118.605,515.277,9.826,175.139,235.606,617.327,79.179,279.456,537.265,242.07,127.654,185.505,334.595,239.303,173.585,0,681.377,258.915,84.792,210.21,124.031,94.305,185.02,111,201.385,107.936,57.233,153.806,284.093,48.796,304.021,492.694,209.893,56.066,111.824,164.47,466.677,453.235,112.258,308.83,345.29,59.385,190.411,250.332,178.553,290.607,61.905,132.308,278.228,365.344,141.427,417.936
"Harding",728.037,604.977,473.828,761.072,722.554,483.864,869.008,45.564,549.502,502.57,692.965,592.135,879.42,643.463,793.491,292.346,673.787,596.876,684.792,340.783,685.408,440.55,329.166,465.664,802.54,619.113,350.683,675.621,533.972,681.676,0,423.988,749.156,497.105,675.967,584.792,639.243,658.592,632.608,719.61,695.502,528.969,566.053,730.809,465.965,189.358,514.122,656.072,786.71,839.356,414.68,235.074,760.842,399.267,626.302,609.339,865.297,418.929,597.945,510.828,726.269,807.194,464.322,355.551,816.313,254.974
"Hughes",315.065,184.824,253.431,339.695,303.399,255.99,447.631,379.369,183.268,116.451,271.588,253.337,458.043,304.665,372.114,345.281,252.41,258.078,339.671,438.021,264.031,212.676,367.269,159.131,381.163,197.736,145.064,324.386,113.819,260.299,424.933,0,327.779,76.952,254.59,164.519,217.866,237.44,303.623,298.233,274.125,107.592,350.485,309.432,251.807,285.245,224.079,235.799,365.333,335.375,326.566,283.239,339.465,92.734,400.345,189.066,443.92,9.581,176.568,164.806,304.892,385.817,215.323,140.396,394.936,173.59
"Hutchinson",193.77,165.835,359.273,48.621,195.213,312.443,122.272,703.597,252.788,281.548,81.699,232.481,110.258,229.291,127.365,583.061,79.124,227.731,246.761,685.111,62.861,347.24,605.049,309.854,72.414,178.813,402.379,250.458,241.369,84.552,749.161,326.699,0,277.994,98.697,162.089,170.239,163.592,236.495,74.475,55.882,221.59,349.899,76.875,371.805,560.478,277.677,140.956,109.445,175.625,432.408,521.019,78.797,376.614,356.445,136.484,118.561,318.116,171.861,263.734,25.356,60.986,346.012,433.128,63.795,485.72
"Hyde",239.551,109.31,334.009,289.921,227.885,185.137,397.857,451.545,220.128,40.937,221.814,177.823,408.269,229.151,322.34,418.311,202.636,182.564,264.157,511.051,214.257,141.037,440.299,85.517,331.389,162.712,218.094,248.872,38.305,210.525,497.109,76.998,278.005,0,204.816,118.866,182.842,161.926,228.109,248.459,224.351,92.506,279.632,259.658,180.954,358.275,148.565,190.146,315.559,273.672,407.144,356.269,289.691,100.968,324.831,143.413,394.146,82.611,153.42,231.074,255.118,336.043,139.809,156.1,345.162,242.401
"Jackson",299.708,176.511,281.406,86.111,301.151,282.214,197.301,630.725,174.921,208.676,16.997,276.114,171.247,325.432,235.698,510.189,115.994,280.855,352.699,612.239,52.218,274.368,457.66,236.982,178.027,100.946,329.507,356.396,168.497,123.883,676.289,253.827,98.702,205.122,0,131.86,108.787,229.738,320.123,47.343,67.931,148.718,374.019,173.016,314.285,487.606,247.448,174.759,197.061,281.563,354.541,448.147,88.575,303.742,462.383,137.192,193.59,245.244,93.994,185.867,75.815,159.305,273.14,360.256,129.423,412.848
"Jerauld",189.001,63.849,353.447,174.167,180.973,169.552,282.103,539.24,239.566,122.42,133.675,163.452,292.515,207.892,206.586,475.182,79.155,168.193,224.808,577.232,98.455,188.112,497.17,150.726,215.635,182.15,294.5,209.523,82.241,94.771,584.804,164.526,162.251,118.866,131.842,0,192.88,116.465,206.85,132.657,108.549,111.944,261.357,128.611,228.029,452.599,134.786,71.28,199.805,170.856,426.582,413.14,173.889,217.486,303.572,24.547,278.392,169.452,172.858,250.512,139.364,220.289,186.884,274,229.408,333.461
"Jones",360.747,237.598,226.04,146.336,362.19,343.301,257.526,593.684,119.555,223.349,92.876,337.201,231.472,386.471,296.737,473.148,177.033,341.942,413.738,508.094,123.76,323.449,402.294,267.929,242.552,20.156,292.466,417.435,203.984,184.922,639.248,216.786,172.14,182.412,108.81,201.85,0,290.777,381.162,107.568,125.676,111.677,435.106,234.055,363.366,450.565,308.535,235.798,254.806,342.602,299.175,411.106,148.8,283.38,523.422,198.279,253.815,208.203,49.438,130.501,145.074,224.894,322.221,338.512,189.648,375.807
"Kingsbury",78.629,54.208,469.897,202.824,66.963,189.394,238.198,613.131,356.016,164.115,221.276,68.888,248.61,91.426,162.681,591.632,114.366,64.138,108.342,693.682,185.295,230.463,613.62,193.077,171.73,291.194,410.95,93.057,124.488,111,658.695,237.562,163.592,162.002,229.72,116.45,290.709,0,90.384,214.052,163.349,228.394,186.306,86.716,255.233,518.839,158.801,67.963,155.9,112.75,543.032,529.59,218.374,259.837,187.106,93.306,234.487,243.175,284.242,366.962,168.021,176.384,213.726,316.351,185.457,403.987
"Lake",98.064,144.547,560.236,328.638,92.581,147.284,260.405,589.042,446.355,197.457,317.395,50.248,270.817,7.812,185.15,644.903,204.705,45.498,54.819,743.129,281.414,192.067,666.891,182.087,207.861,381.533,444.686,45.648,193.169,201.339,634.606,303.59,236.973,228.03,320.059,206.789,381.048,90.338,0,310.171,259.468,318.733,144.196,160.097,215.745,590.353,119.313,158.302,178.107,131.461,633.371,582.861,314.493,248.847,99.526,183.645,256.694,309.203,374.581,457.301,264.14,225.591,174.238,279.956,299.656,392.997
"Lawrence",266.339,177.482,318.558,48.676,267.782,283.185,159.866,674.388,212.073,252.339,30.366,277.085,133.812,302.489,199.934,553.852,102.273,277.956,319.33,600.612,34.202,315.469,494.812,278.083,144.892,112.674,373.17,323.027,212.16,107.701,719.952,297.49,74.48,248.785,47.364,132.831,107.568,213.817,304.202,0,59.378,192.381,374.99,150.073,342.547,531.269,248.419,164.105,182.014,248.194,391.693,491.81,40.949,344.843,429.014,138.163,156.155,288.907,143.473,223.019,47.414,127.234,314.241,401.357,91.988,456.511
"Lincoln",232.823,138.281,306.621,67.803,234.266,258.921,177.251,650.124,200.136,228.075,60.396,232.003,152.939,251.786,168.813,529.588,51.57,227.253,285.814,631.638,25.176,291.205,551.576,253.819,113.326,126.161,348.906,289.511,187.896,56.998,695.688,273.226,55.887,224.521,67.931,108.567,125.676,163.114,253.499,59.378,0,168.117,350.726,99.37,318.283,507.005,224.155,113.402,132.36,214.678,379.756,467.546,83.353,320.579,395.498,113.899,173.54,264.643,119.209,211.082,33,113.854,289.977,377.093,111.115,432.247
"Lyman",330.005,175.793,240.833,233.576,331.448,277.643,341.512,483.104,126.952,133.443,165.469,270.329,351.924,319.836,265.995,362.568,146.291,275.07,382.996,464.618,157.912,233.543,384.556,178.023,275.044,91.617,181.886,386.693,127.469,154.18,528.668,106.206,221.66,92.506,148.471,111.944,111.747,228.409,318.794,192.114,168.006,0,372.138,203.313,273.46,339.985,241.071,205.056,259.214,311.86,313.968,300.526,233.346,196.599,492.68,136.491,337.801,97.623,82.325,137.898,198.773,279.698,232.315,244.261,288.817,265.227
"Marshall",234.256,195.357,600.087,373.263,228.773,97.483,396.597,520.456,499.774,249.073,375.852,146.247,407.009,155.641,321.342,691.937,279.583,141.497,191.011,738.488,340.632,138.648,713.925,192.996,344.053,435.542,491.72,181.84,244.785,284.253,566.02,350.624,349.93,279.646,374.019,261.34,435.057,186.337,144.224,374.834,333.788,372.152,0,273.054,100.087,585.712,129.726,254.301,314.299,267.653,673.222,629.895,388.813,258.864,60.71,234.455,392.886,356.237,428.59,510.72,338.46,361.783,139.875,223.75,371.795,388.356
"McCook",139.974,133.532,442.518,127.722,115.49,293.635,151.481,684.789,328.637,262.74,157.297,155.605,161.893,152.415,75.964,564.253,60.338,150.855,192.965,666.303,121.316,328.432,586.241,291.046,85.013,234.481,383.571,154.043,222.561,48.796,730.353,307.891,76.875,259.186,173.007,143.281,233.996,86.716,159.619,150.073,99.37,202.782,273.023,0,352.997,541.67,258.869,70.315,69.183,121.829,515.653,502.211,154.395,357.806,248.095,104.181,147.77,299.308,227.529,339.583,104.042,89.667,327.204,414.32,98.74,466.912
"McPherson",310.778,205.852,501.362,383.84,305.295,62.802,473.119,420.368,401.049,150.348,330.977,186.321,483.531,222.707,397.864,593.212,296.555,191.062,267.533,638.4,308.128,39.923,615.2,94.271,420.575,343.633,392.995,258.362,146.06,304.444,465.932,251.899,371.924,180.921,313.979,228.029,363.763,255.201,215.71,342.33,318.222,273.427,100.087,353.577,0,485.624,97.224,280.935,390.821,344.175,574.497,531.17,383.562,160.139,160.336,234.202,469.408,257.512,334.341,411.995,349.037,438.305,41.15,125.025,439.081,288.268
"Meade",668.815,516.846,285.142,572.386,670.258,505.318,680.322,143.941,360.816,398.554,504.279,535.44,690.734,586.768,604.805,111.966,485.101,540.181,721.806,153.418,496.722,462.004,140.48,408.459,613.854,430.427,178.968,606.489,395.922,492.99,189.505,284.444,560.47,359.055,487.281,452.997,450.557,569.462,590.544,530.924,506.816,340.283,585.892,542.123,485.804,0,472.058,543.866,598.024,650.67,225.994,46.388,572.156,342.062,646.141,477.544,676.611,279.385,409.259,322.142,537.583,618.508,460.714,375.39,627.627,197.769
"Mellette",216.559,111.816,482.572,289.804,211.076,37.894,378.9,470.553,368.691,117.99,249.312,89.921,389.312,126.307,303.645,565.436,202.519,94.662,173.314,624.64,214.092,73.578,587.424,63.598,326.356,309.002,365.219,164.143,113.702,210.408,516.117,224.123,277.888,148.563,247.479,134.8,308.517,158.801,119.31,248.294,224.186,241.069,129.726,245.518,97.256,471.864,0,186.899,296.602,249.956,555.707,503.394,289.526,130.358,191.914,140.166,375.189,229.736,302.05,379.637,255.001,344.086,55.749,161.467,345.045,274.508
"Miner",130.705,76.201,444.252,153.067,122.677,221.622,221.797,610.525,330.371,186.636,171.519,136.852,232.209,159.39,146.28,565.987,59.387,132.102,176.306,668.037,135.538,253.906,587.975,216.52,155.329,236.215,385.305,161.021,147.009,56.066,656.089,235.811,141.151,190.151,174.741,71.285,235.73,67.963,158.348,164.295,113.592,204.516,254.27,70.315,280.984,543.404,186.856,0,139.499,112.56,517.387,503.945,168.617,283.28,255.07,46.85,218.086,240.737,229.263,341.317,118.264,159.983,252.678,339.794,169.056,404.746
"Minnehaha",90.837,203.501,498.992,157.016,92.28,327.197,88.783,741.263,385.111,319.214,190.25,215.719,99.195,166.364,20.485,620.727,116.812,210.969,143.828,722.777,154.269,369.949,642.715,347.52,36.239,255.254,440.045,147.525,279.035,111.894,786.827,364.365,108.733,315.66,197.024,199.755,254.769,155.829,177.918,181.263,132.323,259.256,314.229,69.112,390.413,598.144,296.416,139.428,0,72.692,572.127,558.685,178.062,414.28,253.512,174.15,85.072,355.782,248.302,396.057,133.711,53.969,351.341,455.051,128.034,523.386
"Moody",34.776,166.007,550.874,223.943,45.894,280.811,155.71,793.145,436.993,275.914,256.857,169.333,166.122,119.978,49.85,672.609,168.694,164.583,97.442,774.659,220.876,323.563,694.597,295.945,103.166,342.837,491.927,101.139,236.287,163.776,838.709,335.286,175.66,273.801,281.363,170.76,342.352,112.803,131.532,248.19,198.93,311.138,267.843,120.994,344.027,650.026,250.03,112.459,73.412,0,624.009,610.567,244.989,362.705,207.126,146.325,151.999,407.664,335.885,447.939,200.638,120.896,304.955,408.665,194.961,506.855
"Oglala Lakota",642.399,490.43,73.157,430.47,643.842,579.451,541.66,367.398,207.613,448.08,371.4,584.966,515.606,634.473,578.389,152.858,458.685,589.707,695.39,208.919,369.71,548.18,103.119,492.66,489.9,279.028,200.416,699.087,442.106,466.574,412.962,325.802,432.461,407.143,354.402,426.581,299.184,543.046,633.431,391.702,379.804,313.867,673.946,515.707,575.268,224.279,555.708,517.45,571.608,624.254,0,177.697,432.934,416.195,805.074,451.128,537.949,317.219,260.594,168.939,409.574,490.428,546.952,463.857,473.782,360.052
"Pennington",626.982,475.013,243.309,530.553,628.425,533.809,638.489,190.348,318.983,394.27,462.446,531.156,648.901,582.484,562.972,66.531,443.268,535.897,679.973,168.581,454.889,490.495,92.31,436.95,572.021,388.594,137.135,683.67,391.638,451.157,235.912,280.16,518.637,354.771,445.448,411.164,408.724,527.629,581.442,489.091,464.983,298.45,628.304,500.29,529.626,47.229,501.898,502.033,556.191,608.837,177.824,0,530.323,370.553,789.657,435.711,634.778,275.101,367.426,280.309,495.75,576.675,493.142,418.215,585.794,244.176
"Perkins",263.165,193.328,360.081,27.267,264.608,324.708,109.898,715.911,253.596,293.862,71.889,287.05,98.771,306.833,196.76,595.375,106.617,282.3,316.156,642.135,75.725,356.992,536.335,319.606,141.718,154.197,414.693,319.853,253.683,112.045,761.475,339.013,78.824,290.308,88.887,174.354,149.091,218.161,308.546,40.949,83.375,233.904,388.685,154.417,384.07,572.792,289.942,168.449,178.84,245.02,433.216,533.333,0,386.366,425.84,163.977,121.022,330.43,184.996,264.542,51.758,124.06,355.764,442.88,56.947,498.034
"Potter",329.132,208.059,342.226,388.391,323.649,164.342,496.327,353.656,272.063,103.665,320.284,193.23,506.739,244.558,420.81,434.076,301.106,197.971,285.887,494.644,312.727,120.242,456.064,66.759,429.859,263.68,233.859,276.716,135.367,308.995,399.22,92.763,376.475,100.968,303.286,217.336,283.81,259.687,248.844,346.929,322.821,193.474,258.837,358.128,160.159,341.868,130.358,283.142,414.029,362.529,415.361,372.034,388.161,0,319.086,236.409,492.616,98.376,254.388,253.601,353.588,434.513,119.014,64.807,443.632,144.512
"Roberts",173.55,240.684,731.055,404.124,168.067,157.732,335.891,580.705,617.174,293.594,437.038,146.385,346.303,94.935,260.636,741.04,348.875,141.635,130.305,798.737,401.057,198.897,763.028,253.729,283.347,523.018,540.823,121.134,289.306,343.957,626.269,399.727,355.841,324.167,461.544,302.926,522.533,186.475,98.782,428.371,379.111,491.319,60.721,247.414,160.336,645.961,190.955,254.439,253.593,206.947,804.19,678.998,425.17,320.489,0,279.782,332.18,405.34,516.066,628.12,380.819,301.077,200.124,283.999,375.142,448.605
"Sanborn",164.566,39.253,377.994,148.4,156.538,174.884,256.336,563.787,264.113,139.898,139.042,136.705,266.748,184.847,180.819,499.729,54.72,141.446,201.763,601.779,103.822,207.168,521.717,169.782,189.868,198.732,319.047,186.478,100.271,59.39,609.351,189.073,136.484,143.413,137.209,24.547,198.247,93.42,183.805,138.024,86.602,136.491,234.61,104.176,234.246,477.146,140.118,46.845,174.038,146.421,451.129,437.687,163.95,236.542,280.527,0,252.625,193.999,191.78,275.059,113.597,194.522,205.94,293.056,203.641,358.008
"Spink",169.645,282.309,464.727,111.442,171.088,406.005,10.54,820.071,358.242,398.022,176.535,294.527,22.505,245.172,103.24,699.535,195.62,289.777,222.636,801.585,180.441,448.757,721.523,426.328,59.558,258.843,518.853,226.333,357.843,190.702,865.635,443.173,118.483,394.468,193.533,278.563,253.737,234.637,256.726,156.077,173.462,338.064,393.037,147.92,469.221,676.952,375.224,218.236,85.32,151.5,537.862,637.493,123.243,493.088,332.32,252.958,0,434.59,289.441,369.188,141.845,67.475,430.149,533.859,63.746,602.194
"Stanley",321.307,191.066,243.85,330.114,309.641,262.232,438.05,373.383,173.687,122.693,262.007,259.579,448.462,310.907,362.533,339.295,242.829,264.32,345.913,432.035,254.45,218.918,361.283,165.373,371.582,188.155,139.078,330.628,120.061,250.718,418.947,8.583,318.198,83.194,245.009,169.387,208.285,243.682,309.865,288.652,264.544,98.011,356.727,299.851,258.049,279.259,230.321,240.667,355.752,408.398,316.985,277.253,329.884,98.976,406.587,193.934,434.339,0,166.987,155.225,295.311,376.236,221.565,146.638,385.355,167.604
"Sully",354.28,231.131,187.411,183.782,355.723,336.834,293.23,552.451,80.926,193.927,110.805,330.734,268.918,380.004,290.27,431.915,170.566,335.475,407.271,469.465,109.115,294.027,363.665,238.507,229.305,29.308,251.233,410.968,187.953,178.455,598.015,175.553,171.866,152.99,93.807,172.428,49.438,284.31,374.695,143.317,119.209,82.255,428.639,227.588,333.944,409.332,302.068,229.331,248.339,336.135,260.546,369.873,184.549,253.958,516.955,191.812,289.519,166.97,0,91.872,148.979,229.833,292.799,309.09,227.094,334.574
"Todd",466.384,314.415,95.777,261.771,467.827,416.265,372.961,465.418,38.914,272.065,202.701,408.951,346.907,458.458,402.374,344.882,282.67,413.692,519.375,377.831,201.011,372.165,272.031,316.645,321.201,110.329,164.2,523.072,266.091,290.559,510.982,164.056,263.762,231.128,185.703,250.566,130.485,367.031,457.416,223.003,211.105,137.852,510.76,339.692,412.082,322.299,379.693,341.435,395.593,448.239,168.912,282.84,264.235,254.449,629.059,275.113,369.25,155.473,91.895,0,240.875,321.729,370.937,302.111,305.083,270.09
"Tripp",237.495,142.953,336.391,36.595,238.938,289.561,146.043,680.715,229.906,258.666,58.817,236.675,121.731,256.458,152.343,560.179,56.242,231.925,290.486,662.229,39.979,324.358,582.167,286.972,97.392,150.589,379.497,294.183,218.487,61.67,726.279,303.817,25.361,255.112,75.815,139.207,145.483,167.786,258.171,47.823,33,198.708,338.31,104.042,348.923,537.596,254.795,118.074,137.032,219.35,409.526,498.137,52.145,353.732,400.17,113.602,142.332,295.234,148.979,240.852,0,85.964,323.13,410.246,79.907,462.838
"Turner",139.006,223.832,417.268,103.089,140.449,375.366,71.304,761.594,310.783,339.545,142.307,263.888,52.962,214.533,72.601,641.058,137.143,259.138,191.997,743.108,123.469,405.237,663.046,367.851,17.65,230.102,460.376,195.694,299.366,132.225,807.158,384.696,60.986,335.991,159.305,220.086,224.996,176.16,226.087,127.336,113.877,279.587,362.398,89.443,438.582,618.475,344.585,159.759,54.681,120.861,490.403,579.016,124.135,434.611,301.681,194.481,67.593,376.113,229.856,321.729,85.964,0,399.51,491.125,74.107,543.717
"Union",271.501,177.607,473.785,357.939,266.018,45.333,433.842,418.752,359.904,109.203,289.832,144.863,444.254,181.249,358.587,556.649,270.654,149.604,228.256,613.276,282.275,23.778,578.637,53.126,381.298,302.488,356.432,219.085,104.915,278.543,464.316,215.336,346.023,139.776,272.834,186.884,322.618,213.743,174.252,316.477,292.369,232.282,139.828,327.676,41.15,460.5,55.766,252.69,351.544,304.898,546.92,494.607,357.709,118.994,200.077,205.957,430.131,220.949,293.196,370.85,323.136,404.061,0,109.666,413.18,263.144
"Walworth",375.44,264.766,389.786,445.098,369.957,129.251,537.781,310.024,319.623,158.852,376.991,249.937,548.193,284.992,462.526,481.636,357.813,254.678,332.195,528.056,369.434,85.937,503.624,121.946,485.237,318.867,281.419,323.024,192.074,365.702,355.588,140.323,433.182,156.155,359.993,274.043,338.997,316.394,277.995,403.636,379.528,243.947,220.197,414.835,120.109,375.28,159.509,339.849,455.483,408.837,462.921,419.594,444.868,64.76,280.446,293.116,534.07,145.936,312.923,301.161,410.295,491.22,109.709,0,500.339,177.924
"Yankton",213.095,233.16,403.411,47.695,214.538,379.768,52.95,770.922,296.926,348.873,115.219,254.331,41.823,251.141,146.69,650.386,146.471,249.581,266.086,752.436,120.647,414.565,672.374,377.179,91.648,197.527,469.704,269.783,308.694,141.553,816.486,394.024,63.78,345.319,132.217,229.414,192.421,185.442,300.176,94.761,113.668,288.915,371.749,98.725,439.13,627.803,345.002,169.041,128.77,194.95,476.546,588.344,59.496,443.939,375.77,203.809,64.074,385.441,229.647,307.872,82.051,73.99,413.337,500.453,0,553.045
"Ziebach",473.329,350.269,287.019,497.7,467.846,307.815,605.636,209.245,308.727,247.862,429.593,337.427,616.048,388.755,530.119,308.751,410.415,342.168,430.084,350.233,422.036,264.501,337.265,210.956,539.168,355.741,167.112,420.913,279.264,418.304,254.809,172.645,485.784,242.397,412.595,333.449,375.871,403.884,393.041,456.238,432.13,265.597,388.389,467.437,288.301,197.457,274.555,404.729,523.338,506.726,360.154,243.173,497.47,144.559,448.638,357.996,601.925,167.586,334.573,270.053,462.897,543.822,263.211,177.887,552.941,0
